Timestamp,App URL,Ranking,Star Rating,Total Number of Ratings
2024-09-28 23:01:23,https://apps.apple.com/us/app/hims-telehealth-for-men/id1455690574,#10 in Medical,4.8,45.8K Ratings
2024-09-28 23:01:23,https://apps.apple.com/us/app/hers-womens-healthcare/id1623878709,#19 in Medical,4.6,4.4K Ratings
2024-09-28 23:01:23,https://apps.apple.com/us/app/ro/id1585858911,#66 in Medical,4.8,3.3K Ratings
2024-09-28 23:01:24,https://apps.apple.com/us/app/push-health-telehealth-app/id950510633,N/A,4.6,15.5K Ratings
2024-09-28 23:01:24,https://apps.apple.com/us/app/plushcare-online-doctor/id955183607,#89 in Medical,4.9,116.5K Ratings
2024-09-29 09:05:03,https://apps.apple.com/us/app/hims-telehealth-for-men/id1455690574,#5 in Medical,4.8,45.8K Ratings
2024-09-29 09:05:04,https://apps.apple.com/us/app/hers-womens-healthcare/id1623878709,#14 in Medical,4.6,4.4K Ratings
2024-09-29 09:05:04,https://apps.apple.com/us/app/ro/id1585858911,#56 in Medical,4.8,3.3K Ratings
2024-09-29 09:05:05,https://apps.apple.com/us/app/push-health-telehealth-app/id950510633,N/A,4.6,15.5K Ratings
2024-09-29 09:05:05,https://apps.apple.com/us/app/plushcare-online-doctor/id955183607,#100 in Medical,4.9,116.5K Ratings
2024-09-30 09:05:08,https://apps.apple.com/us/app/hims-telehealth-for-men/id1455690574,#5 in Medical,4.8,45.8K Ratings
2024-09-30 09:05:08,https://apps.apple.com/us/app/hers-womens-healthcare/id1623878709,#12 in Medical,4.6,4.4K Ratings
2024-09-30 09:05:08,https://apps.apple.com/us/app/ro/id1585858911,#54 in Medical,4.8,3.3K Ratings
2024-09-30 09:05:08,https://apps.apple.com/us/app/push-health-telehealth-app/id950510633,N/A,4.6,15.5K Ratings
2024-09-30 09:05:09,https://apps.apple.com/us/app/plushcare-online-doctor/id955183607,#117 in Medical,4.9,116.6K Ratings
2024-10-01 09:04:41,https://apps.apple.com/us/app/hims-telehealth-for-men/id1455690574,#11 in Medical,4.8,45.9K Ratings
2024-10-01 09:04:41,https://apps.apple.com/us/app/hers-womens-healthcare/id1623878709,#18 in Medical,4.6,4.4K Ratings
2024-10-01 09:04:42,https://apps.apple.com/us/app/ro/id1585858911,#64 in Medical,4.8,3.3K Ratings
2024-10-01 09:04:42,https://apps.apple.com/us/app/push-health-telehealth-app/id950510633,N/A,4.6,15.5K Ratings
2024-10-01 09:04:42,https://apps.apple.com/us/app/plushcare-online-doctor/id955183607,#131 in Medical,4.9,116.6K Ratings
2024-10-02 09:04:28,https://apps.apple.com/us/app/hims-telehealth-for-men/id1455690574,#13 in Medical,4.8,46K Ratings
2024-10-02 09:04:28,https://apps.apple.com/us/app/hers-womens-healthcare/id1623878709,#21 in Medical,4.6,4.4K Ratings
2024-10-02 09:04:28,https://apps.apple.com/us/app/ro/id1585858911,#71 in Medical,4.8,3.3K Ratings
2024-10-02 09:04:28,https://apps.apple.com/us/app/push-health-telehealth-app/id950510633,N/A,4.6,15.6K Ratings
2024-10-02 09:04:29,https://apps.apple.com/us/app/plushcare-online-doctor/id955183607,#141 in Medical,4.9,116.7K Ratings
2024-10-03 09:04:36,https://apps.apple.com/us/app/hims-telehealth-for-men/id1455690574,#13 in Medical,4.8,46.1K Ratings
2024-10-03 09:04:37,https://apps.apple.com/us/app/hers-womens-healthcare/id1623878709,#23 in Medical,4.6,4.4K Ratings
2024-10-03 09:04:37,https://apps.apple.com/us/app/ro/id1585858911,#63 in Medical,4.8,3.3K Ratings
2024-10-03 09:04:37,https://apps.apple.com/us/app/push-health-telehealth-app/id950510633,N/A,4.6,15.6K Ratings
2024-10-03 09:04:37,https://apps.apple.com/us/app/plushcare-online-doctor/id955183607,#135 in Medical,4.9,116.8K Ratings
2024-10-04 09:05:25,https://apps.apple.com/us/app/hims-telehealth-for-men/id1455690574,#12 in Medical,4.8,46.1K Ratings
2024-10-04 09:05:25,https://apps.apple.com/us/app/hers-womens-healthcare/id1623878709,#19 in Medical,4.6,4.5K Ratings
2024-10-04 09:05:26,https://apps.apple.com/us/app/ro/id1585858911,#65 in Medical,4.8,3.3K Ratings
2024-10-04 09:05:26,https://apps.apple.com/us/app/push-health-telehealth-app/id950510633,N/A,4.6,15.6K Ratings
2024-10-04 09:05:26,https://apps.apple.com/us/app/plushcare-online-doctor/id955183607,#133 in Medical,4.9,116.8K Ratings
2024-10-05 09:05:04,https://apps.apple.com/us/app/hims-telehealth-for-men/id1455690574,#11 in Medical,4.8,46.2K Ratings
2024-10-05 09:05:04,https://apps.apple.com/us/app/hers-womens-healthcare/id1623878709,#20 in Medical,4.6,4.5K Ratings
2024-10-05 09:05:05,https://apps.apple.com/us/app/ro/id1585858911,#72 in Medical,4.8,3.3K Ratings
2024-10-05 09:05:05,https://apps.apple.com/us/app/push-health-telehealth-app/id950510633,N/A,4.6,15.6K Ratings
2024-10-05 09:05:05,https://apps.apple.com/us/app/plushcare-online-doctor/id955183607,#123 in Medical,4.9,116.9K Ratings
2024-10-06 09:05:04,https://apps.apple.com/us/app/hims-telehealth-for-men/id1455690574,#7 in Medical,4.8,46.3K Ratings
2024-10-06 09:05:04,https://apps.apple.com/us/app/hers-womens-healthcare/id1623878709,#11 in Medical,4.6,4.5K Ratings
2024-10-06 09:05:04,https://apps.apple.com/us/app/ro/id1585858911,#56 in Medical,4.8,3.4K Ratings
2024-10-06 09:05:04,https://apps.apple.com/us/app/push-health-telehealth-app/id950510633,N/A,4.6,15.6K Ratings
2024-10-06 09:05:05,https://apps.apple.com/us/app/plushcare-online-doctor/id955183607,#105 in Medical,4.9,116.9K Ratings
2024-10-07 09:05:10,https://apps.apple.com/us/app/hims-telehealth-for-men/id1455690574,#7 in Medical,4.8,46.4K Ratings
2024-10-07 09:05:11,https://apps.apple.com/us/app/hers-womens-healthcare/id1623878709,#10 in Medical,4.6,4.5K Ratings
2024-10-07 09:05:11,https://apps.apple.com/us/app/ro/id1585858911,#51 in Medical,4.8,3.4K Ratings
2024-10-07 09:05:11,https://apps.apple.com/us/app/push-health-telehealth-app/id950510633,N/A,4.6,15.6K Ratings
2024-10-07 09:05:12,https://apps.apple.com/us/app/plushcare-online-doctor/id955183607,#110 in Medical,4.9,117K Ratings
2024-10-08 09:04:31,https://apps.apple.com/us/app/hims-telehealth-for-men/id1455690574,#11 in Medical,4.8,46.4K Ratings
2024-10-08 09:04:32,https://apps.apple.com/us/app/hers-womens-healthcare/id1623878709,#17 in Medical,4.6,4.5K Ratings
2024-10-08 09:04:32,https://apps.apple.com/us/app/ro/id1585858911,#60 in Medical,4.8,3.4K Ratings
2024-10-08 09:04:33,https://apps.apple.com/us/app/push-health-telehealth-app/id950510633,N/A,4.6,15.7K Ratings
2024-10-08 09:04:33,https://apps.apple.com/us/app/plushcare-online-doctor/id955183607,#118 in Medical,4.9,117.1K Ratings
2024-10-09 09:05:07,https://apps.apple.com/us/app/hims-telehealth-for-men/id1455690574,#13 in Medical,4.8,46.5K Ratings
2024-10-09 09:05:08,https://apps.apple.com/us/app/hers-womens-healthcare/id1623878709,#21 in Medical,4.6,4.5K Ratings
2024-10-09 09:05:08,https://apps.apple.com/us/app/ro/id1585858911,#70 in Medical,4.8,3.4K Ratings
2024-10-09 09:05:08,https://apps.apple.com/us/app/push-health-telehealth-app/id950510633,N/A,4.6,15.7K Ratings
2024-10-09 09:05:08,https://apps.apple.com/us/app/plushcare-online-doctor/id955183607,#118 in Medical,4.9,117.1K Ratings
2024-10-10 09:04:32,https://apps.apple.com/us/app/hims-telehealth-for-men/id1455690574,#13 in Medical,4.8,46.6K Ratings
2024-10-10 09:04:32,https://apps.apple.com/us/app/hers-womens-healthcare/id1623878709,#20 in Medical,4.6,4.5K Ratings
2024-10-10 09:04:32,https://apps.apple.com/us/app/ro/id1585858911,#72 in Medical,4.8,3.4K Ratings
2024-10-10 09:04:33,https://apps.apple.com/us/app/push-health-telehealth-app/id950510633,N/A,4.6,15.7K Ratings
2024-10-10 09:04:33,https://apps.apple.com/us/app/plushcare-online-doctor/id955183607,#126 in Medical,4.9,117.2K Ratings
2024-10-11 09:05:05,https://apps.apple.com/us/app/hims-telehealth-for-men/id1455690574,#13 in Medical,4.8,46.6K Ratings
2024-10-11 09:05:05,https://apps.apple.com/us/app/hers-womens-healthcare/id1623878709,#21 in Medical,4.6,4.5K Ratings
2024-10-11 09:05:06,https://apps.apple.com/us/app/ro/id1585858911,#74 in Medical,4.8,3.4K Ratings
2024-10-11 09:05:06,https://apps.apple.com/us/app/push-health-telehealth-app/id950510633,N/A,4.6,15.7K Ratings
2024-10-11 09:05:06,https://apps.apple.com/us/app/plushcare-online-doctor/id955183607,#130 in Medical,4.9,117.3K Ratings
2024-10-12 09:05:10,https://apps.apple.com/us/app/hims-telehealth-for-men/id1455690574,#12 in Medical,4.8,46.7K Ratings
2024-10-12 09:05:10,https://apps.apple.com/us/app/hers-womens-healthcare/id1623878709,#20 in Medical,4.6,4.5K Ratings
2024-10-12 09:05:10,https://apps.apple.com/us/app/ro/id1585858911,#69 in Medical,4.8,3.4K Ratings
2024-10-12 09:05:10,https://apps.apple.com/us/app/push-health-telehealth-app/id950510633,N/A,4.6,15.7K Ratings
2024-10-12 09:05:11,https://apps.apple.com/us/app/plushcare-online-doctor/id955183607,#112 in Medical,4.9,117.4K Ratings
2024-10-13 09:04:16,https://apps.apple.com/us/app/hims-telehealth-for-men/id1455690574,#5 in Medical,4.8,46.8K Ratings
2024-10-13 09:04:16,https://apps.apple.com/us/app/hers-womens-healthcare/id1623878709,#13 in Medical,4.6,4.5K Ratings
2024-10-13 09:04:17,https://apps.apple.com/us/app/ro/id1585858911,#63 in Medical,4.8,3.4K Ratings
2024-10-13 09:04:17,https://apps.apple.com/us/app/push-health-telehealth-app/id950510633,N/A,4.6,15.7K Ratings
2024-10-13 09:04:17,https://apps.apple.com/us/app/plushcare-online-doctor/id955183607,#98 in Medical,4.9,117.4K Ratings
2024-10-14 09:05:01,https://apps.apple.com/us/app/hims-telehealth-for-men/id1455690574,#6 in Medical,4.8,46.8K Ratings
2024-10-14 09:05:01,https://apps.apple.com/us/app/hers-womens-healthcare/id1623878709,#8 in Medical,4.6,4.5K Ratings
2024-10-14 09:05:01,https://apps.apple.com/us/app/ro/id1585858911,#51 in Medical,4.8,3.4K Ratings
2024-10-14 09:05:02,https://apps.apple.com/us/app/push-health-telehealth-app/id950510633,N/A,4.6,15.7K Ratings
2024-10-14 09:05:02,https://apps.apple.com/us/app/plushcare-online-doctor/id955183607,#113 in Medical,4.9,117.5K Ratings
2024-10-15 09:04:43,https://apps.apple.com/us/app/hims-telehealth-for-men/id1455690574,#11 in Medical,4.8,46.9K Ratings
2024-10-15 09:04:43,https://apps.apple.com/us/app/hers-womens-healthcare/id1623878709,#17 in Medical,4.6,4.6K Ratings
2024-10-15 09:04:44,https://apps.apple.com/us/app/ro/id1585858911,#57 in Medical,4.8,3.4K Ratings
2024-10-15 09:04:44,https://apps.apple.com/us/app/push-health-telehealth-app/id950510633,N/A,4.6,15.8K Ratings
2024-10-15 09:04:44,https://apps.apple.com/us/app/plushcare-online-doctor/id955183607,#108 in Medical,4.9,117.5K Ratings
2024-10-16 09:04:36,https://apps.apple.com/us/app/hims-telehealth-for-men/id1455690574,#13 in Medical,4.8,47K Ratings
2024-10-16 09:04:36,https://apps.apple.com/us/app/hers-womens-healthcare/id1623878709,#19 in Medical,4.6,4.6K Ratings
2024-10-16 09:04:36,https://apps.apple.com/us/app/ro/id1585858911,#61 in Medical,4.8,3.4K Ratings
2024-10-16 09:04:37,https://apps.apple.com/us/app/push-health-telehealth-app/id950510633,N/A,4.6,15.8K Ratings
2024-10-16 09:04:37,https://apps.apple.com/us/app/plushcare-online-doctor/id955183607,#120 in Medical,4.9,117.6K Ratings
2024-10-17 09:04:53,https://apps.apple.com/us/app/hims-telehealth-for-men/id1455690574,#13 in Medical,4.8,47.1K Ratings
2024-10-17 09:04:53,https://apps.apple.com/us/app/hers-womens-healthcare/id1623878709,#19 in Medical,4.6,4.6K Ratings
2024-10-17 09:04:54,https://apps.apple.com/us/app/ro/id1585858911,#59 in Medical,4.8,3.4K Ratings
2024-10-17 09:04:54,https://apps.apple.com/us/app/push-health-telehealth-app/id950510633,N/A,4.6,15.8K Ratings
2024-10-17 09:04:54,https://apps.apple.com/us/app/plushcare-online-doctor/id955183607,#133 in Medical,4.9,117.7K Ratings
2024-10-18 09:04:56,https://apps.apple.com/us/app/hims-telehealth-for-men/id1455690574,#14 in Medical,4.8,47.2K Ratings
2024-10-18 09:04:56,https://apps.apple.com/us/app/hers-womens-healthcare/id1623878709,#19 in Medical,4.6,4.6K Ratings
2024-10-18 09:04:57,https://apps.apple.com/us/app/ro/id1585858911,#63 in Medical,4.8,3.4K Ratings
2024-10-18 09:04:57,https://apps.apple.com/us/app/push-health-telehealth-app/id950510633,N/A,4.6,15.8K Ratings
2024-10-18 09:04:57,https://apps.apple.com/us/app/plushcare-online-doctor/id955183607,#126 in Medical,4.9,117.8K Ratings
2024-10-19 09:04:18,https://apps.apple.com/us/app/hims-telehealth-for-men/id1455690574,#13 in Medical,4.8,47.3K Ratings
2024-10-19 09:04:18,https://apps.apple.com/us/app/hers-womens-healthcare/id1623878709,#20 in Medical,4.6,4.6K Ratings
2024-10-19 09:04:18,https://apps.apple.com/us/app/ro/id1585858911,#58 in Medical,4.8,3.4K Ratings
2024-10-19 09:04:18,https://apps.apple.com/us/app/push-health-telehealth-app/id950510633,N/A,4.6,15.8K Ratings
2024-10-19 09:04:18,https://apps.apple.com/us/app/plushcare-online-doctor/id955183607,#112 in Medical,4.9,117.8K Ratings
2024-10-20 09:04:07,https://apps.apple.com/us/app/hims-telehealth-for-men/id1455690574,#6 in Medical,4.8,47.3K Ratings
2024-10-20 09:04:07,https://apps.apple.com/us/app/hers-womens-healthcare/id1623878709,#12 in Medical,4.6,4.6K Ratings
2024-10-20 09:04:07,https://apps.apple.com/us/app/ro/id1585858911,#48 in Medical,4.8,3.4K Ratings
2024-10-20 09:04:07,https://apps.apple.com/us/app/push-health-telehealth-app/id950510633,N/A,4.6,15.8K Ratings
2024-10-20 09:04:08,https://apps.apple.com/us/app/plushcare-online-doctor/id955183607,#99 in Medical,4.9,117.9K Ratings
2024-10-21 09:05:06,https://apps.apple.com/us/app/hims-telehealth-for-men/id1455690574,#6 in Medical,4.8,47.4K Ratings
2024-10-21 09:05:06,https://apps.apple.com/us/app/hers-womens-healthcare/id1623878709,#8 in Medical,4.6,4.6K Ratings
2024-10-21 09:05:07,https://apps.apple.com/us/app/ro/id1585858911,#42 in Medical,4.8,3.4K Ratings
2024-10-21 09:05:07,https://apps.apple.com/us/app/push-health-telehealth-app/id950510633,N/A,4.6,15.9K Ratings
2024-10-21 09:05:07,https://apps.apple.com/us/app/plushcare-online-doctor/id955183607,#115 in Medical,4.9,117.9K Ratings
2024-10-22 09:04:45,https://apps.apple.com/us/app/hims-telehealth-for-men/id1455690574,#11 in Medical,4.8,47.5K Ratings
2024-10-22 09:04:45,https://apps.apple.com/us/app/hers-womens-healthcare/id1623878709,#18 in Medical,4.6,4.6K Ratings
2024-10-22 09:04:46,https://apps.apple.com/us/app/ro/id1585858911,#58 in Medical,4.8,3.5K Ratings
2024-10-22 09:04:46,https://apps.apple.com/us/app/push-health-telehealth-app/id950510633,N/A,4.6,15.9K Ratings
2024-10-22 09:04:46,https://apps.apple.com/us/app/plushcare-online-doctor/id955183607,#123 in Medical,4.9,118K Ratings
2024-10-23 09:04:54,https://apps.apple.com/us/app/hims-telehealth-for-men/id1455690574,#12 in Medical,4.8,47.5K Ratings
2024-10-23 09:04:55,https://apps.apple.com/us/app/hers-womens-healthcare/id1623878709,#18 in Medical,4.6,4.6K Ratings
2024-10-23 09:04:55,https://apps.apple.com/us/app/ro/id1585858911,#74 in Medical,4.8,3.5K Ratings
2024-10-23 09:04:55,https://apps.apple.com/us/app/push-health-telehealth-app/id950510633,N/A,4.6,15.9K Ratings
2024-10-23 09:04:56,https://apps.apple.com/us/app/plushcare-online-doctor/id955183607,#133 in Medical,4.9,118K Ratings
2024-10-24 09:04:46,https://apps.apple.com/us/app/hims-telehealth-for-men/id1455690574,#13 in Medical,4.8,47.6K Ratings
2024-10-24 09:04:46,https://apps.apple.com/us/app/hers-womens-healthcare/id1623878709,#18 in Medical,4.6,4.7K Ratings
2024-10-24 09:04:46,https://apps.apple.com/us/app/ro/id1585858911,#79 in Medical,4.8,3.5K Ratings
2024-10-24 09:04:47,https://apps.apple.com/us/app/push-health-telehealth-app/id950510633,N/A,4.6,15.9K Ratings
2024-10-24 09:04:47,https://apps.apple.com/us/app/plushcare-online-doctor/id955183607,#127 in Medical,4.9,118.1K Ratings
2024-10-25 09:04:37,https://apps.apple.com/us/app/hims-telehealth-for-men/id1455690574,#13 in Medical,4.8,47.7K Ratings
2024-10-25 09:04:37,https://apps.apple.com/us/app/hers-womens-healthcare/id1623878709,#18 in Medical,4.6,4.7K Ratings
2024-10-25 09:04:38,https://apps.apple.com/us/app/ro/id1585858911,#72 in Medical,4.8,3.5K Ratings
2024-10-25 09:04:38,https://apps.apple.com/us/app/push-health-telehealth-app/id950510633,N/A,4.6,15.9K Ratings
2024-10-25 09:04:38,https://apps.apple.com/us/app/plushcare-online-doctor/id955183607,#133 in Medical,4.9,118.2K Ratings
2024-10-26 09:04:15,https://apps.apple.com/us/app/hims-telehealth-for-men/id1455690574,#12 in Medical,4.8,47.8K Ratings
2024-10-26 09:04:15,https://apps.apple.com/us/app/hers-womens-healthcare/id1623878709,#18 in Medical,4.5,4.7K Ratings
2024-10-26 09:04:15,https://apps.apple.com/us/app/ro/id1585858911,#56 in Medical,4.8,3.5K Ratings
2024-10-26 09:04:16,https://apps.apple.com/us/app/push-health-telehealth-app/id950510633,N/A,4.6,15.9K Ratings
2024-10-26 09:04:16,https://apps.apple.com/us/app/plushcare-online-doctor/id955183607,#115 in Medical,4.9,118.2K Ratings
2024-10-27 09:04:19,https://apps.apple.com/us/app/hims-telehealth-for-men/id1455690574,#5 in Medical,4.8,47.8K Ratings
2024-10-27 09:04:19,https://apps.apple.com/us/app/hers-womens-healthcare/id1623878709,#12 in Medical,4.6,4.7K Ratings
2024-10-27 09:04:19,https://apps.apple.com/us/app/ro/id1585858911,#39 in Medical,4.8,3.5K Ratings
2024-10-27 09:04:20,https://apps.apple.com/us/app/push-health-telehealth-app/id950510633,N/A,4.6,15.9K Ratings
2024-10-27 09:04:20,https://apps.apple.com/us/app/plushcare-online-doctor/id955183607,#108 in Medical,4.9,118.3K Ratings
2024-10-28 09:05:07,https://apps.apple.com/us/app/hims-telehealth-for-men/id1455690574,#6 in Medical,4.8,47.9K Ratings
2024-10-28 09:05:07,https://apps.apple.com/us/app/hers-womens-healthcare/id1623878709,#9 in Medical,4.6,4.7K Ratings
2024-10-28 09:05:07,https://apps.apple.com/us/app/ro/id1585858911,#41 in Medical,4.8,3.5K Ratings
2024-10-28 09:05:08,https://apps.apple.com/us/app/push-health-telehealth-app/id950510633,N/A,4.6,16K Ratings
2024-10-28 09:05:08,https://apps.apple.com/us/app/plushcare-online-doctor/id955183607,#116 in Medical,4.9,118.4K Ratings
2024-10-29 09:04:41,https://apps.apple.com/us/app/hims-telehealth-for-men/id1455690574,#11 in Medical,4.8,47.9K Ratings
2024-10-29 09:04:41,https://apps.apple.com/us/app/hers-womens-healthcare/id1623878709,#17 in Medical,4.6,4.7K Ratings
2024-10-29 09:04:42,https://apps.apple.com/us/app/ro/id1585858911,#48 in Medical,4.8,3.5K Ratings
2024-10-29 09:04:42,https://apps.apple.com/us/app/push-health-telehealth-app/id950510633,N/A,4.6,16K Ratings
2024-10-29 09:04:42,https://apps.apple.com/us/app/plushcare-online-doctor/id955183607,#139 in Medical,4.9,118.4K Ratings
2024-10-30 09:04:43,https://apps.apple.com/us/app/hims-telehealth-for-men/id1455690574,#13 in Medical,4.8,48K Ratings
2024-10-30 09:04:43,https://apps.apple.com/us/app/hers-womens-healthcare/id1623878709,#19 in Medical,4.6,4.7K Ratings
2024-10-30 09:04:44,https://apps.apple.com/us/app/ro/id1585858911,#57 in Medical,4.8,3.5K Ratings
2024-10-30 09:04:44,https://apps.apple.com/us/app/push-health-telehealth-app/id950510633,N/A,4.6,16K Ratings
2024-10-30 09:04:45,https://apps.apple.com/us/app/plushcare-online-doctor/id955183607,#147 in Medical,4.9,118.5K Ratings
2024-10-31 09:04:53,https://apps.apple.com/us/app/hims-telehealth-for-men/id1455690574,#15 in Medical,4.8,48.1K Ratings
2024-10-31 09:04:53,https://apps.apple.com/us/app/hers-womens-healthcare/id1623878709,#20 in Medical,4.6,4.7K Ratings
2024-10-31 09:04:54,https://apps.apple.com/us/app/ro/id1585858911,#42 in Medical,4.8,3.5K Ratings
2024-10-31 09:04:54,https://apps.apple.com/us/app/push-health-telehealth-app/id950510633,N/A,4.6,16K Ratings
2024-10-31 09:04:54,https://apps.apple.com/us/app/plushcare-online-doctor/id955183607,#139 in Medical,4.9,118.5K Ratings
2024-11-01 09:04:50,https://apps.apple.com/us/app/hims-telehealth-for-men/id1455690574,#16 in Medical,4.8,48.2K Ratings
2024-11-01 09:04:51,https://apps.apple.com/us/app/hers-womens-healthcare/id1623878709,#19 in Medical,4.6,4.7K Ratings
2024-11-01 09:04:51,https://apps.apple.com/us/app/ro/id1585858911,#50 in Medical,4.8,3.5K Ratings
2024-11-01 09:04:51,https://apps.apple.com/us/app/push-health-telehealth-app/id950510633,N/A,4.6,16K Ratings
2024-11-01 09:04:52,https://apps.apple.com/us/app/plushcare-online-doctor/id955183607,#131 in Medical,4.9,118.6K Ratings
2024-11-02 09:04:15,https://apps.apple.com/us/app/hims-telehealth-for-men/id1455690574,#16 in Medical,4.8,48.3K Ratings
2024-11-02 09:04:16,https://apps.apple.com/us/app/hers-womens-healthcare/id1623878709,#19 in Medical,4.6,4.7K Ratings
2024-11-02 09:04:16,https://apps.apple.com/us/app/ro/id1585858911,#57 in Medical,4.8,3.5K Ratings
2024-11-02 09:04:16,https://apps.apple.com/us/app/push-health-telehealth-app/id950510633,N/A,4.6,16K Ratings
2024-11-02 09:04:17,https://apps.apple.com/us/app/plushcare-online-doctor/id955183607,#131 in Medical,4.9,118.7K Ratings
2024-11-03 09:05:03,https://apps.apple.com/us/app/hims-telehealth-for-men/id1455690574,#11 in Medical,4.8,48.4K Ratings
2024-11-03 09:05:03,https://apps.apple.com/us/app/hers-womens-healthcare/id1623878709,#13 in Medical,4.6,4.7K Ratings
2024-11-03 09:05:03,https://apps.apple.com/us/app/ro/id1585858911,#50 in Medical,4.8,3.6K Ratings
2024-11-03 09:05:03,https://apps.apple.com/us/app/push-health-telehealth-app/id950510633,N/A,4.6,16K Ratings
2024-11-03 09:05:03,https://apps.apple.com/us/app/plushcare-online-doctor/id955183607,#118 in Medical,4.9,118.7K Ratings
2024-11-04 09:05:15,https://apps.apple.com/us/app/hims-telehealth-for-men/id1455690574,#7 in Medical,4.8,48.5K Ratings
2024-11-04 09:05:15,https://apps.apple.com/us/app/hers-womens-healthcare/id1623878709,#10 in Medical,4.6,4.7K Ratings
2024-11-04 09:05:16,https://apps.apple.com/us/app/ro/id1585858911,#45 in Medical,4.8,3.6K Ratings
2024-11-04 09:05:16,https://apps.apple.com/us/app/push-health-telehealth-app/id950510633,N/A,4.6,16.1K Ratings
2024-11-04 09:05:16,https://apps.apple.com/us/app/plushcare-online-doctor/id955183607,#116 in Medical,4.9,118.8K Ratings
2024-11-05 09:04:34,https://apps.apple.com/us/app/hims-telehealth-for-men/id1455690574,#11 in Medical,4.8,48.6K Ratings
2024-11-05 09:04:34,https://apps.apple.com/us/app/hers-womens-healthcare/id1623878709,#17 in Medical,4.6,4.7K Ratings
2024-11-05 09:04:34,https://apps.apple.com/us/app/ro/id1585858911,#56 in Medical,4.8,3.6K Ratings
2024-11-05 09:04:34,https://apps.apple.com/us/app/push-health-telehealth-app/id950510633,N/A,4.6,16.1K Ratings
2024-11-05 09:04:34,https://apps.apple.com/us/app/plushcare-online-doctor/id955183607,#133 in Medical,4.9,118.8K Ratings
2024-11-06 09:05:11,https://apps.apple.com/us/app/hims-telehealth-for-men/id1455690574,#15 in Medical,4.8,48.6K Ratings
2024-11-06 09:05:11,https://apps.apple.com/us/app/hers-womens-healthcare/id1623878709,#19 in Medical,4.6,4.7K Ratings
2024-11-06 09:05:12,https://apps.apple.com/us/app/ro/id1585858911,#61 in Medical,4.8,3.6K Ratings
2024-11-06 09:05:12,https://apps.apple.com/us/app/push-health-telehealth-app/id950510633,N/A,4.6,16.1K Ratings
2024-11-06 09:05:12,https://apps.apple.com/us/app/plushcare-online-doctor/id955183607,#136 in Medical,4.9,118.8K Ratings
2024-11-07 09:04:31,https://apps.apple.com/us/app/hims-telehealth-for-men/id1455690574,#15 in Medical,4.8,48.7K Ratings
2024-11-07 09:04:31,https://apps.apple.com/us/app/hers-womens-healthcare/id1623878709,#21 in Medical,4.6,4.8K Ratings
2024-11-07 09:04:31,https://apps.apple.com/us/app/ro/id1585858911,#61 in Medical,4.8,3.6K Ratings
2024-11-07 09:04:32,https://apps.apple.com/us/app/push-health-telehealth-app/id950510633,N/A,4.6,16.1K Ratings
2024-11-07 09:04:32,https://apps.apple.com/us/app/plushcare-online-doctor/id955183607,#150 in Medical,4.9,118.9K Ratings
2024-11-08 09:04:28,https://apps.apple.com/us/app/hims-telehealth-for-men/id1455690574,#15 in Medical,4.8,48.8K Ratings
2024-11-08 09:04:28,https://apps.apple.com/us/app/hers-womens-healthcare/id1623878709,#19 in Medical,4.6,4.8K Ratings
2024-11-08 09:04:29,https://apps.apple.com/us/app/ro/id1585858911,#62 in Medical,4.8,3.6K Ratings
2024-11-08 09:04:29,https://apps.apple.com/us/app/push-health-telehealth-app/id950510633,N/A,4.6,16.1K Ratings
2024-11-08 09:04:30,https://apps.apple.com/us/app/plushcare-online-doctor/id955183607,#132 in Medical,4.9,119K Ratings
2024-11-09 09:04:09,https://apps.apple.com/us/app/hims-telehealth-for-men/id1455690574,#13 in Medical,4.8,48.8K Ratings
2024-11-09 09:04:10,https://apps.apple.com/us/app/hers-womens-healthcare/id1623878709,#19 in Medical,4.5,4.8K Ratings
2024-11-09 09:04:10,https://apps.apple.com/us/app/ro/id1585858911,#60 in Medical,4.8,3.6K Ratings
2024-11-09 09:04:11,https://apps.apple.com/us/app/push-health-telehealth-app/id950510633,N/A,4.6,16.1K Ratings
2024-11-09 09:04:11,https://apps.apple.com/us/app/plushcare-online-doctor/id955183607,#123 in Medical,4.9,119.1K Ratings
2024-11-10 09:04:18,https://apps.apple.com/us/app/hims-telehealth-for-men/id1455690574,#7 in Medical,4.8,49K Ratings
2024-11-10 09:04:18,https://apps.apple.com/us/app/hers-womens-healthcare/id1623878709,#13 in Medical,4.5,4.8K Ratings
2024-11-10 09:04:19,https://apps.apple.com/us/app/ro/id1585858911,#51 in Medical,4.8,3.6K Ratings
2024-11-10 09:04:19,https://apps.apple.com/us/app/push-health-telehealth-app/id950510633,N/A,4.6,16.1K Ratings
2024-11-10 09:04:19,https://apps.apple.com/us/app/plushcare-online-doctor/id955183607,#104 in Medical,4.9,119.2K Ratings
2024-11-11 09:04:50,https://apps.apple.com/us/app/hims-telehealth-for-men/id1455690574,#6 in Medical,4.8,49K Ratings
2024-11-11 09:04:50,https://apps.apple.com/us/app/hers-womens-healthcare/id1623878709,#10 in Medical,4.5,4.8K Ratings
2024-11-11 09:04:50,https://apps.apple.com/us/app/ro/id1585858911,#41 in Medical,4.8,3.6K Ratings
2024-11-11 09:04:51,https://apps.apple.com/us/app/push-health-telehealth-app/id950510633,N/A,4.6,16.1K Ratings
2024-11-11 09:04:51,https://apps.apple.com/us/app/plushcare-online-doctor/id955183607,#115 in Medical,4.9,119.2K Ratings
2024-11-12 09:04:36,https://apps.apple.com/us/app/hims-telehealth-for-men/id1455690574,#11 in Medical,4.8,49.1K Ratings
2024-11-12 09:04:38,https://apps.apple.com/us/app/hers-womens-healthcare/id1623878709,#17 in Medical,4.5,4.8K Ratings
2024-11-12 09:04:38,https://apps.apple.com/us/app/ro/id1585858911,#60 in Medical,4.8,3.6K Ratings
2024-11-12 09:04:38,https://apps.apple.com/us/app/push-health-telehealth-app/id950510633,N/A,4.6,16.1K Ratings
2024-11-12 09:04:38,https://apps.apple.com/us/app/plushcare-online-doctor/id955183607,#124 in Medical,4.9,119.3K Ratings
2024-11-13 09:04:40,https://apps.apple.com/us/app/hims-telehealth-for-men/id1455690574,#13 in Medical,4.8,49.2K Ratings
2024-11-13 09:04:40,https://apps.apple.com/us/app/hers-womens-healthcare/id1623878709,#18 in Medical,4.5,4.8K Ratings
2024-11-13 09:04:40,https://apps.apple.com/us/app/ro/id1585858911,#65 in Medical,4.8,3.6K Ratings
2024-11-13 09:04:40,https://apps.apple.com/us/app/push-health-telehealth-app/id950510633,N/A,4.6,16.2K Ratings
2024-11-13 09:04:41,https://apps.apple.com/us/app/plushcare-online-doctor/id955183607,#135 in Medical,4.9,119.3K Ratings
2024-11-14 09:04:45,https://apps.apple.com/us/app/hims-telehealth-for-men/id1455690574,#13 in Medical,4.8,49.3K Ratings
2024-11-14 09:04:45,https://apps.apple.com/us/app/hers-womens-healthcare/id1623878709,#19 in Medical,4.5,4.8K Ratings
2024-11-14 09:04:45,https://apps.apple.com/us/app/ro/id1585858911,#79 in Medical,4.8,3.7K Ratings
2024-11-14 09:04:46,https://apps.apple.com/us/app/push-health-telehealth-app/id950510633,N/A,4.6,16.2K Ratings
2024-11-14 09:04:46,https://apps.apple.com/us/app/plushcare-online-doctor/id955183607,#136 in Medical,4.9,119.4K Ratings
2024-11-15 09:04:48,https://apps.apple.com/us/app/hims-telehealth-for-men/id1455690574,#13 in Medical,4.8,49.3K Ratings
2024-11-15 09:04:48,https://apps.apple.com/us/app/hers-womens-healthcare/id1623878709,#18 in Medical,4.5,4.8K Ratings
2024-11-15 09:04:49,https://apps.apple.com/us/app/ro/id1585858911,#67 in Medical,4.8,3.7K Ratings
2024-11-15 09:04:49,https://apps.apple.com/us/app/push-health-telehealth-app/id950510633,N/A,4.6,16.2K Ratings
2024-11-15 09:04:49,https://apps.apple.com/us/app/plushcare-online-doctor/id955183607,#133 in Medical,4.9,119.4K Ratings
2024-11-16 09:04:12,https://apps.apple.com/us/app/hims-telehealth-for-men/id1455690574,#13 in Medical,4.8,49.4K Ratings
2024-11-16 09:04:12,https://apps.apple.com/us/app/hers-womens-healthcare/id1623878709,#19 in Medical,4.5,4.9K Ratings
2024-11-16 09:04:13,https://apps.apple.com/us/app/ro/id1585858911,#67 in Medical,4.8,3.7K Ratings
2024-11-16 09:04:13,https://apps.apple.com/us/app/push-health-telehealth-app/id950510633,N/A,4.6,16.2K Ratings
2024-11-16 09:04:13,https://apps.apple.com/us/app/plushcare-online-doctor/id955183607,#129 in Medical,4.9,119.6K Ratings
2024-11-17 09:04:38,https://apps.apple.com/us/app/hims-telehealth-for-men/id1455690574,#7 in Medical,4.8,49.5K Ratings
2024-11-17 09:04:39,https://apps.apple.com/us/app/hers-womens-healthcare/id1623878709,#12 in Medical,4.6,4.9K Ratings
2024-11-17 09:04:39,https://apps.apple.com/us/app/ro/id1585858911,#50 in Medical,4.8,3.7K Ratings
2024-11-17 09:04:39,https://apps.apple.com/us/app/push-health-telehealth-app/id950510633,N/A,4.6,16.2K Ratings
2024-11-17 09:04:40,https://apps.apple.com/us/app/plushcare-online-doctor/id955183607,#115 in Medical,4.9,119.6K Ratings
2024-11-18 09:05:12,https://apps.apple.com/us/app/hims-telehealth-for-men/id1455690574,#6 in Medical,4.8,49.6K Ratings
2024-11-18 09:05:12,https://apps.apple.com/us/app/hers-womens-healthcare/id1623878709,#9 in Medical,4.6,4.9K Ratings
2024-11-18 09:05:12,https://apps.apple.com/us/app/ro/id1585858911,#44 in Medical,4.8,3.7K Ratings
2024-11-18 09:05:12,https://apps.apple.com/us/app/push-health-telehealth-app/id950510633,N/A,4.6,16.2K Ratings
2024-11-18 09:05:13,https://apps.apple.com/us/app/plushcare-online-doctor/id955183607,#112 in Medical,4.9,119.7K Ratings
2024-11-19 09:04:56,https://apps.apple.com/us/app/hims-telehealth-for-men/id1455690574,#11 in Medical,4.8,49.7K Ratings
2024-11-19 09:04:57,https://apps.apple.com/us/app/hers-womens-healthcare/id1623878709,#16 in Medical,4.6,4.9K Ratings
2024-11-19 09:04:57,https://apps.apple.com/us/app/ro/id1585858911,#60 in Medical,4.8,3.7K Ratings
2024-11-19 09:04:57,https://apps.apple.com/us/app/push-health-telehealth-app/id950510633,N/A,4.6,16.2K Ratings
2024-11-19 09:04:57,https://apps.apple.com/us/app/plushcare-online-doctor/id955183607,#133 in Medical,4.9,119.7K Ratings
2024-11-20 09:04:53,https://apps.apple.com/us/app/hims-telehealth-for-men/id1455690574,#15 in Medical,4.8,49.7K Ratings
2024-11-20 09:04:54,https://apps.apple.com/us/app/hers-womens-healthcare/id1623878709,#20 in Medical,4.6,4.9K Ratings
2024-11-20 09:04:54,https://apps.apple.com/us/app/ro/id1585858911,#62 in Medical,4.8,3.7K Ratings
2024-11-20 09:04:54,https://apps.apple.com/us/app/push-health-telehealth-app/id950510633,N/A,4.6,16.2K Ratings
2024-11-20 09:04:54,https://apps.apple.com/us/app/plushcare-online-doctor/id955183607,#134 in Medical,4.9,119.7K Ratings
2024-11-21 09:04:47,https://apps.apple.com/us/app/hims-telehealth-for-men/id1455690574,#14 in Medical,4.8,49.8K Ratings
2024-11-21 09:04:47,https://apps.apple.com/us/app/hers-womens-healthcare/id1623878709,#19 in Medical,4.6,4.9K Ratings
2024-11-21 09:04:48,https://apps.apple.com/us/app/ro/id1585858911,#62 in Medical,4.8,3.7K Ratings
2024-11-21 09:04:48,https://apps.apple.com/us/app/push-health-telehealth-app/id950510633,N/A,4.6,16.3K Ratings
2024-11-21 09:04:49,https://apps.apple.com/us/app/plushcare-online-doctor/id955183607,#134 in Medical,4.9,119.8K Ratings
2024-11-22 09:05:08,https://apps.apple.com/us/app/hims-telehealth-for-men/id1455690574,#15 in Medical,4.8,50K Ratings
2024-11-22 09:05:09,https://apps.apple.com/us/app/hers-womens-healthcare/id1623878709,#22 in Medical,4.6,4.9K Ratings
2024-11-22 09:05:09,https://apps.apple.com/us/app/ro/id1585858911,#67 in Medical,4.8,3.7K Ratings
2024-11-22 09:05:09,https://apps.apple.com/us/app/push-health-telehealth-app/id950510633,N/A,4.6,16.3K Ratings
2024-11-22 09:05:10,https://apps.apple.com/us/app/plushcare-online-doctor/id955183607,#135 in Medical,4.9,119.9K Ratings
2024-11-23 09:04:25,https://apps.apple.com/us/app/hims-telehealth-for-men/id1455690574,#14 in Medical,4.8,50K Ratings
2024-11-23 09:04:26,https://apps.apple.com/us/app/hers-womens-healthcare/id1623878709,#21 in Medical,4.5,4.9K Ratings
2024-11-23 09:04:26,https://apps.apple.com/us/app/ro/id1585858911,#68 in Medical,4.8,3.7K Ratings
2024-11-23 09:04:26,https://apps.apple.com/us/app/push-health-telehealth-app/id950510633,N/A,4.6,16.3K Ratings
2024-11-23 09:04:26,https://apps.apple.com/us/app/plushcare-online-doctor/id955183607,#122 in Medical,4.9,120K Ratings
2024-11-24 09:04:18,https://apps.apple.com/us/app/hims-telehealth-for-men/id1455690574,#8 in Medical,4.8,50.1K Ratings
2024-11-24 09:04:18,https://apps.apple.com/us/app/hers-womens-healthcare/id1623878709,#14 in Medical,4.5,4.9K Ratings
2024-11-24 09:04:18,https://apps.apple.com/us/app/ro/id1585858911,#47 in Medical,4.8,3.7K Ratings
2024-11-24 09:04:18,https://apps.apple.com/us/app/push-health-telehealth-app/id950510633,N/A,4.6,16.3K Ratings
2024-11-24 09:04:19,https://apps.apple.com/us/app/plushcare-online-doctor/id955183607,#113 in Medical,4.9,120.1K Ratings
2024-11-25 09:05:06,https://apps.apple.com/us/app/hims-telehealth-for-men/id1455690574,#6 in Medical,4.8,50.2K Ratings
2024-11-25 09:05:06,https://apps.apple.com/us/app/hers-womens-healthcare/id1623878709,#14 in Medical,4.5,4.9K Ratings
2024-11-25 09:05:07,https://apps.apple.com/us/app/ro/id1585858911,#38 in Medical,4.8,3.7K Ratings
2024-11-25 09:05:07,https://apps.apple.com/us/app/push-health-telehealth-app/id950510633,N/A,4.6,16.3K Ratings
2024-11-25 09:05:07,https://apps.apple.com/us/app/plushcare-online-doctor/id955183607,#130 in Medical,4.9,120.1K Ratings
2024-11-26 09:05:04,https://apps.apple.com/us/app/hims-telehealth-for-men/id1455690574,#12 in Medical,4.8,50.2K Ratings
2024-11-26 09:05:04,https://apps.apple.com/us/app/hers-womens-healthcare/id1623878709,#18 in Medical,4.5,4.9K Ratings
2024-11-26 09:05:04,https://apps.apple.com/us/app/ro/id1585858911,#54 in Medical,4.8,3.7K Ratings
2024-11-26 09:05:05,https://apps.apple.com/us/app/push-health-telehealth-app/id950510633,N/A,4.6,16.3K Ratings
2024-11-26 09:05:05,https://apps.apple.com/us/app/plushcare-online-doctor/id955183607,#134 in Medical,4.9,120.1K Ratings
2024-11-27 09:05:02,https://apps.apple.com/us/app/hims-telehealth-for-men/id1455690574,#16 in Medical,4.8,50.3K Ratings
2024-11-27 09:05:02,https://apps.apple.com/us/app/hers-womens-healthcare/id1623878709,#22 in Medical,4.5,4.9K Ratings
2024-11-27 09:05:02,https://apps.apple.com/us/app/ro/id1585858911,#57 in Medical,4.8,3.7K Ratings
2024-11-27 09:05:03,https://apps.apple.com/us/app/push-health-telehealth-app/id950510633,N/A,4.6,16.4K Ratings
2024-11-27 09:05:03,https://apps.apple.com/us/app/plushcare-online-doctor/id955183607,#118 in Medical,4.9,120.2K Ratings
2024-11-28 09:05:02,https://apps.apple.com/us/app/hims-telehealth-for-men/id1455690574,#15 in Medical,4.8,50.4K Ratings
2024-11-28 09:05:02,https://apps.apple.com/us/app/hers-womens-healthcare/id1623878709,#24 in Medical,4.5,5K Ratings
2024-11-28 09:05:02,https://apps.apple.com/us/app/ro/id1585858911,#59 in Medical,4.8,3.8K Ratings
2024-11-28 09:05:03,https://apps.apple.com/us/app/push-health-telehealth-app/id950510633,N/A,4.6,16.4K Ratings
2024-11-28 09:05:03,https://apps.apple.com/us/app/plushcare-online-doctor/id955183607,#106 in Medical,4.9,120.3K Ratings
2024-11-29 09:05:01,https://apps.apple.com/us/app/hims-telehealth-for-men/id1455690574,#10 in Medical,4.8,50.5K Ratings
2024-11-29 09:05:01,https://apps.apple.com/us/app/hers-womens-healthcare/id1623878709,#18 in Medical,4.5,5K Ratings
2024-11-29 09:05:01,https://apps.apple.com/us/app/ro/id1585858911,#43 in Medical,4.8,3.8K Ratings
2024-11-29 09:05:02,https://apps.apple.com/us/app/push-health-telehealth-app/id950510633,N/A,4.6,16.4K Ratings
2024-11-29 09:05:02,https://apps.apple.com/us/app/plushcare-online-doctor/id955183607,#95 in Medical,4.9,120.4K Ratings
2024-11-30 09:04:26,https://apps.apple.com/us/app/hims-telehealth-for-men/id1455690574,#6 in Medical,4.8,50.5K Ratings
2024-11-30 09:04:26,https://apps.apple.com/us/app/hers-womens-healthcare/id1623878709,#13 in Medical,4.5,5K Ratings
2024-11-30 09:04:27,https://apps.apple.com/us/app/ro/id1585858911,#39 in Medical,4.8,3.8K Ratings
2024-11-30 09:04:27,https://apps.apple.com/us/app/push-health-telehealth-app/id950510633,N/A,4.6,16.4K Ratings
2024-11-30 09:04:27,https://apps.apple.com/us/app/plushcare-online-doctor/id955183607,#78 in Medical,4.9,120.4K Ratings
2024-12-01 09:04:25,https://apps.apple.com/us/app/hims-telehealth-for-men/id1455690574,#7 in Medical,4.8,50.5K Ratings
2024-12-01 09:04:25,https://apps.apple.com/us/app/hers-womens-healthcare/id1623878709,#13 in Medical,4.5,5K Ratings
2024-12-01 09:04:25,https://apps.apple.com/us/app/ro/id1585858911,#32 in Medical,4.8,3.8K Ratings
2024-12-01 09:04:26,https://apps.apple.com/us/app/push-health-telehealth-app/id950510633,N/A,4.6,16.4K Ratings
2024-12-01 09:04:26,https://apps.apple.com/us/app/plushcare-online-doctor/id955183607,#84 in Medical,4.9,120.4K Ratings
2024-12-02 09:05:16,https://apps.apple.com/us/app/hims-telehealth-for-men/id1455690574,#6 in Medical,4.8,50.6K Ratings
2024-12-02 09:05:16,https://apps.apple.com/us/app/hers-womens-healthcare/id1623878709,#13 in Medical,4.5,5K Ratings
2024-12-02 09:05:17,https://apps.apple.com/us/app/ro/id1585858911,#33 in Medical,4.8,3.8K Ratings
2024-12-02 09:05:17,https://apps.apple.com/us/app/push-health-telehealth-app/id950510633,N/A,4.6,16.4K Ratings
2024-12-02 09:05:17,https://apps.apple.com/us/app/plushcare-online-doctor/id955183607,#100 in Medical,4.9,120.5K Ratings
2024-12-03 09:05:00,https://apps.apple.com/us/app/hims-telehealth-for-men/id1455690574,#9 in Medical,4.8,50.7K Ratings
2024-12-03 09:05:00,https://apps.apple.com/us/app/hers-womens-healthcare/id1623878709,#21 in Medical,4.6,5K Ratings
2024-12-03 09:05:01,https://apps.apple.com/us/app/ro/id1585858911,#43 in Medical,4.8,3.8K Ratings
2024-12-03 09:05:01,https://apps.apple.com/us/app/push-health-telehealth-app/id950510633,N/A,4.6,16.4K Ratings
2024-12-03 09:05:01,https://apps.apple.com/us/app/plushcare-online-doctor/id955183607,#112 in Medical,4.9,120.6K Ratings
2024-12-04 09:05:06,https://apps.apple.com/us/app/hims-telehealth-for-men/id1455690574,#12 in Medical,4.8,50.8K Ratings
2024-12-04 09:05:06,https://apps.apple.com/us/app/hers-womens-healthcare/id1623878709,#23 in Medical,4.6,5K Ratings
2024-12-04 09:05:07,https://apps.apple.com/us/app/ro/id1585858911,#49 in Medical,4.8,3.8K Ratings
2024-12-04 09:05:07,https://apps.apple.com/us/app/push-health-telehealth-app/id950510633,N/A,4.6,16.4K Ratings
2024-12-04 09:05:08,https://apps.apple.com/us/app/plushcare-online-doctor/id955183607,#116 in Medical,4.9,120.6K Ratings
2024-12-05 09:05:15,https://apps.apple.com/us/app/hims-telehealth-for-men/id1455690574,#12 in Medical,4.8,50.8K Ratings
2024-12-05 09:05:15,https://apps.apple.com/us/app/hers-womens-healthcare/id1623878709,#22 in Medical,4.5,5K Ratings
2024-12-05 09:05:15,https://apps.apple.com/us/app/ro/id1585858911,#47 in Medical,4.8,3.8K Ratings
2024-12-05 09:05:15,https://apps.apple.com/us/app/push-health-telehealth-app/id950510633,N/A,4.6,16.4K Ratings
2024-12-05 09:05:16,https://apps.apple.com/us/app/plushcare-online-doctor/id955183607,#135 in Medical,4.9,120.7K Ratings
2024-12-06 09:04:58,https://apps.apple.com/us/app/hims-telehealth-for-men/id1455690574,#13 in Medical,4.8,50.9K Ratings
2024-12-06 09:04:58,https://apps.apple.com/us/app/hers-womens-healthcare/id1623878709,#23 in Medical,4.5,5K Ratings
2024-12-06 09:04:58,https://apps.apple.com/us/app/ro/id1585858911,#51 in Medical,4.8,3.8K Ratings
2024-12-06 09:04:59,https://apps.apple.com/us/app/push-health-telehealth-app/id950510633,N/A,4.6,16.5K Ratings
2024-12-06 09:04:59,https://apps.apple.com/us/app/plushcare-online-doctor/id955183607,#137 in Medical,4.9,120.8K Ratings
2024-12-07 09:04:20,https://apps.apple.com/us/app/hims-telehealth-for-men/id1455690574,#13 in Medical,4.8,51K Ratings
2024-12-07 09:04:20,https://apps.apple.com/us/app/hers-womens-healthcare/id1623878709,#22 in Medical,4.5,5K Ratings
2024-12-07 09:04:20,https://apps.apple.com/us/app/ro/id1585858911,#48 in Medical,4.8,3.8K Ratings
2024-12-07 09:04:21,https://apps.apple.com/us/app/push-health-telehealth-app/id950510633,N/A,4.6,16.5K Ratings
2024-12-07 09:04:21,https://apps.apple.com/us/app/plushcare-online-doctor/id955183607,#127 in Medical,4.9,120.9K Ratings
2024-12-08 09:04:16,https://apps.apple.com/us/app/hims-telehealth-for-men/id1455690574,#7 in Medical,4.8,51.1K Ratings
2024-12-08 09:04:17,https://apps.apple.com/us/app/hers-womens-healthcare/id1623878709,#17 in Medical,4.5,5K Ratings
2024-12-08 09:04:17,https://apps.apple.com/us/app/ro/id1585858911,#41 in Medical,4.8,3.8K Ratings
2024-12-08 09:04:17,https://apps.apple.com/us/app/push-health-telehealth-app/id950510633,N/A,4.6,16.5K Ratings
2024-12-08 09:04:17,https://apps.apple.com/us/app/plushcare-online-doctor/id955183607,#112 in Medical,4.9,120.9K Ratings
2024-12-08 22:35:36,https://apps.apple.com/us/app/hims-telehealth-for-men/id1455690574,#7 in Medical,4.8,51.1K Ratings
2024-12-08 22:35:36,https://apps.apple.com/us/app/hers-womens-healthcare/id1623878709,#18 in Medical,4.5,5K Ratings
2024-12-08 22:35:37,https://apps.apple.com/us/app/ro/id1585858911,#36 in Medical,4.8,3.8K Ratings
2024-12-08 22:35:37,https://apps.apple.com/us/app/push-health-telehealth-app/id950510633,N/A,4.6,16.5K Ratings
2024-12-08 22:35:37,https://apps.apple.com/us/app/plushcare-online-doctor/id955183607,#102 in Medical,4.9,121K Ratings
2024-12-08 22:40:52,https://apps.apple.com/us/app/hims-telehealth-for-men/id1455690574,#7 in Medical,4.8,51.1K Ratings
2024-12-08 22:40:53,https://apps.apple.com/us/app/hers-womens-healthcare/id1623878709,#18 in Medical,4.5,5K Ratings
2024-12-08 22:40:53,https://apps.apple.com/us/app/ro/id1585858911,#36 in Medical,4.8,3.8K Ratings
2024-12-08 22:40:54,https://apps.apple.com/us/app/push-health-telehealth-app/id950510633,N/A,4.6,16.5K Ratings
2024-12-08 22:40:54,https://apps.apple.com/us/app/plushcare-online-doctor/id955183607,#102 in Medical,4.9,121K Ratings
2024-12-09 09:05:28,https://apps.apple.com/us/app/hims-telehealth-for-men/id1455690574,#7 in Medical,4.8,51.2K Ratings
2024-12-09 09:05:28,https://apps.apple.com/us/app/hers-womens-healthcare/id1623878709,#14 in Medical,4.5,5K Ratings
2024-12-09 09:05:28,https://apps.apple.com/us/app/ro/id1585858911,#34 in Medical,4.8,3.8K Ratings
2024-12-09 09:05:29,https://apps.apple.com/us/app/push-health-telehealth-app/id950510633,N/A,4.6,16.5K Ratings
2024-12-09 09:05:29,https://apps.apple.com/us/app/plushcare-online-doctor/id955183607,#106 in Medical,4.9,121K Ratings
2024-12-09 09:05:29,https://apps.apple.com/us/app/one-medical/id393507802,#83 in Medical,4.9,43.8K Ratings
2024-12-10 09:05:16,https://apps.apple.com/us/app/hims-telehealth-for-men/id1455690574,#11 in Medical,4.8,51.2K Ratings
2024-12-10 09:05:16,https://apps.apple.com/us/app/hers-womens-healthcare/id1623878709,#22 in Medical,4.5,5.1K Ratings
2024-12-10 09:05:16,https://apps.apple.com/us/app/ro/id1585858911,#45 in Medical,4.8,3.8K Ratings
2024-12-10 09:05:17,https://apps.apple.com/us/app/push-health-telehealth-app/id950510633,N/A,4.6,16.5K Ratings
2024-12-10 09:05:17,https://apps.apple.com/us/app/plushcare-online-doctor/id955183607,#94 in Medical,4.9,121K Ratings
2024-12-10 09:05:17,https://apps.apple.com/us/app/one-medical/id393507802,#85 in Medical,4.9,43.8K Ratings
2024-12-11 09:04:58,https://apps.apple.com/us/app/hims-telehealth-for-men/id1455690574,#14 in Medical,4.8,51.3K Ratings
2024-12-11 09:04:58,https://apps.apple.com/us/app/hers-womens-healthcare/id1623878709,#25 in Medical,4.5,5.1K Ratings
2024-12-11 09:04:58,https://apps.apple.com/us/app/ro/id1585858911,#50 in Medical,4.8,3.8K Ratings
2024-12-11 09:04:58,https://apps.apple.com/us/app/push-health-telehealth-app/id950510633,N/A,4.6,16.5K Ratings
2024-12-11 09:04:59,https://apps.apple.com/us/app/plushcare-online-doctor/id955183607,#106 in Medical,4.9,121.1K Ratings
2024-12-11 09:04:59,https://apps.apple.com/us/app/one-medical/id393507802,#77 in Medical,4.9,43.8K Ratings
2024-12-12 09:05:04,https://apps.apple.com/us/app/hims-telehealth-for-men/id1455690574,#15 in Medical,4.8,51.4K Ratings
2024-12-12 09:05:04,https://apps.apple.com/us/app/hers-womens-healthcare/id1623878709,#25 in Medical,4.5,5.1K Ratings
2024-12-12 09:05:04,https://apps.apple.com/us/app/ro/id1585858911,#49 in Medical,4.8,3.8K Ratings
2024-12-12 09:05:04,https://apps.apple.com/us/app/push-health-telehealth-app/id950510633,N/A,4.6,16.5K Ratings
2024-12-12 09:05:05,https://apps.apple.com/us/app/plushcare-online-doctor/id955183607,#104 in Medical,4.9,121.2K Ratings
2024-12-12 09:05:05,https://apps.apple.com/us/app/one-medical/id393507802,#81 in Medical,4.9,43.8K Ratings
2024-12-13 09:05:02,https://apps.apple.com/us/app/hims-telehealth-for-men/id1455690574,#13 in Medical,4.8,51.5K Ratings
2024-12-13 09:05:02,https://apps.apple.com/us/app/hers-womens-healthcare/id1623878709,#25 in Medical,4.5,5.1K Ratings
2024-12-13 09:05:02,https://apps.apple.com/us/app/ro/id1585858911,#47 in Medical,4.8,3.9K Ratings
2024-12-13 09:05:03,https://apps.apple.com/us/app/push-health-telehealth-app/id950510633,N/A,4.6,16.6K Ratings
2024-12-13 09:05:03,https://apps.apple.com/us/app/plushcare-online-doctor/id955183607,#114 in Medical,4.9,121.3K Ratings
2024-12-13 09:05:03,https://apps.apple.com/us/app/one-medical/id393507802,#75 in Medical,4.9,43.8K Ratings
2024-12-14 09:04:32,https://apps.apple.com/us/app/hims-telehealth-for-men/id1455690574,#15 in Medical,4.8,51.6K Ratings
2024-12-14 09:04:33,https://apps.apple.com/us/app/hers-womens-healthcare/id1623878709,#26 in Medical,4.6,5.1K Ratings
2024-12-14 09:04:33,https://apps.apple.com/us/app/ro/id1585858911,#48 in Medical,4.8,3.9K Ratings
2024-12-14 09:04:33,https://apps.apple.com/us/app/push-health-telehealth-app/id950510633,N/A,4.6,16.6K Ratings
2024-12-14 09:04:34,https://apps.apple.com/us/app/plushcare-online-doctor/id955183607,#115 in Medical,4.9,121.4K Ratings
2024-12-14 09:04:34,https://apps.apple.com/us/app/one-medical/id393507802,#80 in Medical,4.9,43.9K Ratings
2024-12-15 09:04:36,https://apps.apple.com/us/app/hims-telehealth-for-men/id1455690574,#9 in Medical,4.8,51.6K Ratings
2024-12-15 09:04:37,https://apps.apple.com/us/app/hers-womens-healthcare/id1623878709,#19 in Medical,4.5,5.1K Ratings
2024-12-15 09:04:37,https://apps.apple.com/us/app/ro/id1585858911,#44 in Medical,4.8,3.9K Ratings
2024-12-15 09:04:37,https://apps.apple.com/us/app/push-health-telehealth-app/id950510633,N/A,4.6,16.6K Ratings
2024-12-15 09:04:37,https://apps.apple.com/us/app/plushcare-online-doctor/id955183607,#103 in Medical,4.9,121.4K Ratings
2024-12-15 09:04:37,https://apps.apple.com/us/app/one-medical/id393507802,#78 in Medical,4.9,43.9K Ratings
2024-12-16 09:05:29,https://apps.apple.com/us/app/hims-telehealth-for-men/id1455690574,#8 in Medical,4.8,51.7K Ratings
2024-12-16 09:05:29,https://apps.apple.com/us/app/hers-womens-healthcare/id1623878709,#17 in Medical,4.5,5.1K Ratings
2024-12-16 09:05:30,https://apps.apple.com/us/app/ro/id1585858911,#34 in Medical,4.8,3.9K Ratings
2024-12-16 09:05:30,https://apps.apple.com/us/app/push-health-telehealth-app/id950510633,N/A,4.6,16.6K Ratings
2024-12-16 09:05:30,https://apps.apple.com/us/app/plushcare-online-doctor/id955183607,#114 in Medical,4.9,121.5K Ratings
2024-12-16 09:05:31,https://apps.apple.com/us/app/one-medical/id393507802,#71 in Medical,4.9,43.9K Ratings
2024-12-17 09:05:08,https://apps.apple.com/us/app/hims-telehealth-for-men/id1455690574,#13 in Medical,4.8,51.8K Ratings
2024-12-17 09:05:09,https://apps.apple.com/us/app/hers-womens-healthcare/id1623878709,#23 in Medical,4.5,5.1K Ratings
2024-12-17 09:05:09,https://apps.apple.com/us/app/ro/id1585858911,#44 in Medical,4.8,3.9K Ratings
2024-12-17 09:05:09,https://apps.apple.com/us/app/push-health-telehealth-app/id950510633,N/A,4.6,16.6K Ratings
2024-12-17 09:05:09,https://apps.apple.com/us/app/plushcare-online-doctor/id955183607,#114 in Medical,4.9,121.5K Ratings
2024-12-17 09:05:10,https://apps.apple.com/us/app/one-medical/id393507802,#68 in Medical,4.9,43.9K Ratings
2024-12-18 09:05:04,https://apps.apple.com/us/app/hims-telehealth-for-men/id1455690574,#16 in Medical,4.8,51.8K Ratings
2024-12-18 09:05:04,https://apps.apple.com/us/app/hers-womens-healthcare/id1623878709,#26 in Medical,4.5,5.1K Ratings
2024-12-18 09:05:04,https://apps.apple.com/us/app/ro/id1585858911,#48 in Medical,4.8,3.9K Ratings
2024-12-18 09:05:04,https://apps.apple.com/us/app/push-health-telehealth-app/id950510633,N/A,4.6,16.6K Ratings
2024-12-18 09:05:05,https://apps.apple.com/us/app/plushcare-online-doctor/id955183607,#109 in Medical,4.9,121.6K Ratings
2024-12-18 09:05:05,https://apps.apple.com/us/app/one-medical/id393507802,#68 in Medical,4.9,43.9K Ratings
2024-12-19 09:04:52,https://apps.apple.com/us/app/hims-telehealth-for-men/id1455690574,#17 in Medical,4.8,51.9K Ratings
2024-12-19 09:04:53,https://apps.apple.com/us/app/hers-womens-healthcare/id1623878709,#22 in Medical,4.5,5.1K Ratings
2024-12-19 09:04:53,https://apps.apple.com/us/app/ro/id1585858911,#48 in Medical,4.8,3.9K Ratings
2024-12-19 09:04:53,https://apps.apple.com/us/app/push-health-telehealth-app/id950510633,N/A,4.6,16.6K Ratings
2024-12-19 09:04:53,https://apps.apple.com/us/app/plushcare-online-doctor/id955183607,#111 in Medical,4.9,121.7K Ratings
2024-12-19 09:04:54,https://apps.apple.com/us/app/one-medical/id393507802,#77 in Medical,4.9,44K Ratings
2024-12-20 09:04:33,https://apps.apple.com/us/app/hims-telehealth-for-men/id1455690574,#16 in Medical,4.8,52K Ratings
2024-12-20 09:04:34,https://apps.apple.com/us/app/hers-womens-healthcare/id1623878709,#22 in Medical,4.5,5.1K Ratings
2024-12-20 09:04:34,https://apps.apple.com/us/app/ro/id1585858911,#47 in Medical,4.8,3.9K Ratings
2024-12-20 09:04:34,https://apps.apple.com/us/app/push-health-telehealth-app/id950510633,N/A,4.6,16.6K Ratings
2024-12-20 09:04:35,https://apps.apple.com/us/app/plushcare-online-doctor/id955183607,#113 in Medical,4.9,121.8K Ratings
2024-12-20 09:04:35,https://apps.apple.com/us/app/one-medical/id393507802,#83 in Medical,4.9,44K Ratings
2024-12-21 09:04:16,https://apps.apple.com/us/app/hims-telehealth-for-men/id1455690574,#15 in Medical,4.8,52.1K Ratings
2024-12-21 09:04:16,https://apps.apple.com/us/app/hers-womens-healthcare/id1623878709,#21 in Medical,4.5,5.1K Ratings
2024-12-21 09:04:16,https://apps.apple.com/us/app/ro/id1585858911,#47 in Medical,4.8,3.9K Ratings
2024-12-21 09:04:17,https://apps.apple.com/us/app/push-health-telehealth-app/id950510633,N/A,4.6,16.6K Ratings
2024-12-21 09:04:17,https://apps.apple.com/us/app/plushcare-online-doctor/id955183607,#104 in Medical,4.9,121.9K Ratings
2024-12-21 09:04:18,https://apps.apple.com/us/app/one-medical/id393507802,#86 in Medical,4.9,44K Ratings
2024-12-22 09:04:06,https://apps.apple.com/us/app/hims-telehealth-for-men/id1455690574,#7 in Medical,4.8,52.2K Ratings
2024-12-22 09:04:06,https://apps.apple.com/us/app/hers-womens-healthcare/id1623878709,#15 in Medical,4.5,5.1K Ratings
2024-12-22 09:04:06,https://apps.apple.com/us/app/ro/id1585858911,#37 in Medical,4.8,3.9K Ratings
2024-12-22 09:04:07,https://apps.apple.com/us/app/push-health-telehealth-app/id950510633,N/A,4.6,16.7K Ratings
2024-12-22 09:04:07,https://apps.apple.com/us/app/plushcare-online-doctor/id955183607,#100 in Medical,4.9,122K Ratings
2024-12-22 09:04:07,https://apps.apple.com/us/app/one-medical/id393507802,#75 in Medical,4.9,44K Ratings
2024-12-23 09:04:59,https://apps.apple.com/us/app/hims-telehealth-for-men/id1455690574,#7 in Medical,4.8,52.3K Ratings
2024-12-23 09:04:59,https://apps.apple.com/us/app/hers-womens-healthcare/id1623878709,#12 in Medical,4.5,5.2K Ratings
2024-12-23 09:04:59,https://apps.apple.com/us/app/ro/id1585858911,#36 in Medical,4.8,3.9K Ratings
2024-12-23 09:05:00,https://apps.apple.com/us/app/push-health-telehealth-app/id950510633,N/A,4.6,16.7K Ratings
2024-12-23 09:05:00,https://apps.apple.com/us/app/plushcare-online-doctor/id955183607,#104 in Medical,4.9,122K Ratings
2024-12-23 09:05:00,https://apps.apple.com/us/app/one-medical/id393507802,#66 in Medical,4.9,44K Ratings
2024-12-24 09:04:43,https://apps.apple.com/us/app/hims-telehealth-for-men/id1455690574,#12 in Medical,4.8,52.3K Ratings
2024-12-24 09:04:43,https://apps.apple.com/us/app/hers-womens-healthcare/id1623878709,#19 in Medical,4.5,5.2K Ratings
2024-12-24 09:04:44,https://apps.apple.com/us/app/ro/id1585858911,#43 in Medical,4.8,4K Ratings
2024-12-24 09:04:44,https://apps.apple.com/us/app/push-health-telehealth-app/id950510633,N/A,4.6,16.7K Ratings
2024-12-24 09:04:44,https://apps.apple.com/us/app/plushcare-online-doctor/id955183607,#100 in Medical,4.9,122K Ratings
2024-12-24 09:04:44,https://apps.apple.com/us/app/one-medical/id393507802,#69 in Medical,4.9,44K Ratings
2024-12-25 09:04:41,https://apps.apple.com/us/app/hims-telehealth-for-men/id1455690574,#10 in Medical,4.8,52.4K Ratings
2024-12-25 09:04:42,https://apps.apple.com/us/app/hers-womens-healthcare/id1623878709,#19 in Medical,4.5,5.2K Ratings
2024-12-25 09:04:42,https://apps.apple.com/us/app/ro/id1585858911,#42 in Medical,4.8,4K Ratings
2024-12-25 09:04:42,https://apps.apple.com/us/app/push-health-telehealth-app/id950510633,N/A,4.6,16.7K Ratings
2024-12-25 09:04:42,https://apps.apple.com/us/app/plushcare-online-doctor/id955183607,#93 in Medical,4.9,122.1K Ratings
2024-12-25 09:04:43,https://apps.apple.com/us/app/one-medical/id393507802,#69 in Medical,4.9,44.1K Ratings
2024-12-26 09:04:35,https://apps.apple.com/us/app/hims-telehealth-for-men/id1455690574,#8 in Medical,4.8,52.4K Ratings
2024-12-26 09:04:35,https://apps.apple.com/us/app/hers-womens-healthcare/id1623878709,#11 in Medical,4.5,5.2K Ratings
2024-12-26 09:04:35,https://apps.apple.com/us/app/ro/id1585858911,#36 in Medical,4.8,4K Ratings
2024-12-26 09:04:35,https://apps.apple.com/us/app/push-health-telehealth-app/id950510633,N/A,4.6,16.7K Ratings
2024-12-26 09:04:36,https://apps.apple.com/us/app/plushcare-online-doctor/id955183607,#84 in Medical,4.9,122.2K Ratings
2024-12-26 09:04:36,https://apps.apple.com/us/app/one-medical/id393507802,#69 in Medical,4.9,44.1K Ratings
2024-12-27 09:04:47,https://apps.apple.com/us/app/hims-telehealth-for-men/id1455690574,#9 in Medical,4.8,52.4K Ratings
2024-12-27 09:04:48,https://apps.apple.com/us/app/hers-womens-healthcare/id1623878709,#13 in Medical,4.5,5.2K Ratings
2024-12-27 09:04:48,https://apps.apple.com/us/app/ro/id1585858911,#36 in Medical,4.8,4K Ratings
2024-12-27 09:04:48,https://apps.apple.com/us/app/push-health-telehealth-app/id950510633,N/A,4.6,16.7K Ratings
2024-12-27 09:04:49,https://apps.apple.com/us/app/plushcare-online-doctor/id955183607,#99 in Medical,4.9,122.2K Ratings
2024-12-27 09:04:49,https://apps.apple.com/us/app/one-medical/id393507802,#68 in Medical,4.9,44.1K Ratings
2024-12-28 09:04:10,https://apps.apple.com/us/app/hims-telehealth-for-men/id1455690574,#9 in Medical,4.8,52.5K Ratings
2024-12-28 09:04:10,https://apps.apple.com/us/app/hers-womens-healthcare/id1623878709,#12 in Medical,4.5,5.2K Ratings
2024-12-28 09:04:10,https://apps.apple.com/us/app/ro/id1585858911,#35 in Medical,4.8,4K Ratings
2024-12-28 09:04:10,https://apps.apple.com/us/app/push-health-telehealth-app/id950510633,N/A,4.6,16.7K Ratings
2024-12-28 09:04:11,https://apps.apple.com/us/app/plushcare-online-doctor/id955183607,#103 in Medical,4.9,122.3K Ratings
2024-12-28 09:04:11,https://apps.apple.com/us/app/one-medical/id393507802,#77 in Medical,4.9,44.1K Ratings
2024-12-29 09:04:05,https://apps.apple.com/us/app/hims-telehealth-for-men/id1455690574,#7 in Medical,4.8,52.6K Ratings
2024-12-29 09:04:05,https://apps.apple.com/us/app/hers-womens-healthcare/id1623878709,#9 in Medical,4.5,5.2K Ratings
2024-12-29 09:04:06,https://apps.apple.com/us/app/ro/id1585858911,#26 in Medical,4.8,4K Ratings
2024-12-29 09:04:06,https://apps.apple.com/us/app/push-health-telehealth-app/id950510633,N/A,4.6,16.7K Ratings
2024-12-29 09:04:06,https://apps.apple.com/us/app/plushcare-online-doctor/id955183607,#88 in Medical,4.9,122.4K Ratings
2024-12-29 09:04:06,https://apps.apple.com/us/app/one-medical/id393507802,#72 in Medical,4.9,44.1K Ratings
2024-12-30 09:05:02,https://apps.apple.com/us/app/hims-telehealth-for-men/id1455690574,#5 in Medical,4.8,52.6K Ratings
2024-12-30 09:05:02,https://apps.apple.com/us/app/hers-womens-healthcare/id1623878709,#8 in Medical,4.5,5.2K Ratings
2024-12-30 09:05:03,https://apps.apple.com/us/app/ro/id1585858911,#28 in Medical,4.8,4K Ratings
2024-12-30 09:05:03,https://apps.apple.com/us/app/push-health-telehealth-app/id950510633,N/A,4.6,16.8K Ratings
2024-12-30 09:05:03,https://apps.apple.com/us/app/plushcare-online-doctor/id955183607,#98 in Medical,4.9,122.4K Ratings
2024-12-30 09:05:03,https://apps.apple.com/us/app/one-medical/id393507802,#64 in Medical,4.9,44.1K Ratings
2024-12-31 09:04:32,https://apps.apple.com/us/app/hims-telehealth-for-men/id1455690574,#9 in Medical,4.8,52.7K Ratings
2024-12-31 09:04:32,https://apps.apple.com/us/app/hers-womens-healthcare/id1623878709,#13 in Medical,4.5,5.2K Ratings
2024-12-31 09:04:33,https://apps.apple.com/us/app/ro/id1585858911,#36 in Medical,4.8,4K Ratings
2024-12-31 09:04:33,https://apps.apple.com/us/app/push-health-telehealth-app/id950510633,N/A,4.6,16.8K Ratings
2024-12-31 09:04:33,https://apps.apple.com/us/app/plushcare-online-doctor/id955183607,#113 in Medical,4.9,122.5K Ratings
2024-12-31 09:04:34,https://apps.apple.com/us/app/one-medical/id393507802,#72 in Medical,4.9,44.2K Ratings
2025-01-01 09:04:48,https://apps.apple.com/us/app/hims-telehealth-for-men/id1455690574,#9 in Medical,4.8,52.8K Ratings
2025-01-01 09:04:48,https://apps.apple.com/us/app/hers-womens-healthcare/id1623878709,#14 in Medical,4.5,5.2K Ratings
2025-01-01 09:04:48,https://apps.apple.com/us/app/ro/id1585858911,#34 in Medical,4.8,4K Ratings
2025-01-01 09:04:48,https://apps.apple.com/us/app/push-health-telehealth-app/id950510633,N/A,4.6,16.8K Ratings
2025-01-01 09:04:49,https://apps.apple.com/us/app/plushcare-online-doctor/id955183607,#100 in Medical,4.9,122.6K Ratings
2025-01-01 09:04:49,https://apps.apple.com/us/app/one-medical/id393507802,#77 in Medical,4.9,44.2K Ratings
2025-01-02 09:04:35,https://apps.apple.com/us/app/hims-telehealth-for-men/id1455690574,#9 in Medical,4.8,52.9K Ratings
2025-01-02 09:04:35,https://apps.apple.com/us/app/hers-womens-healthcare/id1623878709,#11 in Medical,4.5,5.2K Ratings
2025-01-02 09:04:35,https://apps.apple.com/us/app/ro/id1585858911,#31 in Medical,4.8,4.1K Ratings
2025-01-02 09:04:36,https://apps.apple.com/us/app/push-health-telehealth-app/id950510633,N/A,4.6,16.8K Ratings
2025-01-02 09:04:36,https://apps.apple.com/us/app/plushcare-online-doctor/id955183607,#99 in Medical,4.9,122.7K Ratings
2025-01-02 09:04:36,https://apps.apple.com/us/app/one-medical/id393507802,#61 in Medical,4.9,44.2K Ratings
2025-01-03 09:04:43,https://apps.apple.com/us/app/hims-telehealth-for-men/id1455690574,#14 in Medical,4.8,52.9K Ratings
2025-01-03 09:04:43,https://apps.apple.com/us/app/hers-womens-healthcare/id1623878709,#15 in Medical,4.5,5.2K Ratings
2025-01-03 09:04:43,https://apps.apple.com/us/app/ro/id1585858911,#36 in Medical,4.8,4.1K Ratings
2025-01-03 09:04:44,https://apps.apple.com/us/app/push-health-telehealth-app/id950510633,N/A,4.6,16.8K Ratings
2025-01-03 09:04:44,https://apps.apple.com/us/app/plushcare-online-doctor/id955183607,#121 in Medical,4.9,122.7K Ratings
2025-01-03 09:04:44,https://apps.apple.com/us/app/one-medical/id393507802,#56 in Medical,4.9,44.2K Ratings
2025-01-04 09:04:20,https://apps.apple.com/us/app/hims-telehealth-for-men/id1455690574,#13 in Medical,4.8,53K Ratings
2025-01-04 09:04:20,https://apps.apple.com/us/app/hers-womens-healthcare/id1623878709,#17 in Medical,4.5,5.2K Ratings
2025-01-04 09:04:21,https://apps.apple.com/us/app/ro/id1585858911,#35 in Medical,4.8,4.1K Ratings
2025-01-04 09:04:21,https://apps.apple.com/us/app/push-health-telehealth-app/id950510633,N/A,4.6,16.8K Ratings
2025-01-04 09:04:21,https://apps.apple.com/us/app/plushcare-online-doctor/id955183607,#114 in Medical,4.9,122.8K Ratings
2025-01-04 09:04:22,https://apps.apple.com/us/app/one-medical/id393507802,#60 in Medical,4.9,44.2K Ratings
2025-01-05 09:04:03,https://apps.apple.com/us/app/hims-telehealth-for-men/id1455690574,#7 in Medical,4.8,53.1K Ratings
2025-01-05 09:04:03,https://apps.apple.com/us/app/hers-womens-healthcare/id1623878709,#10 in Medical,4.5,5.2K Ratings
2025-01-05 09:04:04,https://apps.apple.com/us/app/ro/id1585858911,#30 in Medical,4.8,4.1K Ratings
2025-01-05 09:04:04,https://apps.apple.com/us/app/push-health-telehealth-app/id950510633,N/A,4.6,16.8K Ratings
2025-01-05 09:04:04,https://apps.apple.com/us/app/plushcare-online-doctor/id955183607,#105 in Medical,4.9,122.9K Ratings
2025-01-05 09:04:05,https://apps.apple.com/us/app/one-medical/id393507802,#64 in Medical,4.9,44.3K Ratings
2025-01-06 09:04:57,https://apps.apple.com/us/app/hims-telehealth-for-men/id1455690574,#7 in Medical,4.8,53.2K Ratings
2025-01-06 09:04:58,https://apps.apple.com/us/app/hers-womens-healthcare/id1623878709,#10 in Medical,4.5,5.2K Ratings
2025-01-06 09:04:58,https://apps.apple.com/us/app/ro/id1585858911,#31 in Medical,4.8,4.1K Ratings
2025-01-06 09:04:58,https://apps.apple.com/us/app/push-health-telehealth-app/id950510633,N/A,4.6,16.9K Ratings
2025-01-06 09:04:59,https://apps.apple.com/us/app/plushcare-online-doctor/id955183607,#114 in Medical,4.9,123K Ratings
2025-01-06 09:04:59,https://apps.apple.com/us/app/one-medical/id393507802,#60 in Medical,4.9,44.3K Ratings
2025-01-07 09:04:54,https://apps.apple.com/us/app/hims-telehealth-for-men/id1455690574,#11 in Medical,4.8,53.2K Ratings
2025-01-07 09:04:55,https://apps.apple.com/us/app/hers-womens-healthcare/id1623878709,#17 in Medical,4.5,5.2K Ratings
2025-01-07 09:04:55,https://apps.apple.com/us/app/ro/id1585858911,#36 in Medical,4.8,4.1K Ratings
2025-01-07 09:04:55,https://apps.apple.com/us/app/push-health-telehealth-app/id950510633,N/A,4.6,16.9K Ratings
2025-01-07 09:04:55,https://apps.apple.com/us/app/plushcare-online-doctor/id955183607,#126 in Medical,4.9,123K Ratings
2025-01-07 09:04:56,https://apps.apple.com/us/app/one-medical/id393507802,#64 in Medical,4.9,44.3K Ratings
2025-01-08 09:04:47,https://apps.apple.com/us/app/hims-telehealth-for-men/id1455690574,#16 in Medical,4.8,53.3K Ratings
2025-01-08 09:04:47,https://apps.apple.com/us/app/hers-womens-healthcare/id1623878709,#19 in Medical,4.5,5.3K Ratings
2025-01-08 09:04:47,https://apps.apple.com/us/app/ro/id1585858911,#37 in Medical,4.8,4.1K Ratings
2025-01-08 09:04:47,https://apps.apple.com/us/app/push-health-telehealth-app/id950510633,N/A,4.6,16.9K Ratings
2025-01-08 09:04:47,https://apps.apple.com/us/app/plushcare-online-doctor/id955183607,#134 in Medical,4.9,123.1K Ratings
2025-01-08 09:04:48,https://apps.apple.com/us/app/one-medical/id393507802,#68 in Medical,4.9,44.3K Ratings
2025-01-09 09:04:49,https://apps.apple.com/us/app/hims-telehealth-for-men/id1455690574,#18 in Medical,4.8,53.4K Ratings
2025-01-09 09:04:49,https://apps.apple.com/us/app/hers-womens-healthcare/id1623878709,#20 in Medical,4.5,5.3K Ratings
2025-01-09 09:04:50,https://apps.apple.com/us/app/ro/id1585858911,#36 in Medical,4.8,4.1K Ratings
2025-01-09 09:04:50,https://apps.apple.com/us/app/push-health-telehealth-app/id950510633,N/A,4.6,16.9K Ratings
2025-01-09 09:04:50,https://apps.apple.com/us/app/plushcare-online-doctor/id955183607,#141 in Medical,4.9,123.2K Ratings
2025-01-09 09:04:51,https://apps.apple.com/us/app/one-medical/id393507802,#60 in Medical,4.9,44.3K Ratings
2025-01-10 09:05:08,https://apps.apple.com/us/app/hims-telehealth-for-men/id1455690574,#16 in Medical,4.8,53.5K Ratings
2025-01-10 09:05:08,https://apps.apple.com/us/app/hers-womens-healthcare/id1623878709,#19 in Medical,4.5,5.3K Ratings
2025-01-10 09:05:08,https://apps.apple.com/us/app/ro/id1585858911,#37 in Medical,4.8,4.1K Ratings
2025-01-10 09:05:09,https://apps.apple.com/us/app/push-health-telehealth-app/id950510633,N/A,4.6,16.9K Ratings
2025-01-10 09:05:09,https://apps.apple.com/us/app/plushcare-online-doctor/id955183607,#134 in Medical,4.9,123.2K Ratings
2025-01-10 09:05:09,https://apps.apple.com/us/app/one-medical/id393507802,#53 in Medical,4.9,44.3K Ratings
2025-01-11 09:04:03,https://apps.apple.com/us/app/hims-telehealth-for-men/id1455690574,#17 in Medical,4.8,53.6K Ratings
2025-01-11 09:04:03,https://apps.apple.com/us/app/hers-womens-healthcare/id1623878709,#20 in Medical,4.5,5.3K Ratings
2025-01-11 09:04:03,https://apps.apple.com/us/app/ro/id1585858911,#34 in Medical,4.8,4.2K Ratings
2025-01-11 09:04:04,https://apps.apple.com/us/app/push-health-telehealth-app/id950510633,N/A,4.6,16.9K Ratings
2025-01-11 09:04:04,https://apps.apple.com/us/app/plushcare-online-doctor/id955183607,#129 in Medical,4.9,123.3K Ratings
2025-01-11 09:04:04,https://apps.apple.com/us/app/one-medical/id393507802,#59 in Medical,4.9,44.4K Ratings
2025-01-12 09:04:21,https://apps.apple.com/us/app/hims-telehealth-for-men/id1455690574,#7 in Medical,4.8,53.7K Ratings
2025-01-12 09:04:21,https://apps.apple.com/us/app/hers-womens-healthcare/id1623878709,#11 in Medical,4.5,5.3K Ratings
2025-01-12 09:04:21,https://apps.apple.com/us/app/ro/id1585858911,#30 in Medical,4.8,4.2K Ratings
2025-01-12 09:04:22,https://apps.apple.com/us/app/push-health-telehealth-app/id950510633,N/A,4.6,17K Ratings
2025-01-12 09:04:22,https://apps.apple.com/us/app/plushcare-online-doctor/id955183607,#120 in Medical,4.9,123.4K Ratings
2025-01-12 09:04:22,https://apps.apple.com/us/app/one-medical/id393507802,#60 in Medical,4.9,44.4K Ratings
2025-01-13 09:05:05,https://apps.apple.com/us/app/hims-telehealth-for-men/id1455690574,#7 in Medical,4.8,53.7K Ratings
2025-01-13 09:05:05,https://apps.apple.com/us/app/hers-womens-healthcare/id1623878709,#8 in Medical,4.5,5.3K Ratings
2025-01-13 09:05:06,https://apps.apple.com/us/app/ro/id1585858911,#30 in Medical,4.8,4.2K Ratings
2025-01-13 09:05:06,https://apps.apple.com/us/app/push-health-telehealth-app/id950510633,N/A,4.6,17K Ratings
2025-01-13 09:05:06,https://apps.apple.com/us/app/plushcare-online-doctor/id955183607,#121 in Medical,4.9,123.5K Ratings
2025-01-13 09:05:06,https://apps.apple.com/us/app/one-medical/id393507802,#59 in Medical,4.9,44.4K Ratings
2025-01-14 09:04:43,https://apps.apple.com/us/app/hims-telehealth-for-men/id1455690574,#13 in Medical,4.8,53.8K Ratings
2025-01-14 09:04:43,https://apps.apple.com/us/app/hers-womens-healthcare/id1623878709,#18 in Medical,4.5,5.3K Ratings
2025-01-14 09:04:43,https://apps.apple.com/us/app/ro/id1585858911,#37 in Medical,4.8,4.2K Ratings
2025-01-14 09:04:44,https://apps.apple.com/us/app/push-health-telehealth-app/id950510633,N/A,4.6,17K Ratings
2025-01-14 09:04:44,https://apps.apple.com/us/app/plushcare-online-doctor/id955183607,#126 in Medical,4.9,123.5K Ratings
2025-01-14 09:04:44,https://apps.apple.com/us/app/one-medical/id393507802,#63 in Medical,4.9,44.4K Ratings
2025-01-15 09:04:36,https://apps.apple.com/us/app/hims-telehealth-for-men/id1455690574,#15 in Medical,4.8,53.9K Ratings
2025-01-15 09:04:36,https://apps.apple.com/us/app/hers-womens-healthcare/id1623878709,#22 in Medical,4.5,5.3K Ratings
2025-01-15 09:04:36,https://apps.apple.com/us/app/ro/id1585858911,#40 in Medical,4.8,4.2K Ratings
2025-01-15 09:04:36,https://apps.apple.com/us/app/push-health-telehealth-app/id950510633,N/A,4.6,17K Ratings
2025-01-15 09:04:36,https://apps.apple.com/us/app/plushcare-online-doctor/id955183607,#140 in Medical,4.9,123.6K Ratings
2025-01-15 09:04:37,https://apps.apple.com/us/app/one-medical/id393507802,#64 in Medical,4.9,44.4K Ratings
2025-01-16 09:04:40,https://apps.apple.com/us/app/hims-telehealth-for-men/id1455690574,#16 in Medical,4.8,54K Ratings
2025-01-16 09:04:41,https://apps.apple.com/us/app/hers-womens-healthcare/id1623878709,#21 in Medical,4.5,5.3K Ratings
2025-01-16 09:04:41,https://apps.apple.com/us/app/ro/id1585858911,#37 in Medical,4.8,4.2K Ratings
2025-01-16 09:04:41,https://apps.apple.com/us/app/push-health-telehealth-app/id950510633,N/A,4.6,17K Ratings
2025-01-16 09:04:41,https://apps.apple.com/us/app/plushcare-online-doctor/id955183607,#138 in Medical,4.9,123.7K Ratings
2025-01-16 09:04:42,https://apps.apple.com/us/app/one-medical/id393507802,#61 in Medical,4.9,44.5K Ratings
2025-01-17 09:04:41,https://apps.apple.com/us/app/hims-telehealth-for-men/id1455690574,#18 in Medical,4.8,54.1K Ratings
2025-01-17 09:04:41,https://apps.apple.com/us/app/hers-womens-healthcare/id1623878709,#20 in Medical,4.5,5.4K Ratings
2025-01-17 09:04:42,https://apps.apple.com/us/app/ro/id1585858911,#37 in Medical,4.8,4.2K Ratings
2025-01-17 09:04:42,https://apps.apple.com/us/app/push-health-telehealth-app/id950510633,N/A,4.6,17K Ratings
2025-01-17 09:04:42,https://apps.apple.com/us/app/plushcare-online-doctor/id955183607,#139 in Medical,4.9,123.8K Ratings
2025-01-17 09:04:43,https://apps.apple.com/us/app/one-medical/id393507802,#64 in Medical,4.9,44.5K Ratings
2025-01-18 09:04:28,https://apps.apple.com/us/app/hims-telehealth-for-men/id1455690574,#17 in Medical,4.8,54.2K Ratings
2025-01-18 09:04:29,https://apps.apple.com/us/app/hers-womens-healthcare/id1623878709,#20 in Medical,4.5,5.4K Ratings
2025-01-18 09:04:29,https://apps.apple.com/us/app/ro/id1585858911,#35 in Medical,4.8,4.2K Ratings
2025-01-18 09:04:29,https://apps.apple.com/us/app/push-health-telehealth-app/id950510633,N/A,4.6,17K Ratings
2025-01-18 09:04:30,https://apps.apple.com/us/app/plushcare-online-doctor/id955183607,#129 in Medical,4.9,123.9K Ratings
2025-01-18 09:04:31,https://apps.apple.com/us/app/one-medical/id393507802,#68 in Medical,4.9,44.5K Ratings
2025-01-19 09:04:10,https://apps.apple.com/us/app/hims-telehealth-for-men/id1455690574,#9 in Medical,4.8,54.2K Ratings
2025-01-19 09:04:10,https://apps.apple.com/us/app/hers-womens-healthcare/id1623878709,#12 in Medical,4.5,5.4K Ratings
2025-01-19 09:04:10,https://apps.apple.com/us/app/ro/id1585858911,#32 in Medical,4.8,4.3K Ratings
2025-01-19 09:04:10,https://apps.apple.com/us/app/push-health-telehealth-app/id950510633,N/A,4.6,17.1K Ratings
2025-01-19 09:04:11,https://apps.apple.com/us/app/plushcare-online-doctor/id955183607,#113 in Medical,4.9,123.9K Ratings
2025-01-19 09:04:11,https://apps.apple.com/us/app/one-medical/id393507802,#67 in Medical,4.9,44.5K Ratings
2025-01-20 09:04:55,https://apps.apple.com/us/app/hims-telehealth-for-men/id1455690574,#8 in Medical,4.8,54.3K Ratings
2025-01-20 09:04:55,https://apps.apple.com/us/app/hers-womens-healthcare/id1623878709,#11 in Medical,4.5,5.4K Ratings
2025-01-20 09:04:55,https://apps.apple.com/us/app/ro/id1585858911,#30 in Medical,4.8,4.3K Ratings
2025-01-20 09:04:56,https://apps.apple.com/us/app/push-health-telehealth-app/id950510633,N/A,4.6,17.1K Ratings
2025-01-20 09:04:56,https://apps.apple.com/us/app/plushcare-online-doctor/id955183607,#114 in Medical,4.9,124K Ratings
2025-01-20 09:04:56,https://apps.apple.com/us/app/one-medical/id393507802,#69 in Medical,4.9,44.5K Ratings
2025-01-21 09:04:45,https://apps.apple.com/us/app/hims-telehealth-for-men/id1455690574,#12 in Medical,4.8,54.3K Ratings
2025-01-21 09:04:46,https://apps.apple.com/us/app/hers-womens-healthcare/id1623878709,#17 in Medical,4.5,5.4K Ratings
2025-01-21 09:04:46,https://apps.apple.com/us/app/ro/id1585858911,#31 in Medical,4.8,4.3K Ratings
2025-01-21 09:04:46,https://apps.apple.com/us/app/push-health-telehealth-app/id950510633,N/A,4.6,17.1K Ratings
2025-01-21 09:04:46,https://apps.apple.com/us/app/plushcare-online-doctor/id955183607,#97 in Medical,4.9,124K Ratings
2025-01-21 09:04:47,https://apps.apple.com/us/app/one-medical/id393507802,#71 in Medical,4.9,44.5K Ratings
2025-01-22 09:04:39,https://apps.apple.com/us/app/hims-telehealth-for-men/id1455690574,#15 in Medical,4.8,54.4K Ratings
2025-01-22 09:04:39,https://apps.apple.com/us/app/hers-womens-healthcare/id1623878709,#19 in Medical,4.5,5.4K Ratings
2025-01-22 09:04:40,https://apps.apple.com/us/app/ro/id1585858911,#37 in Medical,4.8,4.3K Ratings
2025-01-22 09:04:40,https://apps.apple.com/us/app/push-health-telehealth-app/id950510633,N/A,4.6,17.1K Ratings
2025-01-22 09:04:40,https://apps.apple.com/us/app/plushcare-online-doctor/id955183607,#109 in Medical,4.9,124.1K Ratings
2025-01-22 09:04:41,https://apps.apple.com/us/app/one-medical/id393507802,#69 in Medical,4.9,44.6K Ratings
2025-01-23 09:04:44,https://apps.apple.com/us/app/hims-telehealth-for-men/id1455690574,#16 in Medical,4.8,54.5K Ratings
2025-01-23 09:04:45,https://apps.apple.com/us/app/hers-womens-healthcare/id1623878709,#18 in Medical,4.5,5.4K Ratings
2025-01-23 09:04:45,https://apps.apple.com/us/app/ro/id1585858911,#39 in Medical,4.8,4.3K Ratings
2025-01-23 09:04:45,https://apps.apple.com/us/app/push-health-telehealth-app/id950510633,N/A,4.6,17.1K Ratings
2025-01-23 09:04:46,https://apps.apple.com/us/app/plushcare-online-doctor/id955183607,#117 in Medical,4.9,124.1K Ratings
2025-01-23 09:04:46,https://apps.apple.com/us/app/one-medical/id393507802,#64 in Medical,4.9,44.6K Ratings
2025-01-24 09:04:48,https://apps.apple.com/us/app/hims-telehealth-for-men/id1455690574,#16 in Medical,4.8,54.5K Ratings
2025-01-24 09:04:49,https://apps.apple.com/us/app/hers-womens-healthcare/id1623878709,#20 in Medical,4.5,5.4K Ratings
2025-01-24 09:04:49,https://apps.apple.com/us/app/ro/id1585858911,#37 in Medical,4.8,4.3K Ratings
2025-01-24 09:04:49,https://apps.apple.com/us/app/push-health-telehealth-app/id950510633,N/A,4.6,17.1K Ratings
2025-01-24 09:04:50,https://apps.apple.com/us/app/plushcare-online-doctor/id955183607,#120 in Medical,4.9,124.2K Ratings
2025-01-24 09:04:50,https://apps.apple.com/us/app/one-medical/id393507802,#67 in Medical,4.9,44.6K Ratings
2025-01-25 09:04:25,https://apps.apple.com/us/app/hims-telehealth-for-men/id1455690574,#16 in Medical,4.8,54.7K Ratings
2025-01-25 09:04:26,https://apps.apple.com/us/app/hers-womens-healthcare/id1623878709,#20 in Medical,4.5,5.4K Ratings
2025-01-25 09:04:26,https://apps.apple.com/us/app/ro/id1585858911,#40 in Medical,4.8,4.3K Ratings
2025-01-25 09:04:26,https://apps.apple.com/us/app/push-health-telehealth-app/id950510633,N/A,4.6,17.1K Ratings
2025-01-25 09:04:26,https://apps.apple.com/us/app/plushcare-online-doctor/id955183607,#109 in Medical,4.9,124.4K Ratings
2025-01-25 09:04:26,https://apps.apple.com/us/app/one-medical/id393507802,#70 in Medical,4.9,44.7K Ratings
2025-01-26 09:04:13,https://apps.apple.com/us/app/hims-telehealth-for-men/id1455690574,#8 in Medical,4.8,54.8K Ratings
2025-01-26 09:04:14,https://apps.apple.com/us/app/hers-womens-healthcare/id1623878709,#11 in Medical,4.5,5.4K Ratings
2025-01-26 09:04:14,https://apps.apple.com/us/app/ro/id1585858911,#35 in Medical,4.8,4.3K Ratings
2025-01-26 09:04:14,https://apps.apple.com/us/app/push-health-telehealth-app/id950510633,N/A,4.6,17.1K Ratings
2025-01-26 09:04:15,https://apps.apple.com/us/app/plushcare-online-doctor/id955183607,#100 in Medical,4.9,124.4K Ratings
2025-01-26 09:04:15,https://apps.apple.com/us/app/one-medical/id393507802,#61 in Medical,4.9,44.7K Ratings
2025-01-27 09:05:23,https://apps.apple.com/us/app/hims-telehealth-for-men/id1455690574,#8 in Medical,4.8,54.8K Ratings
2025-01-27 09:05:23,https://apps.apple.com/us/app/hers-womens-healthcare/id1623878709,#10 in Medical,4.5,5.4K Ratings
2025-01-27 09:05:24,https://apps.apple.com/us/app/ro/id1585858911,#31 in Medical,4.8,4.3K Ratings
2025-01-27 09:05:24,https://apps.apple.com/us/app/push-health-telehealth-app/id950510633,N/A,4.6,17.2K Ratings
2025-01-27 09:05:24,https://apps.apple.com/us/app/plushcare-online-doctor/id955183607,#111 in Medical,4.9,124.5K Ratings
2025-01-27 09:05:24,https://apps.apple.com/us/app/one-medical/id393507802,#62 in Medical,4.9,44.7K Ratings
2025-01-28 09:05:12,https://apps.apple.com/us/app/hims-telehealth-for-men/id1455690574,#13 in Medical,4.8,54.9K Ratings
2025-01-28 09:05:12,https://apps.apple.com/us/app/hers-womens-healthcare/id1623878709,#17 in Medical,4.5,5.4K Ratings
2025-01-28 09:05:12,https://apps.apple.com/us/app/ro/id1585858911,#38 in Medical,4.8,4.3K Ratings
2025-01-28 09:05:12,https://apps.apple.com/us/app/push-health-telehealth-app/id950510633,N/A,4.6,17.2K Ratings
2025-01-28 09:05:12,https://apps.apple.com/us/app/plushcare-online-doctor/id955183607,#106 in Medical,4.9,124.6K Ratings
2025-01-28 09:05:13,https://apps.apple.com/us/app/one-medical/id393507802,#66 in Medical,4.9,44.7K Ratings
2025-01-29 09:04:41,https://apps.apple.com/us/app/hims-telehealth-for-men/id1455690574,#16 in Medical,4.8,55K Ratings
2025-01-29 09:04:42,https://apps.apple.com/us/app/hers-womens-healthcare/id1623878709,#21 in Medical,4.5,5.5K Ratings
2025-01-29 09:04:42,https://apps.apple.com/us/app/ro/id1585858911,#39 in Medical,4.8,4.4K Ratings
2025-01-29 09:04:42,https://apps.apple.com/us/app/push-health-telehealth-app/id950510633,N/A,4.6,17.2K Ratings
2025-01-29 09:04:42,https://apps.apple.com/us/app/plushcare-online-doctor/id955183607,#108 in Medical,4.9,124.6K Ratings
2025-01-29 09:04:43,https://apps.apple.com/us/app/one-medical/id393507802,#65 in Medical,4.9,44.7K Ratings
2025-01-30 09:04:34,https://apps.apple.com/us/app/hims-telehealth-for-men/id1455690574,#16 in Medical,4.8,55.1K Ratings
2025-01-30 09:04:35,https://apps.apple.com/us/app/hers-womens-healthcare/id1623878709,#21 in Medical,4.5,5.5K Ratings
2025-01-30 09:04:35,https://apps.apple.com/us/app/ro/id1585858911,#39 in Medical,4.8,4.4K Ratings
2025-01-30 09:04:35,https://apps.apple.com/us/app/push-health-telehealth-app/id950510633,N/A,4.6,17.2K Ratings
2025-01-30 09:04:36,https://apps.apple.com/us/app/plushcare-online-doctor/id955183607,#117 in Medical,4.9,124.7K Ratings
2025-01-30 09:04:36,https://apps.apple.com/us/app/one-medical/id393507802,#71 in Medical,4.9,44.7K Ratings
2025-01-31 09:04:24,https://apps.apple.com/us/app/hims-telehealth-for-men/id1455690574,#17 in Medical,4.8,55.1K Ratings
2025-01-31 09:04:24,https://apps.apple.com/us/app/hers-womens-healthcare/id1623878709,#21 in Medical,4.5,5.5K Ratings
2025-01-31 09:04:25,https://apps.apple.com/us/app/ro/id1585858911,#39 in Medical,4.8,4.4K Ratings
2025-01-31 09:04:25,https://apps.apple.com/us/app/push-health-telehealth-app/id950510633,N/A,4.6,17.2K Ratings
2025-01-31 09:04:25,https://apps.apple.com/us/app/plushcare-online-doctor/id955183607,#109 in Medical,4.9,124.8K Ratings
2025-01-31 09:04:26,https://apps.apple.com/us/app/one-medical/id393507802,#77 in Medical,4.9,44.7K Ratings
2025-02-01 09:04:19,https://apps.apple.com/us/app/hims-telehealth-for-men/id1455690574,#15 in Medical,4.8,55.2K Ratings
2025-02-01 09:04:19,https://apps.apple.com/us/app/hers-womens-healthcare/id1623878709,#21 in Medical,4.5,5.5K Ratings
2025-02-01 09:04:19,https://apps.apple.com/us/app/ro/id1585858911,#41 in Medical,4.8,4.4K Ratings
2025-02-01 09:04:20,https://apps.apple.com/us/app/push-health-telehealth-app/id950510633,N/A,4.6,17.3K Ratings
2025-02-01 09:04:20,https://apps.apple.com/us/app/plushcare-online-doctor/id955183607,#111 in Medical,4.9,124.9K Ratings
2025-02-01 09:04:20,https://apps.apple.com/us/app/one-medical/id393507802,#66 in Medical,4.9,44.8K Ratings
2025-02-02 09:04:03,https://apps.apple.com/us/app/hims-telehealth-for-men/id1455690574,#9 in Medical,4.8,55.3K Ratings
2025-02-02 09:04:04,https://apps.apple.com/us/app/hers-womens-healthcare/id1623878709,#13 in Medical,4.5,5.5K Ratings
2025-02-02 09:04:04,https://apps.apple.com/us/app/ro/id1585858911,#35 in Medical,4.8,4.4K Ratings
2025-02-02 09:04:04,https://apps.apple.com/us/app/push-health-telehealth-app/id950510633,N/A,4.6,17.3K Ratings
2025-02-02 09:04:04,https://apps.apple.com/us/app/plushcare-online-doctor/id955183607,#107 in Medical,4.9,125K Ratings
2025-02-02 09:04:05,https://apps.apple.com/us/app/one-medical/id393507802,#67 in Medical,4.9,44.8K Ratings
2025-02-03 09:05:03,https://apps.apple.com/us/app/hims-telehealth-for-men/id1455690574,#8 in Medical,4.8,55.3K Ratings
2025-02-03 09:05:04,https://apps.apple.com/us/app/hers-womens-healthcare/id1623878709,#11 in Medical,4.5,5.5K Ratings
2025-02-03 09:05:04,https://apps.apple.com/us/app/ro/id1585858911,#30 in Medical,4.8,4.4K Ratings
2025-02-03 09:05:04,https://apps.apple.com/us/app/push-health-telehealth-app/id950510633,N/A,4.6,17.3K Ratings
2025-02-03 09:05:04,https://apps.apple.com/us/app/plushcare-online-doctor/id955183607,#119 in Medical,4.9,125K Ratings
2025-02-03 09:05:05,https://apps.apple.com/us/app/one-medical/id393507802,#66 in Medical,4.9,44.8K Ratings
2025-02-04 09:04:42,https://apps.apple.com/us/app/hims-telehealth-for-men/id1455690574,#14 in Medical,4.8,55.4K Ratings
2025-02-04 09:04:42,https://apps.apple.com/us/app/hers-womens-healthcare/id1623878709,#17 in Medical,4.5,5.5K Ratings
2025-02-04 09:04:42,https://apps.apple.com/us/app/ro/id1585858911,#36 in Medical,4.8,4.4K Ratings
2025-02-04 09:04:43,https://apps.apple.com/us/app/push-health-telehealth-app/id950510633,N/A,4.6,17.3K Ratings
2025-02-04 09:04:43,https://apps.apple.com/us/app/plushcare-online-doctor/id955183607,#113 in Medical,4.9,125.1K Ratings
2025-02-04 09:04:43,https://apps.apple.com/us/app/one-medical/id393507802,#66 in Medical,4.9,44.8K Ratings
2025-02-05 09:04:44,https://apps.apple.com/us/app/hims-telehealth-for-men/id1455690574,#16 in Medical,4.8,55.5K Ratings
2025-02-05 09:04:45,https://apps.apple.com/us/app/hers-womens-healthcare/id1623878709,#20 in Medical,4.5,5.5K Ratings
2025-02-05 09:04:45,https://apps.apple.com/us/app/ro/id1585858911,#39 in Medical,4.8,4.4K Ratings
2025-02-05 09:04:45,https://apps.apple.com/us/app/push-health-telehealth-app/id950510633,N/A,4.6,17.3K Ratings
2025-02-05 09:04:45,https://apps.apple.com/us/app/plushcare-online-doctor/id955183607,#120 in Medical,4.9,125.2K Ratings
2025-02-05 09:04:45,https://apps.apple.com/us/app/one-medical/id393507802,#70 in Medical,4.9,44.8K Ratings
2025-02-06 09:04:47,https://apps.apple.com/us/app/hims-telehealth-for-men/id1455690574,#15 in Medical,4.8,55.5K Ratings
2025-02-06 09:04:47,https://apps.apple.com/us/app/hers-womens-healthcare/id1623878709,#21 in Medical,4.5,5.5K Ratings
2025-02-06 09:04:47,https://apps.apple.com/us/app/ro/id1585858911,#36 in Medical,4.8,4.4K Ratings
2025-02-06 09:04:48,https://apps.apple.com/us/app/push-health-telehealth-app/id950510633,N/A,4.6,17.3K Ratings
2025-02-06 09:04:48,https://apps.apple.com/us/app/plushcare-online-doctor/id955183607,#139 in Medical,4.9,125.3K Ratings
2025-02-06 09:04:48,https://apps.apple.com/us/app/one-medical/id393507802,#66 in Medical,4.9,44.9K Ratings
2025-02-07 09:04:32,https://apps.apple.com/us/app/hims-telehealth-for-men/id1455690574,#14 in Medical,4.8,55.6K Ratings
2025-02-07 09:04:32,https://apps.apple.com/us/app/hers-womens-healthcare/id1623878709,#21 in Medical,4.5,5.5K Ratings
2025-02-07 09:04:32,https://apps.apple.com/us/app/ro/id1585858911,#41 in Medical,4.8,4.5K Ratings
2025-02-07 09:04:32,https://apps.apple.com/us/app/push-health-telehealth-app/id950510633,N/A,4.6,17.3K Ratings
2025-02-07 09:04:33,https://apps.apple.com/us/app/plushcare-online-doctor/id955183607,#126 in Medical,4.9,125.4K Ratings
2025-02-07 09:04:33,https://apps.apple.com/us/app/one-medical/id393507802,#66 in Medical,4.9,44.9K Ratings
2025-02-08 09:04:21,https://apps.apple.com/us/app/hims-telehealth-for-men/id1455690574,#13 in Medical,4.8,55.7K Ratings
2025-02-08 09:04:21,https://apps.apple.com/us/app/hers-womens-healthcare/id1623878709,#19 in Medical,4.5,5.5K Ratings
2025-02-08 09:04:21,https://apps.apple.com/us/app/ro/id1585858911,#40 in Medical,4.8,4.5K Ratings
2025-02-08 09:04:22,https://apps.apple.com/us/app/push-health-telehealth-app/id950510633,N/A,4.6,17.4K Ratings
2025-02-08 09:04:22,https://apps.apple.com/us/app/plushcare-online-doctor/id955183607,#114 in Medical,4.9,125.4K Ratings
2025-02-08 09:04:22,https://apps.apple.com/us/app/one-medical/id393507802,#66 in Medical,4.9,44.9K Ratings
2025-02-09 09:04:18,https://apps.apple.com/us/app/hims-telehealth-for-men/id1455690574,#8 in Medical,4.8,55.8K Ratings
2025-02-09 09:04:18,https://apps.apple.com/us/app/hers-womens-healthcare/id1623878709,#12 in Medical,4.5,5.6K Ratings
2025-02-09 09:04:18,https://apps.apple.com/us/app/ro/id1585858911,#32 in Medical,4.8,4.5K Ratings
2025-02-09 09:04:19,https://apps.apple.com/us/app/push-health-telehealth-app/id950510633,N/A,4.6,17.4K Ratings
2025-02-09 09:04:19,https://apps.apple.com/us/app/plushcare-online-doctor/id955183607,#106 in Medical,4.9,125.5K Ratings
2025-02-09 09:04:19,https://apps.apple.com/us/app/one-medical/id393507802,#62 in Medical,4.9,44.9K Ratings
2025-02-10 09:04:59,https://apps.apple.com/us/app/hims-telehealth-for-men/id1455690574,#4 in Medical,4.8,55.8K Ratings
2025-02-10 09:05:00,https://apps.apple.com/us/app/hers-womens-healthcare/id1623878709,#3 in Medical,4.5,5.6K Ratings
2025-02-10 09:05:00,https://apps.apple.com/us/app/ro/id1585858911,#20 in Medical,4.8,4.5K Ratings
2025-02-10 09:05:00,https://apps.apple.com/us/app/push-health-telehealth-app/id950510633,N/A,4.6,17.4K Ratings
2025-02-10 09:05:01,https://apps.apple.com/us/app/plushcare-online-doctor/id955183607,#105 in Medical,4.9,125.6K Ratings
2025-02-10 09:05:01,https://apps.apple.com/us/app/one-medical/id393507802,#52 in Medical,4.9,44.9K Ratings
2025-02-11 09:04:41,https://apps.apple.com/us/app/hims-telehealth-for-men/id1455690574,#10 in Medical,4.8,55.9K Ratings
2025-02-11 09:04:41,https://apps.apple.com/us/app/hers-womens-healthcare/id1623878709,#8 in Medical,4.5,5.6K Ratings
2025-02-11 09:04:41,https://apps.apple.com/us/app/ro/id1585858911,#30 in Medical,4.8,4.5K Ratings
2025-02-11 09:04:41,https://apps.apple.com/us/app/push-health-telehealth-app/id950510633,N/A,4.6,17.4K Ratings
2025-02-11 09:04:42,https://apps.apple.com/us/app/plushcare-online-doctor/id955183607,#114 in Medical,4.9,125.6K Ratings
2025-02-11 09:04:42,https://apps.apple.com/us/app/one-medical/id393507802,#61 in Medical,4.9,44.9K Ratings
2025-02-12 09:04:46,https://apps.apple.com/us/app/hims-telehealth-for-men/id1455690574,#12 in Medical,4.8,56K Ratings
2025-02-12 09:04:46,https://apps.apple.com/us/app/hers-womens-healthcare/id1623878709,#11 in Medical,4.5,5.6K Ratings
2025-02-12 09:04:47,https://apps.apple.com/us/app/ro/id1585858911,#32 in Medical,4.8,4.5K Ratings
2025-02-12 09:04:47,https://apps.apple.com/us/app/push-health-telehealth-app/id950510633,N/A,4.6,17.4K Ratings
2025-02-12 09:04:47,https://apps.apple.com/us/app/plushcare-online-doctor/id955183607,#122 in Medical,4.9,125.7K Ratings
2025-02-12 09:04:47,https://apps.apple.com/us/app/one-medical/id393507802,#58 in Medical,4.9,45K Ratings
2025-02-13 09:04:54,https://apps.apple.com/us/app/hims-telehealth-for-men/id1455690574,#12 in Medical,4.8,56.1K Ratings
2025-02-13 09:04:54,https://apps.apple.com/us/app/hers-womens-healthcare/id1623878709,#13 in Medical,4.5,5.6K Ratings
2025-02-13 09:04:55,https://apps.apple.com/us/app/ro/id1585858911,#32 in Medical,4.8,4.5K Ratings
2025-02-13 09:04:55,https://apps.apple.com/us/app/push-health-telehealth-app/id950510633,N/A,4.6,17.4K Ratings
2025-02-13 09:04:55,https://apps.apple.com/us/app/plushcare-online-doctor/id955183607,#116 in Medical,4.9,125.8K Ratings
2025-02-13 09:04:55,https://apps.apple.com/us/app/one-medical/id393507802,#61 in Medical,4.9,45K Ratings
2025-02-14 09:04:39,https://apps.apple.com/us/app/hims-telehealth-for-men/id1455690574,#13 in Medical,4.8,56.2K Ratings
2025-02-14 09:04:39,https://apps.apple.com/us/app/hers-womens-healthcare/id1623878709,#14 in Medical,4.5,5.6K Ratings
2025-02-14 09:04:40,https://apps.apple.com/us/app/ro/id1585858911,#32 in Medical,4.8,4.5K Ratings
2025-02-14 09:04:40,https://apps.apple.com/us/app/push-health-telehealth-app/id950510633,N/A,4.6,17.4K Ratings
2025-02-14 09:04:41,https://apps.apple.com/us/app/plushcare-online-doctor/id955183607,#122 in Medical,4.9,125.8K Ratings
2025-02-14 09:04:41,https://apps.apple.com/us/app/one-medical/id393507802,#62 in Medical,4.9,45K Ratings
2025-02-15 09:04:15,https://apps.apple.com/us/app/hims-telehealth-for-men/id1455690574,#12 in Medical,4.8,56.3K Ratings
2025-02-15 09:04:15,https://apps.apple.com/us/app/hers-womens-healthcare/id1623878709,#15 in Medical,4.5,5.6K Ratings
2025-02-15 09:04:16,https://apps.apple.com/us/app/ro/id1585858911,#32 in Medical,4.8,4.6K Ratings
2025-02-15 09:04:16,https://apps.apple.com/us/app/push-health-telehealth-app/id950510633,N/A,4.6,17.5K Ratings
2025-02-15 09:04:16,https://apps.apple.com/us/app/plushcare-online-doctor/id955183607,#114 in Medical,4.9,125.9K Ratings
2025-02-15 09:04:16,https://apps.apple.com/us/app/one-medical/id393507802,#63 in Medical,4.9,45K Ratings
2025-02-16 09:04:12,https://apps.apple.com/us/app/hims-telehealth-for-men/id1455690574,#6 in Medical,4.8,56.3K Ratings
2025-02-16 09:04:12,https://apps.apple.com/us/app/hers-womens-healthcare/id1623878709,#10 in Medical,4.5,5.6K Ratings
2025-02-16 09:04:12,https://apps.apple.com/us/app/ro/id1585858911,#21 in Medical,4.8,4.6K Ratings
2025-02-16 09:04:12,https://apps.apple.com/us/app/push-health-telehealth-app/id950510633,N/A,4.6,17.5K Ratings
2025-02-16 09:04:13,https://apps.apple.com/us/app/plushcare-online-doctor/id955183607,#102 in Medical,4.9,126K Ratings
2025-02-16 09:04:13,https://apps.apple.com/us/app/one-medical/id393507802,#57 in Medical,4.9,45K Ratings
2025-02-17 09:05:32,https://apps.apple.com/us/app/hims-telehealth-for-men/id1455690574,#6 in Medical,4.8,56.4K Ratings
2025-02-17 09:05:32,https://apps.apple.com/us/app/hers-womens-healthcare/id1623878709,#7 in Medical,4.5,5.6K Ratings
2025-02-17 09:05:32,https://apps.apple.com/us/app/ro/id1585858911,#20 in Medical,4.8,4.6K Ratings
2025-02-17 09:05:32,https://apps.apple.com/us/app/push-health-telehealth-app/id950510633,N/A,4.6,17.5K Ratings
2025-02-17 09:05:33,https://apps.apple.com/us/app/plushcare-online-doctor/id955183607,#106 in Medical,4.9,126.1K Ratings
2025-02-17 09:05:33,https://apps.apple.com/us/app/one-medical/id393507802,#60 in Medical,4.9,45K Ratings
2025-02-18 09:04:43,https://apps.apple.com/us/app/hims-telehealth-for-men/id1455690574,#10 in Medical,4.8,56.4K Ratings
2025-02-18 09:04:43,https://apps.apple.com/us/app/hers-womens-healthcare/id1623878709,#12 in Medical,4.5,5.6K Ratings
2025-02-18 09:04:43,https://apps.apple.com/us/app/ro/id1585858911,#28 in Medical,4.8,4.6K Ratings
2025-02-18 09:04:44,https://apps.apple.com/us/app/push-health-telehealth-app/id950510633,N/A,4.6,17.5K Ratings
2025-02-18 09:04:44,https://apps.apple.com/us/app/plushcare-online-doctor/id955183607,#103 in Medical,4.9,126.1K Ratings
2025-02-18 09:04:44,https://apps.apple.com/us/app/one-medical/id393507802,#59 in Medical,4.9,45.1K Ratings
2025-02-19 09:04:45,https://apps.apple.com/us/app/hims-telehealth-for-men/id1455690574,#13 in Medical,4.8,56.5K Ratings
2025-02-19 09:04:45,https://apps.apple.com/us/app/hers-womens-healthcare/id1623878709,#14 in Medical,4.5,5.6K Ratings
2025-02-19 09:04:45,https://apps.apple.com/us/app/ro/id1585858911,#33 in Medical,4.8,4.6K Ratings
2025-02-19 09:04:46,https://apps.apple.com/us/app/push-health-telehealth-app/id950510633,N/A,4.6,17.5K Ratings
2025-02-19 09:04:46,https://apps.apple.com/us/app/plushcare-online-doctor/id955183607,#121 in Medical,4.9,126.2K Ratings
2025-02-19 09:04:47,https://apps.apple.com/us/app/one-medical/id393507802,#67 in Medical,4.9,45.1K Ratings
2025-02-20 09:04:40,https://apps.apple.com/us/app/hims-telehealth-for-men/id1455690574,#13 in Medical,4.8,56.5K Ratings
2025-02-20 09:04:40,https://apps.apple.com/us/app/hers-womens-healthcare/id1623878709,#14 in Medical,4.5,5.7K Ratings
2025-02-20 09:04:41,https://apps.apple.com/us/app/ro/id1585858911,#34 in Medical,4.8,4.6K Ratings
2025-02-20 09:04:41,https://apps.apple.com/us/app/push-health-telehealth-app/id950510633,N/A,4.6,17.5K Ratings
2025-02-20 09:04:41,https://apps.apple.com/us/app/plushcare-online-doctor/id955183607,#131 in Medical,4.9,126.2K Ratings
2025-02-20 09:04:41,https://apps.apple.com/us/app/one-medical/id393507802,#64 in Medical,4.9,45.1K Ratings
2025-02-21 09:04:39,https://apps.apple.com/us/app/hims-telehealth-for-men/id1455690574,#13 in Medical,4.8,56.7K Ratings
2025-02-21 09:04:39,https://apps.apple.com/us/app/hers-womens-healthcare/id1623878709,#14 in Medical,4.5,5.7K Ratings
2025-02-21 09:04:40,https://apps.apple.com/us/app/ro/id1585858911,#33 in Medical,4.8,4.7K Ratings
2025-02-21 09:04:40,https://apps.apple.com/us/app/push-health-telehealth-app/id950510633,N/A,4.6,17.5K Ratings
2025-02-21 09:04:40,https://apps.apple.com/us/app/plushcare-online-doctor/id955183607,#137 in Medical,4.9,126.4K Ratings
2025-02-21 09:04:40,https://apps.apple.com/us/app/one-medical/id393507802,#63 in Medical,4.9,45.1K Ratings
2025-02-22 09:04:18,https://apps.apple.com/us/app/hims-telehealth-for-men/id1455690574,#12 in Medical,4.8,56.7K Ratings
2025-02-22 09:04:18,https://apps.apple.com/us/app/hers-womens-healthcare/id1623878709,#14 in Medical,4.5,5.7K Ratings
2025-02-22 09:04:19,https://apps.apple.com/us/app/ro/id1585858911,#35 in Medical,4.8,4.7K Ratings
2025-02-22 09:04:19,https://apps.apple.com/us/app/push-health-telehealth-app/id950510633,N/A,4.6,17.5K Ratings
2025-02-22 09:04:19,https://apps.apple.com/us/app/plushcare-online-doctor/id955183607,#114 in Medical,4.9,126.4K Ratings
2025-02-22 09:04:19,https://apps.apple.com/us/app/one-medical/id393507802,#66 in Medical,4.9,45.1K Ratings
2025-02-23 09:04:30,https://apps.apple.com/us/app/hims-telehealth-for-men/id1455690574,#7 in Medical,4.8,56.8K Ratings
2025-02-23 09:04:30,https://apps.apple.com/us/app/hers-womens-healthcare/id1623878709,#9 in Medical,4.5,5.7K Ratings
2025-02-23 09:04:30,https://apps.apple.com/us/app/ro/id1585858911,#23 in Medical,4.8,4.7K Ratings
2025-02-23 09:04:30,https://apps.apple.com/us/app/push-health-telehealth-app/id950510633,N/A,4.6,17.6K Ratings
2025-02-23 09:04:31,https://apps.apple.com/us/app/plushcare-online-doctor/id955183607,#109 in Medical,4.9,126.5K Ratings
2025-02-23 09:04:31,https://apps.apple.com/us/app/one-medical/id393507802,#65 in Medical,4.9,45.2K Ratings
2025-02-24 09:05:39,https://apps.apple.com/us/app/hims-telehealth-for-men/id1455690574,#6 in Medical,4.8,56.9K Ratings
2025-02-24 09:05:39,https://apps.apple.com/us/app/hers-womens-healthcare/id1623878709,#8 in Medical,4.5,5.7K Ratings
2025-02-24 09:05:39,https://apps.apple.com/us/app/ro/id1585858911,#22 in Medical,4.8,4.7K Ratings
2025-02-24 09:05:40,https://apps.apple.com/us/app/push-health-telehealth-app/id950510633,N/A,4.6,17.6K Ratings
2025-02-24 09:05:40,https://apps.apple.com/us/app/plushcare-online-doctor/id955183607,#115 in Medical,4.9,126.6K Ratings
2025-02-24 09:05:40,https://apps.apple.com/us/app/one-medical/id393507802,#56 in Medical,4.9,45.2K Ratings
2025-02-25 09:04:51,https://apps.apple.com/us/app/hims-telehealth-for-men/id1455690574,#12 in Medical,4.8,56.9K Ratings
2025-02-25 09:04:51,https://apps.apple.com/us/app/hers-womens-healthcare/id1623878709,#14 in Medical,4.5,5.7K Ratings
2025-02-25 09:04:52,https://apps.apple.com/us/app/ro/id1585858911,#31 in Medical,4.8,4.7K Ratings
2025-02-25 09:04:52,https://apps.apple.com/us/app/push-health-telehealth-app/id950510633,N/A,4.6,17.6K Ratings
2025-02-25 09:04:52,https://apps.apple.com/us/app/plushcare-online-doctor/id955183607,#122 in Medical,4.9,126.6K Ratings
2025-02-25 09:04:53,https://apps.apple.com/us/app/one-medical/id393507802,#57 in Medical,4.9,45.2K Ratings
2025-02-26 09:05:03,https://apps.apple.com/us/app/hims-telehealth-for-men/id1455690574,#13 in Medical,4.8,57K Ratings
2025-02-26 09:05:04,https://apps.apple.com/us/app/hers-womens-healthcare/id1623878709,#15 in Medical,4.5,5.7K Ratings
2025-02-26 09:05:04,https://apps.apple.com/us/app/ro/id1585858911,#31 in Medical,4.8,4.7K Ratings
2025-02-26 09:05:04,https://apps.apple.com/us/app/push-health-telehealth-app/id950510633,N/A,4.6,17.6K Ratings
2025-02-26 09:05:05,https://apps.apple.com/us/app/plushcare-online-doctor/id955183607,#131 in Medical,4.9,126.7K Ratings
2025-02-26 09:05:05,https://apps.apple.com/us/app/one-medical/id393507802,#66 in Medical,4.9,45.2K Ratings
2025-02-27 09:04:54,https://apps.apple.com/us/app/hims-telehealth-for-men/id1455690574,#17 in Medical,4.8,57.1K Ratings
2025-02-27 09:04:55,https://apps.apple.com/us/app/hers-womens-healthcare/id1623878709,#18 in Medical,4.5,5.7K Ratings
2025-02-27 09:04:55,https://apps.apple.com/us/app/ro/id1585858911,#32 in Medical,4.8,4.7K Ratings
2025-02-27 09:04:55,https://apps.apple.com/us/app/push-health-telehealth-app/id950510633,N/A,4.6,17.6K Ratings
2025-02-27 09:04:56,https://apps.apple.com/us/app/plushcare-online-doctor/id955183607,#127 in Medical,4.9,126.7K Ratings
2025-02-27 09:04:56,https://apps.apple.com/us/app/one-medical/id393507802,#64 in Medical,4.9,45.2K Ratings
2025-02-28 09:04:42,https://apps.apple.com/us/app/hims-telehealth-for-men/id1455690574,#16 in Medical,4.8,57.2K Ratings
2025-02-28 09:04:42,https://apps.apple.com/us/app/hers-womens-healthcare/id1623878709,#18 in Medical,4.5,5.7K Ratings
2025-02-28 09:04:43,https://apps.apple.com/us/app/ro/id1585858911,#30 in Medical,4.8,4.7K Ratings
2025-02-28 09:04:43,https://apps.apple.com/us/app/push-health-telehealth-app/id950510633,N/A,4.6,17.6K Ratings
2025-02-28 09:04:44,https://apps.apple.com/us/app/plushcare-online-doctor/id955183607,#123 in Medical,4.9,126.8K Ratings
2025-02-28 09:04:44,https://apps.apple.com/us/app/one-medical/id393507802,#69 in Medical,4.9,45.2K Ratings
2025-03-01 09:04:23,https://apps.apple.com/us/app/hims-telehealth-for-men/id1455690574,#16 in Medical,4.8,57.2K Ratings
2025-03-01 09:04:24,https://apps.apple.com/us/app/hers-womens-healthcare/id1623878709,#20 in Medical,4.5,5.7K Ratings
2025-03-01 09:04:24,https://apps.apple.com/us/app/ro/id1585858911,#30 in Medical,4.8,4.8K Ratings
2025-03-01 09:04:24,https://apps.apple.com/us/app/push-health-telehealth-app/id950510633,N/A,4.6,17.6K Ratings
2025-03-01 09:04:25,https://apps.apple.com/us/app/plushcare-online-doctor/id955183607,#124 in Medical,4.9,126.9K Ratings
2025-03-01 09:04:25,https://apps.apple.com/us/app/one-medical/id393507802,#71 in Medical,4.9,45.2K Ratings
2025-03-02 09:04:27,https://apps.apple.com/us/app/hims-telehealth-for-men/id1455690574,#9 in Medical,4.8,57.3K Ratings
2025-03-02 09:04:27,https://apps.apple.com/us/app/hers-womens-healthcare/id1623878709,#16 in Medical,4.5,5.7K Ratings
2025-03-02 09:04:27,https://apps.apple.com/us/app/ro/id1585858911,#21 in Medical,4.8,4.8K Ratings
2025-03-02 09:04:28,https://apps.apple.com/us/app/push-health-telehealth-app/id950510633,N/A,4.6,17.6K Ratings
2025-03-02 09:04:28,https://apps.apple.com/us/app/plushcare-online-doctor/id955183607,#112 in Medical,4.9,126.9K Ratings
2025-03-02 09:04:28,https://apps.apple.com/us/app/one-medical/id393507802,#63 in Medical,4.9,45.3K Ratings
2025-03-03 09:05:34,https://apps.apple.com/us/app/hims-telehealth-for-men/id1455690574,#7 in Medical,4.8,57.4K Ratings
2025-03-03 09:05:34,https://apps.apple.com/us/app/hers-womens-healthcare/id1623878709,#14 in Medical,4.5,5.8K Ratings
2025-03-03 09:05:34,https://apps.apple.com/us/app/ro/id1585858911,#19 in Medical,4.8,4.8K Ratings
2025-03-03 09:05:35,https://apps.apple.com/us/app/push-health-telehealth-app/id950510633,N/A,4.6,17.7K Ratings
2025-03-03 09:05:35,https://apps.apple.com/us/app/plushcare-online-doctor/id955183607,#116 in Medical,4.9,127K Ratings
2025-03-03 09:05:35,https://apps.apple.com/us/app/one-medical/id393507802,#61 in Medical,4.9,45.3K Ratings
2025-03-04 09:04:48,https://apps.apple.com/us/app/hims-telehealth-for-men/id1455690574,#11 in Medical,4.8,57.5K Ratings
2025-03-04 09:04:49,https://apps.apple.com/us/app/hers-womens-healthcare/id1623878709,#23 in Medical,4.5,5.8K Ratings
2025-03-04 09:04:49,https://apps.apple.com/us/app/ro/id1585858911,#28 in Medical,4.8,4.8K Ratings
2025-03-04 09:04:49,https://apps.apple.com/us/app/push-health-telehealth-app/id950510633,N/A,4.6,17.7K Ratings
2025-03-04 09:04:49,https://apps.apple.com/us/app/plushcare-online-doctor/id955183607,#125 in Medical,4.9,127K Ratings
2025-03-04 09:04:50,https://apps.apple.com/us/app/one-medical/id393507802,#65 in Medical,4.9,45.3K Ratings
2025-03-05 09:04:50,https://apps.apple.com/us/app/hims-telehealth-for-men/id1455690574,#18 in Medical,4.8,57.5K Ratings
2025-03-05 09:04:50,https://apps.apple.com/us/app/hers-womens-healthcare/id1623878709,#27 in Medical,4.5,5.8K Ratings
2025-03-05 09:04:50,https://apps.apple.com/us/app/ro/id1585858911,#30 in Medical,4.8,4.8K Ratings
2025-03-05 09:04:51,https://apps.apple.com/us/app/push-health-telehealth-app/id950510633,N/A,4.6,17.7K Ratings
2025-03-05 09:04:51,https://apps.apple.com/us/app/plushcare-online-doctor/id955183607,#124 in Medical,4.9,127.1K Ratings
2025-03-05 09:04:51,https://apps.apple.com/us/app/one-medical/id393507802,#68 in Medical,4.9,45.3K Ratings
2025-03-06 09:05:01,https://apps.apple.com/us/app/hims-telehealth-for-men/id1455690574,#15 in Medical,4.8,57.6K Ratings
2025-03-06 09:05:01,https://apps.apple.com/us/app/hers-womens-healthcare/id1623878709,#28 in Medical,4.5,5.8K Ratings
2025-03-06 09:05:01,https://apps.apple.com/us/app/ro/id1585858911,#29 in Medical,4.8,4.8K Ratings
2025-03-06 09:05:02,https://apps.apple.com/us/app/push-health-telehealth-app/id950510633,N/A,4.6,17.7K Ratings
2025-03-06 09:05:02,https://apps.apple.com/us/app/plushcare-online-doctor/id955183607,#120 in Medical,4.9,127.1K Ratings
2025-03-06 09:05:02,https://apps.apple.com/us/app/one-medical/id393507802,#67 in Medical,4.9,45.3K Ratings
2025-03-07 09:04:38,https://apps.apple.com/us/app/hims-telehealth-for-men/id1455690574,#15 in Medical,4.8,57.6K Ratings
2025-03-07 09:04:38,https://apps.apple.com/us/app/hers-womens-healthcare/id1623878709,#28 in Medical,4.5,5.8K Ratings
2025-03-07 09:04:39,https://apps.apple.com/us/app/ro/id1585858911,#29 in Medical,4.8,4.8K Ratings
2025-03-07 09:04:39,https://apps.apple.com/us/app/push-health-telehealth-app/id950510633,N/A,4.6,17.7K Ratings
2025-03-07 09:04:39,https://apps.apple.com/us/app/plushcare-online-doctor/id955183607,#119 in Medical,4.9,127.2K Ratings
2025-03-07 09:04:39,https://apps.apple.com/us/app/one-medical/id393507802,#74 in Medical,4.9,45.3K Ratings
2025-03-08 09:04:58,https://apps.apple.com/us/app/hims-telehealth-for-men/id1455690574,#15 in Medical,4.8,57.8K Ratings
2025-03-08 09:04:58,https://apps.apple.com/us/app/hers-womens-healthcare/id1623878709,#24 in Medical,4.5,5.8K Ratings
2025-03-08 09:04:58,https://apps.apple.com/us/app/ro/id1585858911,#29 in Medical,4.8,4.9K Ratings
2025-03-08 09:04:58,https://apps.apple.com/us/app/push-health-telehealth-app/id950510633,N/A,4.6,17.7K Ratings
2025-03-08 09:04:59,https://apps.apple.com/us/app/plushcare-online-doctor/id955183607,#120 in Medical,4.9,127.3K Ratings
2025-03-08 09:04:59,https://apps.apple.com/us/app/one-medical/id393507802,#74 in Medical,4.9,45.4K Ratings
2025-03-09 09:04:24,https://apps.apple.com/us/app/hims-telehealth-for-men/id1455690574,#8 in Medical,4.8,57.8K Ratings
2025-03-09 09:04:24,https://apps.apple.com/us/app/hers-womens-healthcare/id1623878709,#17 in Medical,4.5,5.8K Ratings
2025-03-09 09:04:24,https://apps.apple.com/us/app/ro/id1585858911,#19 in Medical,4.8,4.9K Ratings
2025-03-09 09:04:24,https://apps.apple.com/us/app/push-health-telehealth-app/id950510633,N/A,4.6,17.7K Ratings
2025-03-09 09:04:25,https://apps.apple.com/us/app/plushcare-online-doctor/id955183607,#114 in Medical,4.9,127.3K Ratings
2025-03-09 09:04:25,https://apps.apple.com/us/app/one-medical/id393507802,#64 in Medical,4.9,45.4K Ratings
2025-03-10 09:04:35,https://apps.apple.com/us/app/hims-telehealth-for-men/id1455690574,#7 in Medical,4.8,57.9K Ratings
2025-03-10 09:04:35,https://apps.apple.com/us/app/hers-womens-healthcare/id1623878709,#15 in Medical,4.5,5.8K Ratings
2025-03-10 09:04:36,https://apps.apple.com/us/app/ro/id1585858911,#18 in Medical,4.8,4.9K Ratings
2025-03-10 09:04:36,https://apps.apple.com/us/app/push-health-telehealth-app/id950510633,N/A,4.6,17.7K Ratings
2025-03-10 09:04:36,https://apps.apple.com/us/app/plushcare-online-doctor/id955183607,#114 in Medical,4.9,127.4K Ratings
2025-03-10 09:04:37,https://apps.apple.com/us/app/one-medical/id393507802,#63 in Medical,4.9,45.4K Ratings
2025-03-12 09:04:51,https://apps.apple.com/us/app/hims-telehealth-for-men/id1455690574,#15 in Medical,4.8,58K Ratings
2025-03-12 09:04:51,https://apps.apple.com/us/app/hers-womens-healthcare/id1623878709,#25 in Medical,4.5,5.8K Ratings
2025-03-12 09:04:51,https://apps.apple.com/us/app/ro/id1585858911,#28 in Medical,4.8,4.9K Ratings
2025-03-12 09:04:51,https://apps.apple.com/us/app/push-health-telehealth-app/id950510633,N/A,4.6,17.8K Ratings
2025-03-12 09:04:52,https://apps.apple.com/us/app/plushcare-online-doctor/id955183607,#126 in Medical,4.9,127.5K Ratings
2025-03-12 09:04:52,https://apps.apple.com/us/app/one-medical/id393507802,#63 in Medical,4.9,45.4K Ratings
2025-03-13 09:04:47,https://apps.apple.com/us/app/hims-telehealth-for-men/id1455690574,#14 in Medical,4.8,58.1K Ratings
2025-03-13 09:04:47,https://apps.apple.com/us/app/hers-womens-healthcare/id1623878709,#25 in Medical,4.5,5.9K Ratings
2025-03-13 09:04:48,https://apps.apple.com/us/app/ro/id1585858911,#28 in Medical,4.8,4.9K Ratings
2025-03-13 09:04:48,https://apps.apple.com/us/app/push-health-telehealth-app/id950510633,N/A,4.6,17.8K Ratings
2025-03-13 09:04:48,https://apps.apple.com/us/app/plushcare-online-doctor/id955183607,#130 in Medical,4.9,127.6K Ratings
2025-03-13 09:04:48,https://apps.apple.com/us/app/one-medical/id393507802,#65 in Medical,4.9,45.5K Ratings
2025-03-14 09:05:03,https://apps.apple.com/us/app/hims-telehealth-for-men/id1455690574,#14 in Medical,4.8,58.1K Ratings
2025-03-14 09:05:03,https://apps.apple.com/us/app/hers-womens-healthcare/id1623878709,#26 in Medical,4.5,5.9K Ratings
2025-03-14 09:05:04,https://apps.apple.com/us/app/ro/id1585858911,#25 in Medical,4.8,4.9K Ratings
2025-03-14 09:05:04,https://apps.apple.com/us/app/push-health-telehealth-app/id950510633,N/A,4.6,17.8K Ratings
2025-03-14 09:05:04,https://apps.apple.com/us/app/plushcare-online-doctor/id955183607,#126 in Medical,4.9,127.6K Ratings
2025-03-14 09:05:05,https://apps.apple.com/us/app/one-medical/id393507802,#64 in Medical,4.9,45.5K Ratings
2025-03-15 09:04:15,https://apps.apple.com/us/app/hims-telehealth-for-men/id1455690574,#16 in Medical,4.8,58.3K Ratings
2025-03-15 09:04:16,https://apps.apple.com/us/app/hers-womens-healthcare/id1623878709,#26 in Medical,4.5,5.9K Ratings
2025-03-15 09:04:16,https://apps.apple.com/us/app/ro/id1585858911,#27 in Medical,4.8,5K Ratings
2025-03-15 09:04:16,https://apps.apple.com/us/app/push-health-telehealth-app/id950510633,N/A,4.6,17.8K Ratings
2025-03-15 09:04:17,https://apps.apple.com/us/app/plushcare-online-doctor/id955183607,#119 in Medical,4.9,127.7K Ratings
2025-03-15 09:04:18,https://apps.apple.com/us/app/one-medical/id393507802,#68 in Medical,4.9,45.5K Ratings
2025-03-16 09:04:08,https://apps.apple.com/us/app/hims-telehealth-for-men/id1455690574,#9 in Medical,4.8,58.3K Ratings
2025-03-16 09:04:08,https://apps.apple.com/us/app/hers-womens-healthcare/id1623878709,#18 in Medical,4.5,5.9K Ratings
2025-03-16 09:04:09,https://apps.apple.com/us/app/ro/id1585858911,#19 in Medical,4.8,5K Ratings
2025-03-16 09:04:09,https://apps.apple.com/us/app/push-health-telehealth-app/id950510633,N/A,4.6,17.8K Ratings
2025-03-16 09:04:09,https://apps.apple.com/us/app/plushcare-online-doctor/id955183607,#107 in Medical,4.9,127.8K Ratings
2025-03-16 09:04:09,https://apps.apple.com/us/app/one-medical/id393507802,#60 in Medical,4.9,45.5K Ratings
2025-03-17 09:05:28,https://apps.apple.com/us/app/hims-telehealth-for-men/id1455690574,#7 in Medical,4.8,58.4K Ratings
2025-03-17 09:05:28,https://apps.apple.com/us/app/hers-womens-healthcare/id1623878709,#18 in Medical,4.5,5.9K Ratings
2025-03-17 09:05:28,https://apps.apple.com/us/app/ro/id1585858911,#19 in Medical,4.8,5K Ratings
2025-03-17 09:05:28,https://apps.apple.com/us/app/push-health-telehealth-app/id950510633,N/A,4.6,17.8K Ratings
2025-03-17 09:05:29,https://apps.apple.com/us/app/plushcare-online-doctor/id955183607,#117 in Medical,4.9,127.8K Ratings
2025-03-17 09:05:29,https://apps.apple.com/us/app/one-medical/id393507802,#55 in Medical,4.9,45.5K Ratings
2025-03-18 09:05:05,https://apps.apple.com/us/app/hims-telehealth-for-men/id1455690574,#12 in Medical,4.8,58.5K Ratings
2025-03-18 09:05:05,https://apps.apple.com/us/app/hers-womens-healthcare/id1623878709,#24 in Medical,4.5,5.9K Ratings
2025-03-18 09:05:05,https://apps.apple.com/us/app/ro/id1585858911,#23 in Medical,4.8,5K Ratings
2025-03-18 09:05:05,https://apps.apple.com/us/app/push-health-telehealth-app/id950510633,N/A,4.6,17.8K Ratings
2025-03-18 09:05:06,https://apps.apple.com/us/app/plushcare-online-doctor/id955183607,#130 in Medical,4.9,127.9K Ratings
2025-03-18 09:05:06,https://apps.apple.com/us/app/one-medical/id393507802,#65 in Medical,4.9,45.5K Ratings
2025-03-19 09:04:52,https://apps.apple.com/us/app/hims-telehealth-for-men/id1455690574,#18 in Medical,4.8,58.5K Ratings
2025-03-19 09:04:53,https://apps.apple.com/us/app/hers-womens-healthcare/id1623878709,#28 in Medical,4.5,5.9K Ratings
2025-03-19 09:04:53,https://apps.apple.com/us/app/ro/id1585858911,#25 in Medical,4.8,5K Ratings
2025-03-19 09:04:53,https://apps.apple.com/us/app/push-health-telehealth-app/id950510633,N/A,4.6,17.8K Ratings
2025-03-19 09:04:53,https://apps.apple.com/us/app/plushcare-online-doctor/id955183607,#129 in Medical,4.9,127.9K Ratings
2025-03-19 09:04:54,https://apps.apple.com/us/app/one-medical/id393507802,#64 in Medical,4.9,45.5K Ratings
2025-03-20 09:04:43,https://apps.apple.com/us/app/hims-telehealth-for-men/id1455690574,#18 in Medical,4.8,58.6K Ratings
2025-03-20 09:04:44,https://apps.apple.com/us/app/hers-womens-healthcare/id1623878709,#28 in Medical,4.5,5.9K Ratings
2025-03-20 09:04:44,https://apps.apple.com/us/app/ro/id1585858911,#27 in Medical,4.8,5.1K Ratings
2025-03-20 09:04:44,https://apps.apple.com/us/app/push-health-telehealth-app/id950510633,N/A,4.6,17.9K Ratings
2025-03-20 09:04:44,https://apps.apple.com/us/app/plushcare-online-doctor/id955183607,#119 in Medical,4.9,128K Ratings
2025-03-20 09:04:45,https://apps.apple.com/us/app/one-medical/id393507802,#63 in Medical,4.9,45.5K Ratings
2025-03-21 09:04:39,https://apps.apple.com/us/app/hims-telehealth-for-men/id1455690574,#17 in Medical,4.8,58.7K Ratings
2025-03-21 09:04:40,https://apps.apple.com/us/app/hers-womens-healthcare/id1623878709,#26 in Medical,4.5,5.9K Ratings
2025-03-21 09:04:40,https://apps.apple.com/us/app/ro/id1585858911,#27 in Medical,4.8,5.1K Ratings
2025-03-21 09:04:40,https://apps.apple.com/us/app/push-health-telehealth-app/id950510633,N/A,4.6,17.9K Ratings
2025-03-21 09:04:40,https://apps.apple.com/us/app/plushcare-online-doctor/id955183607,#121 in Medical,4.9,128K Ratings
2025-03-21 09:04:41,https://apps.apple.com/us/app/one-medical/id393507802,#70 in Medical,4.9,45.6K Ratings
2025-03-22 09:04:34,https://apps.apple.com/us/app/hims-telehealth-for-men/id1455690574,#16 in Medical,4.8,58.7K Ratings
2025-03-22 09:04:34,https://apps.apple.com/us/app/hers-womens-healthcare/id1623878709,#26 in Medical,4.6,5.9K Ratings
2025-03-22 09:04:34,https://apps.apple.com/us/app/ro/id1585858911,#27 in Medical,4.8,5.1K Ratings
2025-03-22 09:04:34,https://apps.apple.com/us/app/push-health-telehealth-app/id950510633,N/A,4.6,17.9K Ratings
2025-03-22 09:04:35,https://apps.apple.com/us/app/plushcare-online-doctor/id955183607,#113 in Medical,4.9,128.1K Ratings
2025-03-22 09:04:35,https://apps.apple.com/us/app/one-medical/id393507802,#68 in Medical,4.9,45.6K Ratings
2025-03-23 09:04:16,https://apps.apple.com/us/app/hims-telehealth-for-men/id1455690574,#10 in Medical,4.8,58.8K Ratings
2025-03-23 09:04:17,https://apps.apple.com/us/app/hers-womens-healthcare/id1623878709,#18 in Medical,4.5,5.9K Ratings
2025-03-23 09:04:17,https://apps.apple.com/us/app/ro/id1585858911,#21 in Medical,4.8,5.1K Ratings
2025-03-23 09:04:17,https://apps.apple.com/us/app/push-health-telehealth-app/id950510633,N/A,4.6,17.9K Ratings
2025-03-23 09:04:18,https://apps.apple.com/us/app/plushcare-online-doctor/id955183607,#112 in Medical,4.9,128.1K Ratings
2025-03-23 09:04:18,https://apps.apple.com/us/app/one-medical/id393507802,#63 in Medical,4.9,45.6K Ratings
2025-03-24 09:05:31,https://apps.apple.com/us/app/hims-telehealth-for-men/id1455690574,#6 in Medical,4.8,58.9K Ratings
2025-03-24 09:05:31,https://apps.apple.com/us/app/hers-womens-healthcare/id1623878709,#17 in Medical,4.5,6K Ratings
2025-03-24 09:05:32,https://apps.apple.com/us/app/ro/id1585858911,#20 in Medical,4.8,5.1K Ratings
2025-03-24 09:05:32,https://apps.apple.com/us/app/push-health-telehealth-app/id950510633,N/A,4.6,17.9K Ratings
2025-03-24 09:05:32,https://apps.apple.com/us/app/plushcare-online-doctor/id955183607,#112 in Medical,4.9,128.2K Ratings
2025-03-24 09:05:33,https://apps.apple.com/us/app/one-medical/id393507802,#63 in Medical,4.9,45.6K Ratings
2025-03-25 09:04:52,https://apps.apple.com/us/app/hims-telehealth-for-men/id1455690574,#13 in Medical,4.8,59K Ratings
2025-03-25 09:04:52,https://apps.apple.com/us/app/hers-womens-healthcare/id1623878709,#25 in Medical,4.5,6K Ratings
2025-03-25 09:04:53,https://apps.apple.com/us/app/ro/id1585858911,#27 in Medical,4.8,5.1K Ratings
2025-03-25 09:04:53,https://apps.apple.com/us/app/push-health-telehealth-app/id950510633,N/A,4.6,17.9K Ratings
2025-03-25 09:04:53,https://apps.apple.com/us/app/plushcare-online-doctor/id955183607,#111 in Medical,4.9,128.2K Ratings
2025-03-25 09:04:53,https://apps.apple.com/us/app/one-medical/id393507802,#67 in Medical,4.9,45.6K Ratings
2025-03-26 09:04:53,https://apps.apple.com/us/app/hims-telehealth-for-men/id1455690574,#16 in Medical,4.8,59K Ratings
2025-03-26 09:04:54,https://apps.apple.com/us/app/hers-womens-healthcare/id1623878709,#29 in Medical,4.5,6K Ratings
2025-03-26 09:04:54,https://apps.apple.com/us/app/ro/id1585858911,#27 in Medical,4.8,5.2K Ratings
2025-03-26 09:04:55,https://apps.apple.com/us/app/push-health-telehealth-app/id950510633,N/A,4.6,17.9K Ratings
2025-03-26 09:04:55,https://apps.apple.com/us/app/plushcare-online-doctor/id955183607,#134 in Medical,4.9,128.3K Ratings
2025-03-26 09:04:55,https://apps.apple.com/us/app/one-medical/id393507802,#66 in Medical,4.9,45.6K Ratings
2025-03-27 09:04:51,https://apps.apple.com/us/app/hims-telehealth-for-men/id1455690574,#17 in Medical,4.8,59.1K Ratings
2025-03-27 09:04:52,https://apps.apple.com/us/app/hers-womens-healthcare/id1623878709,#29 in Medical,4.6,6K Ratings
2025-03-27 09:04:52,https://apps.apple.com/us/app/ro/id1585858911,#27 in Medical,4.8,5.2K Ratings
2025-03-27 09:04:52,https://apps.apple.com/us/app/push-health-telehealth-app/id950510633,N/A,4.6,17.9K Ratings
2025-03-27 09:04:53,https://apps.apple.com/us/app/plushcare-online-doctor/id955183607,#134 in Medical,4.9,128.4K Ratings
2025-03-27 09:04:53,https://apps.apple.com/us/app/one-medical/id393507802,#64 in Medical,4.9,45.6K Ratings
2025-03-28 09:05:05,https://apps.apple.com/us/app/hims-telehealth-for-men/id1455690574,#19 in Medical,4.8,59.2K Ratings
2025-03-28 09:05:05,https://apps.apple.com/us/app/hers-womens-healthcare/id1623878709,#30 in Medical,4.6,6K Ratings
2025-03-28 09:05:05,https://apps.apple.com/us/app/ro/id1585858911,#26 in Medical,4.8,5.2K Ratings
2025-03-28 09:05:05,https://apps.apple.com/us/app/push-health-telehealth-app/id950510633,N/A,4.6,18K Ratings
2025-03-28 09:05:06,https://apps.apple.com/us/app/plushcare-online-doctor/id955183607,#134 in Medical,4.9,128.5K Ratings
2025-03-28 09:05:06,https://apps.apple.com/us/app/one-medical/id393507802,#69 in Medical,4.9,45.7K Ratings
2025-03-29 09:04:25,https://apps.apple.com/us/app/hims-telehealth-for-men/id1455690574,#16 in Medical,4.8,59.3K Ratings
2025-03-29 09:04:26,https://apps.apple.com/us/app/hers-womens-healthcare/id1623878709,#30 in Medical,4.6,6K Ratings
2025-03-29 09:04:26,https://apps.apple.com/us/app/ro/id1585858911,#25 in Medical,4.8,5.2K Ratings
2025-03-29 09:04:26,https://apps.apple.com/us/app/push-health-telehealth-app/id950510633,N/A,4.6,18K Ratings
2025-03-29 09:04:26,https://apps.apple.com/us/app/plushcare-online-doctor/id955183607,#126 in Medical,4.9,128.5K Ratings
2025-03-29 09:04:27,https://apps.apple.com/us/app/one-medical/id393507802,#67 in Medical,4.9,45.7K Ratings
2025-03-30 09:04:30,https://apps.apple.com/us/app/hims-telehealth-for-men/id1455690574,#9 in Medical,4.8,59.4K Ratings
2025-03-30 09:04:30,https://apps.apple.com/us/app/hers-womens-healthcare/id1623878709,#20 in Medical,4.6,6K Ratings
2025-03-30 09:04:30,https://apps.apple.com/us/app/ro/id1585858911,#21 in Medical,4.8,5.2K Ratings
2025-03-30 09:04:31,https://apps.apple.com/us/app/push-health-telehealth-app/id950510633,N/A,4.6,18K Ratings
2025-03-30 09:04:31,https://apps.apple.com/us/app/plushcare-online-doctor/id955183607,#121 in Medical,4.9,128.6K Ratings
2025-03-30 09:04:31,https://apps.apple.com/us/app/one-medical/id393507802,#60 in Medical,4.9,45.7K Ratings
2025-03-31 09:05:26,https://apps.apple.com/us/app/hims-telehealth-for-men/id1455690574,#6 in Medical,4.8,59.4K Ratings
2025-03-31 09:05:26,https://apps.apple.com/us/app/hers-womens-healthcare/id1623878709,#18 in Medical,4.6,6K Ratings
2025-03-31 09:05:27,https://apps.apple.com/us/app/ro/id1585858911,#21 in Medical,4.8,5.2K Ratings
2025-03-31 09:05:27,https://apps.apple.com/us/app/push-health-telehealth-app/id950510633,N/A,4.6,18K Ratings
2025-03-31 09:05:27,https://apps.apple.com/us/app/plushcare-online-doctor/id955183607,#127 in Medical,4.9,128.6K Ratings
2025-03-31 09:05:27,https://apps.apple.com/us/app/one-medical/id393507802,#62 in Medical,4.9,45.7K Ratings
2025-04-01 09:05:31,https://apps.apple.com/us/app/hims-telehealth-for-men/id1455690574,#12 in Medical,4.8,59.5K Ratings
2025-04-01 09:05:32,https://apps.apple.com/us/app/hers-womens-healthcare/id1623878709,#27 in Medical,4.6,6K Ratings
2025-04-01 09:05:32,https://apps.apple.com/us/app/ro/id1585858911,#28 in Medical,4.8,5.2K Ratings
2025-04-01 09:05:32,https://apps.apple.com/us/app/push-health-telehealth-app/id950510633,N/A,4.6,18K Ratings
2025-04-01 09:05:32,https://apps.apple.com/us/app/plushcare-online-doctor/id955183607,#141 in Medical,4.9,128.6K Ratings
2025-04-01 09:05:32,https://apps.apple.com/us/app/one-medical/id393507802,#61 in Medical,4.9,45.7K Ratings
2025-04-02 09:04:56,https://apps.apple.com/us/app/hims-telehealth-for-men/id1455690574,#14 in Medical,4.8,59.5K Ratings
2025-04-02 09:04:57,https://apps.apple.com/us/app/hers-womens-healthcare/id1623878709,#31 in Medical,4.6,6K Ratings
2025-04-02 09:04:57,https://apps.apple.com/us/app/ro/id1585858911,#29 in Medical,4.8,5.2K Ratings
2025-04-02 09:04:57,https://apps.apple.com/us/app/push-health-telehealth-app/id950510633,N/A,4.6,18K Ratings
2025-04-02 09:04:57,https://apps.apple.com/us/app/plushcare-online-doctor/id955183607,#130 in Medical,4.9,128.6K Ratings
2025-04-02 09:04:57,https://apps.apple.com/us/app/one-medical/id393507802,#61 in Medical,4.9,45.7K Ratings
2025-04-03 09:05:01,https://apps.apple.com/us/app/hims-telehealth-for-men/id1455690574,#13 in Medical,4.8,59.6K Ratings
2025-04-03 09:05:01,https://apps.apple.com/us/app/hers-womens-healthcare/id1623878709,#30 in Medical,4.6,6.1K Ratings
2025-04-03 09:05:02,https://apps.apple.com/us/app/ro/id1585858911,#28 in Medical,4.8,5.3K Ratings
2025-04-03 09:05:02,https://apps.apple.com/us/app/push-health-telehealth-app/id950510633,N/A,4.6,18K Ratings
2025-04-03 09:05:02,https://apps.apple.com/us/app/plushcare-online-doctor/id955183607,#137 in Medical,4.9,128.8K Ratings
2025-04-03 09:05:03,https://apps.apple.com/us/app/one-medical/id393507802,#63 in Medical,4.9,45.8K Ratings
2025-04-04 09:05:17,https://apps.apple.com/us/app/hims-telehealth-for-men/id1455690574,#14 in Medical,4.8,59.7K Ratings
2025-04-04 09:05:17,https://apps.apple.com/us/app/hers-womens-healthcare/id1623878709,#32 in Medical,4.6,6.1K Ratings
2025-04-04 09:05:18,https://apps.apple.com/us/app/ro/id1585858911,#28 in Medical,4.8,5.3K Ratings
2025-04-04 09:05:18,https://apps.apple.com/us/app/push-health-telehealth-app/id950510633,N/A,4.6,18.1K Ratings
2025-04-04 09:05:18,https://apps.apple.com/us/app/plushcare-online-doctor/id955183607,#130 in Medical,4.9,128.8K Ratings
2025-04-04 09:05:18,https://apps.apple.com/us/app/one-medical/id393507802,#60 in Medical,4.9,45.8K Ratings
2025-04-05 09:04:28,https://apps.apple.com/us/app/hims-telehealth-for-men/id1455690574,#13 in Medical,4.8,59.7K Ratings
2025-04-05 09:04:28,https://apps.apple.com/us/app/hers-womens-healthcare/id1623878709,#30 in Medical,4.6,6.1K Ratings
2025-04-05 09:04:29,https://apps.apple.com/us/app/ro/id1585858911,#27 in Medical,4.8,5.3K Ratings
2025-04-05 09:04:29,https://apps.apple.com/us/app/push-health-telehealth-app/id950510633,N/A,4.6,18.1K Ratings
2025-04-05 09:04:30,https://apps.apple.com/us/app/plushcare-online-doctor/id955183607,#127 in Medical,4.9,128.8K Ratings
2025-04-05 09:04:30,https://apps.apple.com/us/app/one-medical/id393507802,#57 in Medical,4.9,45.8K Ratings
2025-04-06 09:04:25,https://apps.apple.com/us/app/hims-telehealth-for-men/id1455690574,#9 in Medical,4.8,59.9K Ratings
2025-04-06 09:04:25,https://apps.apple.com/us/app/hers-womens-healthcare/id1623878709,#22 in Medical,4.6,6.1K Ratings
2025-04-06 09:04:25,https://apps.apple.com/us/app/ro/id1585858911,#24 in Medical,4.8,5.3K Ratings
2025-04-06 09:04:26,https://apps.apple.com/us/app/push-health-telehealth-app/id950510633,N/A,4.6,18.1K Ratings
2025-04-06 09:04:26,https://apps.apple.com/us/app/plushcare-online-doctor/id955183607,#110 in Medical,4.9,128.9K Ratings
2025-04-06 09:04:26,https://apps.apple.com/us/app/one-medical/id393507802,#50 in Medical,4.9,45.8K Ratings
2025-04-07 09:05:26,https://apps.apple.com/us/app/hims-telehealth-for-men/id1455690574,#6 in Medical,4.8,59.9K Ratings
2025-04-07 09:05:26,https://apps.apple.com/us/app/hers-womens-healthcare/id1623878709,#19 in Medical,4.6,6.1K Ratings
2025-04-07 09:05:26,https://apps.apple.com/us/app/ro/id1585858911,#23 in Medical,4.8,5.3K Ratings
2025-04-07 09:05:26,https://apps.apple.com/us/app/push-health-telehealth-app/id950510633,N/A,4.6,18.1K Ratings
2025-04-07 09:05:27,https://apps.apple.com/us/app/plushcare-online-doctor/id955183607,#115 in Medical,4.9,128.9K Ratings
2025-04-07 09:05:27,https://apps.apple.com/us/app/one-medical/id393507802,#49 in Medical,4.9,45.8K Ratings
2025-04-08 09:04:57,https://apps.apple.com/us/app/hims-telehealth-for-men/id1455690574,#11 in Medical,4.8,60K Ratings
2025-04-08 09:04:58,https://apps.apple.com/us/app/hers-womens-healthcare/id1623878709,#27 in Medical,4.6,6.1K Ratings
2025-04-08 09:04:58,https://apps.apple.com/us/app/ro/id1585858911,#29 in Medical,4.8,5.3K Ratings
2025-04-08 09:04:58,https://apps.apple.com/us/app/push-health-telehealth-app/id950510633,N/A,4.6,18.1K Ratings
2025-04-08 09:04:58,https://apps.apple.com/us/app/plushcare-online-doctor/id955183607,#121 in Medical,4.9,129K Ratings
2025-04-08 09:04:59,https://apps.apple.com/us/app/one-medical/id393507802,#51 in Medical,4.9,45.8K Ratings
2025-04-09 09:05:02,https://apps.apple.com/us/app/hims-telehealth-for-men/id1455690574,#13 in Medical,4.8,60.1K Ratings
2025-04-09 09:05:02,https://apps.apple.com/us/app/hers-womens-healthcare/id1623878709,#28 in Medical,4.6,6.1K Ratings
2025-04-09 09:05:02,https://apps.apple.com/us/app/ro/id1585858911,#31 in Medical,4.8,5.3K Ratings
2025-04-09 09:05:02,https://apps.apple.com/us/app/push-health-telehealth-app/id950510633,N/A,4.6,18.1K Ratings
2025-04-09 09:05:03,https://apps.apple.com/us/app/plushcare-online-doctor/id955183607,#128 in Medical,4.9,129.1K Ratings
2025-04-09 09:05:03,https://apps.apple.com/us/app/one-medical/id393507802,#50 in Medical,4.9,45.9K Ratings
2025-04-10 09:05:08,https://apps.apple.com/us/app/hims-telehealth-for-men/id1455690574,#15 in Medical,4.8,60.1K Ratings
2025-04-10 09:05:09,https://apps.apple.com/us/app/hers-womens-healthcare/id1623878709,#26 in Medical,4.6,6.1K Ratings
2025-04-10 09:05:09,https://apps.apple.com/us/app/ro/id1585858911,#32 in Medical,4.8,5.3K Ratings
2025-04-10 09:05:09,https://apps.apple.com/us/app/push-health-telehealth-app/id950510633,N/A,4.6,18.1K Ratings
2025-04-10 09:05:09,https://apps.apple.com/us/app/plushcare-online-doctor/id955183607,#126 in Medical,4.9,129.1K Ratings
2025-04-10 09:05:10,https://apps.apple.com/us/app/one-medical/id393507802,#50 in Medical,4.9,45.9K Ratings
2025-04-11 09:04:53,https://apps.apple.com/us/app/hims-telehealth-for-men/id1455690574,#14 in Medical,4.8,60.2K Ratings
2025-04-11 09:04:53,https://apps.apple.com/us/app/hers-womens-healthcare/id1623878709,#27 in Medical,4.6,6.1K Ratings
2025-04-11 09:04:53,https://apps.apple.com/us/app/ro/id1585858911,#31 in Medical,4.8,5.3K Ratings
2025-04-11 09:04:54,https://apps.apple.com/us/app/push-health-telehealth-app/id950510633,N/A,4.6,18.1K Ratings
2025-04-11 09:04:54,https://apps.apple.com/us/app/plushcare-online-doctor/id955183607,#127 in Medical,4.9,129.2K Ratings
2025-04-11 09:04:55,https://apps.apple.com/us/app/one-medical/id393507802,#56 in Medical,4.9,45.9K Ratings
2025-04-12 09:04:34,https://apps.apple.com/us/app/hims-telehealth-for-men/id1455690574,#13 in Medical,4.8,60.3K Ratings
2025-04-12 09:04:35,https://apps.apple.com/us/app/hers-womens-healthcare/id1623878709,#25 in Medical,4.6,6.2K Ratings
2025-04-12 09:04:35,https://apps.apple.com/us/app/ro/id1585858911,#31 in Medical,4.8,5.3K Ratings
2025-04-12 09:04:35,https://apps.apple.com/us/app/push-health-telehealth-app/id950510633,N/A,4.6,18.1K Ratings
2025-04-12 09:04:35,https://apps.apple.com/us/app/plushcare-online-doctor/id955183607,#121 in Medical,4.9,129.2K Ratings
2025-04-12 09:04:35,https://apps.apple.com/us/app/one-medical/id393507802,#53 in Medical,4.9,45.9K Ratings
2025-04-13 09:04:30,https://apps.apple.com/us/app/hims-telehealth-for-men/id1455690574,#8 in Medical,4.8,60.4K Ratings
2025-04-13 09:04:31,https://apps.apple.com/us/app/hers-womens-healthcare/id1623878709,#16 in Medical,4.6,6.2K Ratings
2025-04-13 09:04:31,https://apps.apple.com/us/app/ro/id1585858911,#26 in Medical,4.8,5.3K Ratings
2025-04-13 09:04:31,https://apps.apple.com/us/app/push-health-telehealth-app/id950510633,N/A,4.6,18.1K Ratings
2025-04-13 09:04:31,https://apps.apple.com/us/app/plushcare-online-doctor/id955183607,#105 in Medical,4.9,129.3K Ratings
2025-04-13 09:04:32,https://apps.apple.com/us/app/one-medical/id393507802,#50 in Medical,4.9,45.9K Ratings
2025-04-14 09:05:32,https://apps.apple.com/us/app/hims-telehealth-for-men/id1455690574,#6 in Medical,4.8,60.5K Ratings
2025-04-14 09:05:33,https://apps.apple.com/us/app/hers-womens-healthcare/id1623878709,#13 in Medical,4.6,6.2K Ratings
2025-04-14 09:05:33,https://apps.apple.com/us/app/ro/id1585858911,#23 in Medical,4.8,5.3K Ratings
2025-04-14 09:05:33,https://apps.apple.com/us/app/push-health-telehealth-app/id950510633,N/A,4.6,18.2K Ratings
2025-04-14 09:05:33,https://apps.apple.com/us/app/plushcare-online-doctor/id955183607,#115 in Medical,4.9,129.4K Ratings
2025-04-14 09:05:34,https://apps.apple.com/us/app/one-medical/id393507802,#48 in Medical,4.9,45.9K Ratings
2025-04-15 09:05:28,https://apps.apple.com/us/app/hims-telehealth-for-men/id1455690574,#11 in Medical,4.8,60.6K Ratings
2025-04-15 09:05:28,https://apps.apple.com/us/app/hers-womens-healthcare/id1623878709,#19 in Medical,4.6,6.2K Ratings
2025-04-15 09:05:29,https://apps.apple.com/us/app/ro/id1585858911,#30 in Medical,4.8,5.3K Ratings
2025-04-15 09:05:29,https://apps.apple.com/us/app/push-health-telehealth-app/id950510633,N/A,4.6,18.2K Ratings
2025-04-15 09:05:29,https://apps.apple.com/us/app/plushcare-online-doctor/id955183607,#119 in Medical,4.9,129.4K Ratings
2025-04-15 09:05:30,https://apps.apple.com/us/app/one-medical/id393507802,#51 in Medical,4.9,46K Ratings
2025-04-16 09:05:33,https://apps.apple.com/us/app/hims-telehealth-for-men/id1455690574,#13 in Medical,4.8,60.6K Ratings
2025-04-16 09:05:33,https://apps.apple.com/us/app/hers-womens-healthcare/id1623878709,#22 in Medical,4.6,6.2K Ratings
2025-04-16 09:05:33,https://apps.apple.com/us/app/ro/id1585858911,#30 in Medical,4.8,5.3K Ratings
2025-04-16 09:05:34,https://apps.apple.com/us/app/push-health-telehealth-app/id950510633,N/A,4.6,18.2K Ratings
2025-04-16 09:05:34,https://apps.apple.com/us/app/plushcare-online-doctor/id955183607,#129 in Medical,4.9,129.5K Ratings
2025-04-16 09:05:34,https://apps.apple.com/us/app/one-medical/id393507802,#54 in Medical,4.9,46K Ratings
2025-04-17 09:04:58,https://apps.apple.com/us/app/hims-telehealth-for-men/id1455690574,#14 in Medical,4.8,60.7K Ratings
2025-04-17 09:04:58,https://apps.apple.com/us/app/hers-womens-healthcare/id1623878709,#21 in Medical,4.6,6.2K Ratings
2025-04-17 09:04:58,https://apps.apple.com/us/app/ro/id1585858911,#30 in Medical,4.8,5.3K Ratings
2025-04-17 09:04:59,https://apps.apple.com/us/app/push-health-telehealth-app/id950510633,N/A,4.6,18.2K Ratings
2025-04-17 09:04:59,https://apps.apple.com/us/app/plushcare-online-doctor/id955183607,#134 in Medical,4.9,129.5K Ratings
2025-04-17 09:04:59,https://apps.apple.com/us/app/one-medical/id393507802,#53 in Medical,4.9,46K Ratings
2025-04-18 09:05:02,https://apps.apple.com/us/app/hims-telehealth-for-men/id1455690574,#13 in Medical,4.8,60.8K Ratings
2025-04-18 09:05:02,https://apps.apple.com/us/app/hers-womens-healthcare/id1623878709,#20 in Medical,4.6,6.2K Ratings
2025-04-18 09:05:02,https://apps.apple.com/us/app/ro/id1585858911,#29 in Medical,4.8,5.3K Ratings
2025-04-18 09:05:02,https://apps.apple.com/us/app/push-health-telehealth-app/id950510633,N/A,4.6,18.2K Ratings
2025-04-18 09:05:03,https://apps.apple.com/us/app/plushcare-online-doctor/id955183607,#137 in Medical,4.9,129.6K Ratings
2025-04-18 09:05:03,https://apps.apple.com/us/app/one-medical/id393507802,#51 in Medical,4.9,46K Ratings
2025-04-19 09:04:31,https://apps.apple.com/us/app/hims-telehealth-for-men/id1455690574,#13 in Medical,4.8,60.9K Ratings
2025-04-19 09:04:32,https://apps.apple.com/us/app/hers-womens-healthcare/id1623878709,#18 in Medical,4.6,6.2K Ratings
2025-04-19 09:04:32,https://apps.apple.com/us/app/ro/id1585858911,#29 in Medical,4.8,5.4K Ratings
2025-04-19 09:04:32,https://apps.apple.com/us/app/push-health-telehealth-app/id950510633,N/A,4.6,18.2K Ratings
2025-04-19 09:04:32,https://apps.apple.com/us/app/plushcare-online-doctor/id955183607,#117 in Medical,4.9,129.6K Ratings
2025-04-19 09:04:32,https://apps.apple.com/us/app/one-medical/id393507802,#48 in Medical,4.9,46K Ratings
2025-04-20 09:04:12,https://apps.apple.com/us/app/hims-telehealth-for-men/id1455690574,#8 in Medical,4.8,60.9K Ratings
2025-04-20 09:04:12,https://apps.apple.com/us/app/hers-womens-healthcare/id1623878709,#12 in Medical,4.6,6.2K Ratings
2025-04-20 09:04:12,https://apps.apple.com/us/app/ro/id1585858911,#24 in Medical,4.8,5.3K Ratings
2025-04-20 09:04:12,https://apps.apple.com/us/app/push-health-telehealth-app/id950510633,N/A,4.6,18.2K Ratings
2025-04-20 09:04:13,https://apps.apple.com/us/app/plushcare-online-doctor/id955183607,#113 in Medical,4.9,129.7K Ratings
2025-04-20 09:04:13,https://apps.apple.com/us/app/one-medical/id393507802,#46 in Medical,4.9,46K Ratings
2025-04-21 09:05:15,https://apps.apple.com/us/app/hims-telehealth-for-men/id1455690574,#7 in Medical,4.8,60.9K Ratings
2025-04-21 09:05:16,https://apps.apple.com/us/app/hers-womens-healthcare/id1623878709,#8 in Medical,4.6,6.2K Ratings
2025-04-21 09:05:16,https://apps.apple.com/us/app/ro/id1585858911,#20 in Medical,4.8,5.3K Ratings
2025-04-21 09:05:16,https://apps.apple.com/us/app/push-health-telehealth-app/id950510633,N/A,4.6,18.2K Ratings
2025-04-21 09:05:16,https://apps.apple.com/us/app/plushcare-online-doctor/id955183607,#116 in Medical,4.9,129.7K Ratings
2025-04-21 09:05:16,https://apps.apple.com/us/app/one-medical/id393507802,#45 in Medical,4.9,46K Ratings
2025-04-22 09:05:23,https://apps.apple.com/us/app/hims-telehealth-for-men/id1455690574,#11 in Medical,4.8,61K Ratings
2025-04-22 09:05:23,https://apps.apple.com/us/app/hers-womens-healthcare/id1623878709,#19 in Medical,4.6,6.3K Ratings
2025-04-22 09:05:24,https://apps.apple.com/us/app/ro/id1585858911,#26 in Medical,4.8,5.3K Ratings
2025-04-22 09:05:24,https://apps.apple.com/us/app/push-health-telehealth-app/id950510633,N/A,4.6,18.2K Ratings
2025-04-22 09:05:24,https://apps.apple.com/us/app/plushcare-online-doctor/id955183607,#121 in Medical,4.9,129.8K Ratings
2025-04-22 09:05:24,https://apps.apple.com/us/app/one-medical/id393507802,#49 in Medical,4.9,46.1K Ratings
2025-04-23 09:05:49,https://apps.apple.com/us/app/hims-telehealth-for-men/id1455690574,#16 in Medical,4.8,61.1K Ratings
2025-04-23 09:05:49,https://apps.apple.com/us/app/hers-womens-healthcare/id1623878709,#21 in Medical,4.6,6.3K Ratings
2025-04-23 09:05:50,https://apps.apple.com/us/app/ro/id1585858911,#27 in Medical,4.8,5.4K Ratings
2025-04-23 09:05:50,https://apps.apple.com/us/app/push-health-telehealth-app/id950510633,N/A,4.6,18.2K Ratings
2025-04-23 09:05:50,https://apps.apple.com/us/app/plushcare-online-doctor/id955183607,#118 in Medical,4.9,129.9K Ratings
2025-04-23 09:05:50,https://apps.apple.com/us/app/one-medical/id393507802,#50 in Medical,4.9,46.1K Ratings
2025-04-24 09:05:28,https://apps.apple.com/us/app/hims-telehealth-for-men/id1455690574,#17 in Medical,4.8,61.1K Ratings
2025-04-24 09:05:29,https://apps.apple.com/us/app/hers-womens-healthcare/id1623878709,#20 in Medical,4.6,6.3K Ratings
2025-04-24 09:05:29,https://apps.apple.com/us/app/ro/id1585858911,#28 in Medical,4.8,5.4K Ratings
2025-04-24 09:05:29,https://apps.apple.com/us/app/push-health-telehealth-app/id950510633,N/A,4.6,18.2K Ratings
2025-04-24 09:05:29,https://apps.apple.com/us/app/plushcare-online-doctor/id955183607,#130 in Medical,4.9,129.9K Ratings
2025-04-24 09:05:30,https://apps.apple.com/us/app/one-medical/id393507802,#51 in Medical,4.9,46.1K Ratings
2025-04-25 09:05:00,https://apps.apple.com/us/app/hims-telehealth-for-men/id1455690574,#18 in Medical,4.8,61.2K Ratings
2025-04-25 09:05:00,https://apps.apple.com/us/app/hers-womens-healthcare/id1623878709,#20 in Medical,4.6,6.3K Ratings
2025-04-25 09:05:01,https://apps.apple.com/us/app/ro/id1585858911,#27 in Medical,4.8,5.4K Ratings
2025-04-25 09:05:01,https://apps.apple.com/us/app/push-health-telehealth-app/id950510633,N/A,4.6,18.3K Ratings
2025-04-25 09:05:01,https://apps.apple.com/us/app/plushcare-online-doctor/id955183607,#130 in Medical,4.9,129.9K Ratings
2025-04-25 09:05:01,https://apps.apple.com/us/app/one-medical/id393507802,#51 in Medical,4.9,46.1K Ratings
2025-04-26 09:04:25,https://apps.apple.com/us/app/hims-telehealth-for-men/id1455690574,#18 in Medical,4.8,61.4K Ratings
2025-04-26 09:04:25,https://apps.apple.com/us/app/hers-womens-healthcare/id1623878709,#20 in Medical,4.6,6.3K Ratings
2025-04-26 09:04:25,https://apps.apple.com/us/app/ro/id1585858911,#27 in Medical,4.8,5.4K Ratings
2025-04-26 09:04:25,https://apps.apple.com/us/app/push-health-telehealth-app/id950510633,N/A,4.6,18.3K Ratings
2025-04-26 09:04:26,https://apps.apple.com/us/app/plushcare-online-doctor/id955183607,#121 in Medical,4.9,130K Ratings
2025-04-26 09:04:26,https://apps.apple.com/us/app/one-medical/id393507802,#51 in Medical,4.9,46.1K Ratings
2025-04-27 09:04:20,https://apps.apple.com/us/app/hims-telehealth-for-men/id1455690574,#9 in Medical,4.8,61.4K Ratings
2025-04-27 09:04:20,https://apps.apple.com/us/app/hers-womens-healthcare/id1623878709,#11 in Medical,4.6,6.3K Ratings
2025-04-27 09:04:20,https://apps.apple.com/us/app/ro/id1585858911,#24 in Medical,4.8,5.4K Ratings
2025-04-27 09:04:21,https://apps.apple.com/us/app/push-health-telehealth-app/id950510633,N/A,4.6,18.3K Ratings
2025-04-27 09:04:21,https://apps.apple.com/us/app/plushcare-online-doctor/id955183607,#104 in Medical,4.9,130.1K Ratings
2025-04-27 09:04:21,https://apps.apple.com/us/app/one-medical/id393507802,#48 in Medical,4.9,46.1K Ratings
2025-04-28 09:40:23,https://apps.apple.com/us/app/hims-telehealth-for-men/id1455690574,#8 in Medical,4.8,61.5K Ratings
2025-04-28 09:40:23,https://apps.apple.com/us/app/hers-womens-healthcare/id1623878709,#12 in Medical,4.6,6.3K Ratings
2025-04-28 09:40:23,https://apps.apple.com/us/app/ro/id1585858911,#22 in Medical,4.8,5.4K Ratings
2025-04-28 09:40:23,https://apps.apple.com/us/app/push-health-telehealth-app/id950510633,N/A,4.6,18.3K Ratings
2025-04-28 09:40:24,https://apps.apple.com/us/app/plushcare-online-doctor/id955183607,#109 in Medical,4.9,130.1K Ratings
2025-04-28 09:40:24,https://apps.apple.com/us/app/one-medical/id393507802,#45 in Medical,4.9,46.1K Ratings
2025-04-29 09:05:21,https://apps.apple.com/us/app/hims-telehealth-for-men/id1455690574,#14 in Medical,4.8,61.5K Ratings
2025-04-29 09:05:21,https://apps.apple.com/us/app/hers-womens-healthcare/id1623878709,#20 in Medical,4.6,6.3K Ratings
2025-04-29 09:05:21,https://apps.apple.com/us/app/ro/id1585858911,#30 in Medical,4.8,5.4K Ratings
2025-04-29 09:05:22,https://apps.apple.com/us/app/push-health-telehealth-app/id950510633,N/A,4.6,18.3K Ratings
2025-04-29 09:05:22,https://apps.apple.com/us/app/plushcare-online-doctor/id955183607,#118 in Medical,4.9,130.2K Ratings
2025-04-29 09:05:22,https://apps.apple.com/us/app/one-medical/id393507802,#49 in Medical,4.9,46.2K Ratings
2025-04-30 09:05:28,https://apps.apple.com/us/app/hims-telehealth-for-men/id1455690574,#14 in Medical,4.8,61.6K Ratings
2025-04-30 09:05:29,https://apps.apple.com/us/app/hers-womens-healthcare/id1623878709,#22 in Medical,4.6,6.3K Ratings
2025-04-30 09:05:29,https://apps.apple.com/us/app/ro/id1585858911,#29 in Medical,4.8,5.4K Ratings
2025-04-30 09:05:30,https://apps.apple.com/us/app/push-health-telehealth-app/id950510633,N/A,4.6,18.3K Ratings
2025-04-30 09:05:30,https://apps.apple.com/us/app/plushcare-online-doctor/id955183607,#118 in Medical,4.9,130.2K Ratings
2025-04-30 09:05:31,https://apps.apple.com/us/app/one-medical/id393507802,#51 in Medical,4.9,46.2K Ratings
2025-05-01 09:05:20,https://apps.apple.com/us/app/hims-telehealth-for-men/id1455690574,#16 in Medical,4.8,61.7K Ratings
2025-05-01 09:05:20,https://apps.apple.com/us/app/hers-womens-healthcare/id1623878709,#22 in Medical,4.6,6.3K Ratings
2025-05-01 09:05:20,https://apps.apple.com/us/app/ro/id1585858911,#28 in Medical,4.8,5.4K Ratings
2025-05-01 09:05:21,https://apps.apple.com/us/app/push-health-telehealth-app/id950510633,N/A,4.6,18.3K Ratings
2025-05-01 09:05:21,https://apps.apple.com/us/app/plushcare-online-doctor/id955183607,#123 in Medical,4.9,130.3K Ratings
2025-05-01 09:05:21,https://apps.apple.com/us/app/one-medical/id393507802,#53 in Medical,4.9,46.2K Ratings
2025-05-02 09:05:16,https://apps.apple.com/us/app/hims-telehealth-for-men/id1455690574,#17 in Medical,4.8,61.8K Ratings
2025-05-02 09:05:17,https://apps.apple.com/us/app/hers-womens-healthcare/id1623878709,#24 in Medical,4.6,6.3K Ratings
2025-05-02 09:05:17,https://apps.apple.com/us/app/ro/id1585858911,#28 in Medical,4.8,5.4K Ratings
2025-05-02 09:05:17,https://apps.apple.com/us/app/push-health-telehealth-app/id950510633,N/A,4.6,18.4K Ratings
2025-05-02 09:05:17,https://apps.apple.com/us/app/plushcare-online-doctor/id955183607,#125 in Medical,4.9,130.3K Ratings
2025-05-02 09:05:18,https://apps.apple.com/us/app/one-medical/id393507802,#54 in Medical,4.9,46.2K Ratings
2025-05-03 09:04:28,https://apps.apple.com/us/app/hims-telehealth-for-men/id1455690574,#18 in Medical,4.8,61.8K Ratings
2025-05-03 09:04:29,https://apps.apple.com/us/app/hers-womens-healthcare/id1623878709,#23 in Medical,4.6,6.3K Ratings
2025-05-03 09:04:29,https://apps.apple.com/us/app/ro/id1585858911,#29 in Medical,4.8,5.4K Ratings
2025-05-03 09:04:29,https://apps.apple.com/us/app/push-health-telehealth-app/id950510633,N/A,4.6,18.4K Ratings
2025-05-03 09:04:29,https://apps.apple.com/us/app/plushcare-online-doctor/id955183607,#129 in Medical,4.9,130.4K Ratings
2025-05-03 09:04:30,https://apps.apple.com/us/app/one-medical/id393507802,#58 in Medical,4.9,46.2K Ratings
2025-05-04 09:04:34,https://apps.apple.com/us/app/hims-telehealth-for-men/id1455690574,#11 in Medical,4.8,61.9K Ratings
2025-05-04 09:04:34,https://apps.apple.com/us/app/hers-womens-healthcare/id1623878709,#17 in Medical,4.6,6.4K Ratings
2025-05-04 09:04:34,https://apps.apple.com/us/app/ro/id1585858911,#25 in Medical,4.8,5.4K Ratings
2025-05-04 09:04:35,https://apps.apple.com/us/app/push-health-telehealth-app/id950510633,N/A,4.6,18.4K Ratings
2025-05-04 09:04:35,https://apps.apple.com/us/app/plushcare-online-doctor/id955183607,#114 in Medical,4.9,130.4K Ratings
2025-05-04 09:04:36,https://apps.apple.com/us/app/one-medical/id393507802,#55 in Medical,4.9,46.2K Ratings
2025-05-05 09:05:35,https://apps.apple.com/us/app/hims-telehealth-for-men/id1455690574,#8 in Medical,4.8,62K Ratings
2025-05-05 09:05:35,https://apps.apple.com/us/app/hers-womens-healthcare/id1623878709,#15 in Medical,4.6,6.4K Ratings
2025-05-05 09:05:35,https://apps.apple.com/us/app/ro/id1585858911,#23 in Medical,4.8,5.4K Ratings
2025-05-05 09:05:36,https://apps.apple.com/us/app/push-health-telehealth-app/id950510633,N/A,4.6,18.4K Ratings
2025-05-05 09:05:36,https://apps.apple.com/us/app/plushcare-online-doctor/id955183607,#118 in Medical,4.9,130.5K Ratings
2025-05-05 09:05:36,https://apps.apple.com/us/app/one-medical/id393507802,#52 in Medical,4.9,46.2K Ratings
2025-05-06 09:05:15,https://apps.apple.com/us/app/hims-telehealth-for-men/id1455690574,#14 in Medical,4.8,62.1K Ratings
2025-05-06 09:05:16,https://apps.apple.com/us/app/hers-womens-healthcare/id1623878709,#24 in Medical,4.6,6.4K Ratings
2025-05-06 09:05:16,https://apps.apple.com/us/app/ro/id1585858911,#30 in Medical,4.8,5.4K Ratings
2025-05-06 09:05:16,https://apps.apple.com/us/app/push-health-telehealth-app/id950510633,N/A,4.6,18.4K Ratings
2025-05-06 09:05:17,https://apps.apple.com/us/app/plushcare-online-doctor/id955183607,#141 in Medical,4.9,130.5K Ratings
2025-05-06 09:05:17,https://apps.apple.com/us/app/one-medical/id393507802,#58 in Medical,4.9,46.3K Ratings
2025-05-07 09:05:36,https://apps.apple.com/us/app/hims-telehealth-for-men/id1455690574,#17 in Medical,4.8,62.2K Ratings
2025-05-07 09:05:37,https://apps.apple.com/us/app/hers-womens-healthcare/id1623878709,#25 in Medical,4.6,6.4K Ratings
2025-05-07 09:05:37,https://apps.apple.com/us/app/ro/id1585858911,#32 in Medical,4.8,5.4K Ratings
2025-05-07 09:05:37,https://apps.apple.com/us/app/push-health-telehealth-app/id950510633,N/A,4.6,18.4K Ratings
2025-05-07 09:05:38,https://apps.apple.com/us/app/plushcare-online-doctor/id955183607,#136 in Medical,4.9,130.5K Ratings
2025-05-07 09:05:38,https://apps.apple.com/us/app/one-medical/id393507802,#55 in Medical,4.9,46.3K Ratings
2025-05-08 09:05:13,https://apps.apple.com/us/app/hims-telehealth-for-men/id1455690574,#18 in Medical,4.8,62.2K Ratings
2025-05-08 09:05:13,https://apps.apple.com/us/app/hers-womens-healthcare/id1623878709,#26 in Medical,4.6,6.4K Ratings
2025-05-08 09:05:13,https://apps.apple.com/us/app/ro/id1585858911,#32 in Medical,4.8,5.4K Ratings
2025-05-08 09:05:13,https://apps.apple.com/us/app/push-health-telehealth-app/id950510633,N/A,4.6,18.4K Ratings
2025-05-08 09:05:14,https://apps.apple.com/us/app/plushcare-online-doctor/id955183607,#144 in Medical,4.9,130.6K Ratings
2025-05-08 09:05:14,https://apps.apple.com/us/app/one-medical/id393507802,#60 in Medical,4.9,46.3K Ratings
2025-05-09 09:05:21,https://apps.apple.com/us/app/hims-telehealth-for-men/id1455690574,#18 in Medical,4.8,62.3K Ratings
2025-05-09 09:05:22,https://apps.apple.com/us/app/hers-womens-healthcare/id1623878709,#26 in Medical,4.6,6.4K Ratings
2025-05-09 09:05:22,https://apps.apple.com/us/app/ro/id1585858911,#27 in Medical,4.8,5.4K Ratings
2025-05-09 09:05:22,https://apps.apple.com/us/app/push-health-telehealth-app/id950510633,N/A,4.6,18.4K Ratings
2025-05-09 09:05:22,https://apps.apple.com/us/app/plushcare-online-doctor/id955183607,#130 in Medical,4.9,130.6K Ratings
2025-05-09 09:05:22,https://apps.apple.com/us/app/one-medical/id393507802,#65 in Medical,4.9,46.3K Ratings
2025-05-10 09:04:22,https://apps.apple.com/us/app/hims-telehealth-for-men/id1455690574,#17 in Medical,4.8,62.4K Ratings
2025-05-10 09:04:22,https://apps.apple.com/us/app/hers-womens-healthcare/id1623878709,#26 in Medical,4.6,6.4K Ratings
2025-05-10 09:04:22,https://apps.apple.com/us/app/ro/id1585858911,#28 in Medical,4.8,5.4K Ratings
2025-05-10 09:04:23,https://apps.apple.com/us/app/push-health-telehealth-app/id950510633,N/A,4.6,18.4K Ratings
2025-05-10 09:04:23,https://apps.apple.com/us/app/plushcare-online-doctor/id955183607,#126 in Medical,4.9,130.7K Ratings
2025-05-10 09:04:23,https://apps.apple.com/us/app/one-medical/id393507802,#65 in Medical,4.9,46.3K Ratings
2025-05-11 09:04:52,https://apps.apple.com/us/app/hims-telehealth-for-men/id1455690574,#8 in Medical,4.8,62.5K Ratings
2025-05-11 09:04:52,https://apps.apple.com/us/app/hers-womens-healthcare/id1623878709,#17 in Medical,4.6,6.4K Ratings
2025-05-11 09:04:52,https://apps.apple.com/us/app/ro/id1585858911,#24 in Medical,4.8,5.4K Ratings
2025-05-11 09:04:52,https://apps.apple.com/us/app/push-health-telehealth-app/id950510633,N/A,4.6,18.4K Ratings
2025-05-11 09:04:53,https://apps.apple.com/us/app/plushcare-online-doctor/id955183607,#111 in Medical,4.9,130.7K Ratings
2025-05-11 09:04:53,https://apps.apple.com/us/app/one-medical/id393507802,#55 in Medical,4.9,46.3K Ratings
2025-05-12 09:05:45,https://apps.apple.com/us/app/hims-telehealth-for-men/id1455690574,#9 in Medical,4.8,62.5K Ratings
2025-05-12 09:05:45,https://apps.apple.com/us/app/hers-womens-healthcare/id1623878709,#17 in Medical,4.6,6.4K Ratings
2025-05-12 09:05:45,https://apps.apple.com/us/app/ro/id1585858911,#19 in Medical,4.8,5.4K Ratings
2025-05-12 09:05:46,https://apps.apple.com/us/app/push-health-telehealth-app/id950510633,N/A,4.6,18.4K Ratings
2025-05-12 09:05:46,https://apps.apple.com/us/app/plushcare-online-doctor/id955183607,#114 in Medical,4.9,130.7K Ratings
2025-05-12 09:05:46,https://apps.apple.com/us/app/one-medical/id393507802,#52 in Medical,4.9,46.3K Ratings
2025-05-13 09:05:17,https://apps.apple.com/us/app/hims-telehealth-for-men/id1455690574,#13 in Medical,4.8,62.5K Ratings
2025-05-13 09:05:17,https://apps.apple.com/us/app/hers-womens-healthcare/id1623878709,#22 in Medical,4.6,6.4K Ratings
2025-05-13 09:05:17,https://apps.apple.com/us/app/ro/id1585858911,#25 in Medical,4.8,5.4K Ratings
2025-05-13 09:05:17,https://apps.apple.com/us/app/push-health-telehealth-app/id950510633,N/A,4.6,18.4K Ratings
2025-05-13 09:05:18,https://apps.apple.com/us/app/plushcare-online-doctor/id955183607,#123 in Medical,4.9,130.7K Ratings
2025-05-13 09:05:18,https://apps.apple.com/us/app/one-medical/id393507802,#61 in Medical,4.9,46.3K Ratings
2025-05-14 09:05:24,https://apps.apple.com/us/app/hims-telehealth-for-men/id1455690574,#17 in Medical,4.8,62.7K Ratings
2025-05-14 09:05:24,https://apps.apple.com/us/app/hers-womens-healthcare/id1623878709,#24 in Medical,4.6,6.5K Ratings
2025-05-14 09:05:25,https://apps.apple.com/us/app/ro/id1585858911,#27 in Medical,4.8,5.4K Ratings
2025-05-14 09:05:25,https://apps.apple.com/us/app/push-health-telehealth-app/id950510633,N/A,4.6,18.5K Ratings
2025-05-14 09:05:25,https://apps.apple.com/us/app/plushcare-online-doctor/id955183607,#125 in Medical,4.9,130.8K Ratings
2025-05-14 09:05:25,https://apps.apple.com/us/app/one-medical/id393507802,#74 in Medical,4.9,46.4K Ratings
2025-05-15 09:05:29,https://apps.apple.com/us/app/hims-telehealth-for-men/id1455690574,#17 in Medical,4.8,62.8K Ratings
2025-05-15 09:05:30,https://apps.apple.com/us/app/hers-womens-healthcare/id1623878709,#24 in Medical,4.6,6.5K Ratings
2025-05-15 09:05:30,https://apps.apple.com/us/app/ro/id1585858911,#27 in Medical,4.8,5.4K Ratings
2025-05-15 09:05:30,https://apps.apple.com/us/app/push-health-telehealth-app/id950510633,N/A,4.6,18.5K Ratings
2025-05-15 09:05:31,https://apps.apple.com/us/app/plushcare-online-doctor/id955183607,#137 in Medical,4.9,130.9K Ratings
2025-05-15 09:05:31,https://apps.apple.com/us/app/one-medical/id393507802,#78 in Medical,4.9,46.4K Ratings
2025-05-16 09:05:05,https://apps.apple.com/us/app/hims-telehealth-for-men/id1455690574,#16 in Medical,4.8,62.8K Ratings
2025-05-16 09:05:06,https://apps.apple.com/us/app/hers-womens-healthcare/id1623878709,#24 in Medical,4.6,6.5K Ratings
2025-05-16 09:05:06,https://apps.apple.com/us/app/ro/id1585858911,#26 in Medical,4.8,5.4K Ratings
2025-05-16 09:05:06,https://apps.apple.com/us/app/push-health-telehealth-app/id950510633,N/A,4.6,18.5K Ratings
2025-05-16 09:05:07,https://apps.apple.com/us/app/plushcare-online-doctor/id955183607,#127 in Medical,4.9,130.9K Ratings
2025-05-16 09:05:07,https://apps.apple.com/us/app/one-medical/id393507802,#85 in Medical,4.9,46.4K Ratings
2025-05-17 09:04:37,https://apps.apple.com/us/app/hims-telehealth-for-men/id1455690574,#17 in Medical,4.8,62.9K Ratings
2025-05-17 09:04:37,https://apps.apple.com/us/app/hers-womens-healthcare/id1623878709,#24 in Medical,4.6,6.5K Ratings
2025-05-17 09:04:38,https://apps.apple.com/us/app/ro/id1585858911,#25 in Medical,4.8,5.4K Ratings
2025-05-17 09:04:38,https://apps.apple.com/us/app/push-health-telehealth-app/id950510633,N/A,4.6,18.5K Ratings
2025-05-17 09:04:38,https://apps.apple.com/us/app/plushcare-online-doctor/id955183607,#120 in Medical,4.9,130.9K Ratings
2025-05-17 09:04:38,https://apps.apple.com/us/app/one-medical/id393507802,#85 in Medical,4.9,46.4K Ratings
2025-05-18 09:04:22,https://apps.apple.com/us/app/hims-telehealth-for-men/id1455690574,#9 in Medical,4.8,63K Ratings
2025-05-18 09:04:22,https://apps.apple.com/us/app/hers-womens-healthcare/id1623878709,#17 in Medical,4.6,6.5K Ratings
2025-05-18 09:04:23,https://apps.apple.com/us/app/ro/id1585858911,#21 in Medical,4.8,5.4K Ratings
2025-05-18 09:04:23,https://apps.apple.com/us/app/push-health-telehealth-app/id950510633,N/A,4.6,18.5K Ratings
2025-05-18 09:04:23,https://apps.apple.com/us/app/plushcare-online-doctor/id955183607,#110 in Medical,4.9,131K Ratings
2025-05-18 09:04:23,https://apps.apple.com/us/app/one-medical/id393507802,#97 in Medical,4.9,46.5K Ratings
2025-05-19 09:05:49,https://apps.apple.com/us/app/hims-telehealth-for-men/id1455690574,#7 in Medical,4.8,63K Ratings
2025-05-19 09:05:51,https://apps.apple.com/us/app/hers-womens-healthcare/id1623878709,#12 in Medical,4.6,6.5K Ratings
2025-05-19 09:05:51,https://apps.apple.com/us/app/ro/id1585858911,#18 in Medical,4.8,5.4K Ratings
2025-05-19 09:05:51,https://apps.apple.com/us/app/push-health-telehealth-app/id950510633,N/A,4.6,18.5K Ratings
2025-05-19 09:05:51,https://apps.apple.com/us/app/plushcare-online-doctor/id955183607,#124 in Medical,4.9,131K Ratings
2025-05-19 09:05:51,https://apps.apple.com/us/app/one-medical/id393507802,#84 in Medical,4.9,46.5K Ratings
2025-05-20 09:05:39,https://apps.apple.com/us/app/hims-telehealth-for-men/id1455690574,#13 in Medical,4.8,63.1K Ratings
2025-05-20 09:05:39,https://apps.apple.com/us/app/hers-womens-healthcare/id1623878709,#24 in Medical,4.6,6.5K Ratings
2025-05-20 09:05:39,https://apps.apple.com/us/app/ro/id1585858911,#25 in Medical,4.8,5.4K Ratings
2025-05-20 09:05:40,https://apps.apple.com/us/app/push-health-telehealth-app/id950510633,N/A,4.6,18.5K Ratings
2025-05-20 09:05:40,https://apps.apple.com/us/app/plushcare-online-doctor/id955183607,#124 in Medical,4.9,131K Ratings
2025-05-20 09:05:40,https://apps.apple.com/us/app/one-medical/id393507802,#83 in Medical,4.9,46.5K Ratings
2025-05-21 09:05:35,https://apps.apple.com/us/app/hims-telehealth-for-men/id1455690574,#18 in Medical,4.8,63.2K Ratings
2025-05-21 09:05:36,https://apps.apple.com/us/app/hers-womens-healthcare/id1623878709,#24 in Medical,4.6,6.5K Ratings
2025-05-21 09:05:36,https://apps.apple.com/us/app/ro/id1585858911,#28 in Medical,4.8,5.4K Ratings
2025-05-21 09:05:36,https://apps.apple.com/us/app/push-health-telehealth-app/id950510633,N/A,4.6,18.5K Ratings
2025-05-21 09:05:36,https://apps.apple.com/us/app/plushcare-online-doctor/id955183607,#130 in Medical,4.9,131.1K Ratings
2025-05-21 09:05:37,https://apps.apple.com/us/app/one-medical/id393507802,#81 in Medical,4.9,46.5K Ratings
2025-05-22 09:05:31,https://apps.apple.com/us/app/hims-telehealth-for-men/id1455690574,#17 in Medical,4.8,63.2K Ratings
2025-05-22 09:05:32,https://apps.apple.com/us/app/hers-womens-healthcare/id1623878709,#24 in Medical,4.6,6.5K Ratings
2025-05-22 09:05:32,https://apps.apple.com/us/app/ro/id1585858911,#28 in Medical,4.8,5.4K Ratings
2025-05-22 09:05:32,https://apps.apple.com/us/app/push-health-telehealth-app/id950510633,N/A,4.6,18.5K Ratings
2025-05-22 09:05:33,https://apps.apple.com/us/app/plushcare-online-doctor/id955183607,#120 in Medical,4.9,131.1K Ratings
2025-05-22 09:05:33,https://apps.apple.com/us/app/one-medical/id393507802,#90 in Medical,4.9,46.5K Ratings
2025-05-23 09:05:27,https://apps.apple.com/us/app/hims-telehealth-for-men/id1455690574,#18 in Medical,4.8,63.4K Ratings
2025-05-23 09:05:28,https://apps.apple.com/us/app/hers-womens-healthcare/id1623878709,#25 in Medical,4.6,6.6K Ratings
2025-05-23 09:05:28,https://apps.apple.com/us/app/ro/id1585858911,#29 in Medical,4.8,5.4K Ratings
2025-05-23 09:05:28,https://apps.apple.com/us/app/push-health-telehealth-app/id950510633,N/A,4.6,18.6K Ratings
2025-05-23 09:05:28,https://apps.apple.com/us/app/plushcare-online-doctor/id955183607,#126 in Medical,4.9,131.2K Ratings
2025-05-23 09:05:29,https://apps.apple.com/us/app/one-medical/id393507802,#89 in Medical,4.9,46.5K Ratings
2025-05-24 09:04:26,https://apps.apple.com/us/app/hims-telehealth-for-men/id1455690574,#17 in Medical,4.8,63.4K Ratings
2025-05-24 09:04:26,https://apps.apple.com/us/app/hers-womens-healthcare/id1623878709,#25 in Medical,4.6,6.6K Ratings
2025-05-24 09:04:26,https://apps.apple.com/us/app/ro/id1585858911,#30 in Medical,4.8,5.4K Ratings
2025-05-24 09:04:27,https://apps.apple.com/us/app/push-health-telehealth-app/id950510633,N/A,4.6,18.6K Ratings
2025-05-24 09:04:27,https://apps.apple.com/us/app/plushcare-online-doctor/id955183607,#114 in Medical,4.9,131.2K Ratings
2025-05-24 09:04:27,https://apps.apple.com/us/app/one-medical/id393507802,#89 in Medical,4.9,46.5K Ratings
2025-05-25 09:04:25,https://apps.apple.com/us/app/hims-telehealth-for-men/id1455690574,#9 in Medical,4.8,63.5K Ratings
2025-05-25 09:04:25,https://apps.apple.com/us/app/hers-womens-healthcare/id1623878709,#19 in Medical,4.6,6.6K Ratings
2025-05-25 09:04:25,https://apps.apple.com/us/app/ro/id1585858911,#25 in Medical,4.8,5.4K Ratings
2025-05-25 09:04:25,https://apps.apple.com/us/app/push-health-telehealth-app/id950510633,N/A,4.6,18.6K Ratings
2025-05-25 09:04:26,https://apps.apple.com/us/app/plushcare-online-doctor/id955183607,#102 in Medical,4.9,131.2K Ratings
2025-05-25 09:04:26,https://apps.apple.com/us/app/one-medical/id393507802,#94 in Medical,4.9,46.5K Ratings
2025-05-26 09:22:51,https://apps.apple.com/us/app/hims-telehealth-for-men/id1455690574,#7 in Medical,4.8,63.6K Ratings
2025-05-26 09:22:51,https://apps.apple.com/us/app/hers-womens-healthcare/id1623878709,#16 in Medical,4.6,6.6K Ratings
2025-05-26 09:22:52,https://apps.apple.com/us/app/ro/id1585858911,#23 in Medical,4.8,5.4K Ratings
2025-05-26 09:22:52,https://apps.apple.com/us/app/push-health-telehealth-app/id950510633,N/A,4.6,18.6K Ratings
2025-05-26 09:22:52,https://apps.apple.com/us/app/plushcare-online-doctor/id955183607,#97 in Medical,4.9,131.3K Ratings
2025-05-26 09:22:53,https://apps.apple.com/us/app/one-medical/id393507802,#91 in Medical,4.9,46.5K Ratings
2025-05-27 09:05:12,https://apps.apple.com/us/app/hims-telehealth-for-men/id1455690574,#9 in Medical,4.8,63.6K Ratings
2025-05-27 09:05:13,https://apps.apple.com/us/app/hers-womens-healthcare/id1623878709,#15 in Medical,4.6,6.6K Ratings
2025-05-27 09:05:13,https://apps.apple.com/us/app/ro/id1585858911,#24 in Medical,4.8,5.4K Ratings
2025-05-27 09:05:13,https://apps.apple.com/us/app/push-health-telehealth-app/id950510633,N/A,4.6,18.6K Ratings
2025-05-27 09:05:13,https://apps.apple.com/us/app/plushcare-online-doctor/id955183607,#101 in Medical,4.9,131.3K Ratings
2025-05-27 09:05:14,https://apps.apple.com/us/app/one-medical/id393507802,#86 in Medical,4.9,46.6K Ratings
2025-05-28 09:05:39,https://apps.apple.com/us/app/hims-telehealth-for-men/id1455690574,#14 in Medical,4.8,63.7K Ratings
2025-05-28 09:05:39,https://apps.apple.com/us/app/hers-womens-healthcare/id1623878709,#24 in Medical,4.6,6.6K Ratings
2025-05-28 09:05:39,https://apps.apple.com/us/app/ro/id1585858911,#25 in Medical,4.8,5.4K Ratings
2025-05-28 09:05:40,https://apps.apple.com/us/app/push-health-telehealth-app/id950510633,N/A,4.6,18.6K Ratings
2025-05-28 09:05:40,https://apps.apple.com/us/app/plushcare-online-doctor/id955183607,#124 in Medical,4.9,131.3K Ratings
2025-05-28 09:05:40,https://apps.apple.com/us/app/one-medical/id393507802,#80 in Medical,4.9,46.6K Ratings
2025-05-29 09:05:27,https://apps.apple.com/us/app/hims-telehealth-for-men/id1455690574,#16 in Medical,4.8,63.8K Ratings
2025-05-29 09:05:28,https://apps.apple.com/us/app/hers-womens-healthcare/id1623878709,#24 in Medical,4.6,6.6K Ratings
2025-05-29 09:05:28,https://apps.apple.com/us/app/ro/id1585858911,#29 in Medical,4.8,5.4K Ratings
2025-05-29 09:05:28,https://apps.apple.com/us/app/push-health-telehealth-app/id950510633,N/A,4.6,18.6K Ratings
2025-05-29 09:05:28,https://apps.apple.com/us/app/plushcare-online-doctor/id955183607,#131 in Medical,4.9,131.4K Ratings
2025-05-29 09:05:29,https://apps.apple.com/us/app/one-medical/id393507802,#83 in Medical,4.9,46.6K Ratings
2025-05-30 09:05:19,https://apps.apple.com/us/app/hims-telehealth-for-men/id1455690574,#17 in Medical,4.8,63.9K Ratings
2025-05-30 09:05:19,https://apps.apple.com/us/app/hers-womens-healthcare/id1623878709,#24 in Medical,4.6,6.6K Ratings
2025-05-30 09:05:20,https://apps.apple.com/us/app/ro/id1585858911,#27 in Medical,4.8,5.4K Ratings
2025-05-30 09:05:20,https://apps.apple.com/us/app/push-health-telehealth-app/id950510633,N/A,4.6,18.6K Ratings
2025-05-30 09:05:20,https://apps.apple.com/us/app/plushcare-online-doctor/id955183607,#127 in Medical,4.9,131.4K Ratings
2025-05-30 09:05:21,https://apps.apple.com/us/app/one-medical/id393507802,#89 in Medical,4.9,46.6K Ratings
2025-05-31 09:04:36,https://apps.apple.com/us/app/hims-telehealth-for-men/id1455690574,#16 in Medical,4.8,64K Ratings
2025-05-31 09:04:36,https://apps.apple.com/us/app/hers-womens-healthcare/id1623878709,#23 in Medical,4.6,6.6K Ratings
2025-05-31 09:04:36,https://apps.apple.com/us/app/ro/id1585858911,#28 in Medical,4.8,5.4K Ratings
2025-05-31 09:04:36,https://apps.apple.com/us/app/push-health-telehealth-app/id950510633,N/A,4.6,18.7K Ratings
2025-05-31 09:04:37,https://apps.apple.com/us/app/plushcare-online-doctor/id955183607,#133 in Medical,4.9,131.5K Ratings
2025-05-31 09:04:37,https://apps.apple.com/us/app/one-medical/id393507802,#93 in Medical,4.9,46.6K Ratings
2025-06-01 09:04:44,https://apps.apple.com/us/app/hims-telehealth-for-men/id1455690574,#8 in Medical,4.8,64K Ratings
2025-06-01 09:04:44,https://apps.apple.com/us/app/hers-womens-healthcare/id1623878709,#18 in Medical,4.6,6.6K Ratings
2025-06-01 09:04:44,https://apps.apple.com/us/app/ro/id1585858911,#25 in Medical,4.8,5.4K Ratings
2025-06-01 09:04:45,https://apps.apple.com/us/app/push-health-telehealth-app/id950510633,N/A,4.6,18.7K Ratings
2025-06-01 09:04:45,https://apps.apple.com/us/app/plushcare-online-doctor/id955183607,#112 in Medical,4.9,131.5K Ratings
2025-06-01 09:04:45,https://apps.apple.com/us/app/one-medical/id393507802,#96 in Medical,4.9,46.6K Ratings
2025-06-02 09:05:48,https://apps.apple.com/us/app/hims-telehealth-for-men/id1455690574,#7 in Medical,4.8,64.1K Ratings
2025-06-02 09:05:48,https://apps.apple.com/us/app/hers-womens-healthcare/id1623878709,#14 in Medical,4.6,6.7K Ratings
2025-06-02 09:05:48,https://apps.apple.com/us/app/ro/id1585858911,#22 in Medical,4.8,5.4K Ratings
2025-06-02 09:05:48,https://apps.apple.com/us/app/push-health-telehealth-app/id950510633,N/A,4.6,18.7K Ratings
2025-06-02 09:05:49,https://apps.apple.com/us/app/plushcare-online-doctor/id955183607,#123 in Medical,4.9,131.6K Ratings
2025-06-02 09:05:49,https://apps.apple.com/us/app/one-medical/id393507802,#88 in Medical,4.9,46.6K Ratings
2025-06-03 09:05:40,https://apps.apple.com/us/app/hims-telehealth-for-men/id1455690574,#11 in Medical,4.8,64.2K Ratings
2025-06-03 09:05:40,https://apps.apple.com/us/app/hers-womens-healthcare/id1623878709,#22 in Medical,4.6,6.7K Ratings
2025-06-03 09:05:40,https://apps.apple.com/us/app/ro/id1585858911,#27 in Medical,4.8,5.4K Ratings
2025-06-03 09:05:40,https://apps.apple.com/us/app/push-health-telehealth-app/id950510633,N/A,4.6,18.7K Ratings
2025-06-03 09:05:41,https://apps.apple.com/us/app/plushcare-online-doctor/id955183607,#140 in Medical,4.9,131.6K Ratings
2025-06-03 09:05:41,https://apps.apple.com/us/app/one-medical/id393507802,#89 in Medical,4.9,46.6K Ratings
2025-06-04 09:05:17,https://apps.apple.com/us/app/hims-telehealth-for-men/id1455690574,#14 in Medical,4.8,64.3K Ratings
2025-06-04 09:05:17,https://apps.apple.com/us/app/hers-womens-healthcare/id1623878709,#23 in Medical,4.6,6.7K Ratings
2025-06-04 09:05:17,https://apps.apple.com/us/app/ro/id1585858911,#32 in Medical,4.8,5.4K Ratings
2025-06-04 09:05:17,https://apps.apple.com/us/app/push-health-telehealth-app/id950510633,N/A,4.6,18.7K Ratings
2025-06-04 09:05:18,https://apps.apple.com/us/app/plushcare-online-doctor/id955183607,#139 in Medical,4.9,131.6K Ratings
2025-06-04 09:05:18,https://apps.apple.com/us/app/one-medical/id393507802,#97 in Medical,4.9,46.7K Ratings
2025-06-05 09:05:29,https://apps.apple.com/us/app/hims-telehealth-for-men/id1455690574,#17 in Medical,4.8,64.4K Ratings
2025-06-05 09:05:29,https://apps.apple.com/us/app/hers-womens-healthcare/id1623878709,#24 in Medical,4.6,6.7K Ratings
2025-06-05 09:05:30,https://apps.apple.com/us/app/ro/id1585858911,#29 in Medical,4.8,5.4K Ratings
2025-06-05 09:05:30,https://apps.apple.com/us/app/push-health-telehealth-app/id950510633,N/A,4.6,18.7K Ratings
2025-06-05 09:05:30,https://apps.apple.com/us/app/plushcare-online-doctor/id955183607,#142 in Medical,4.9,131.7K Ratings
2025-06-05 09:05:30,https://apps.apple.com/us/app/one-medical/id393507802,#95 in Medical,4.9,46.7K Ratings
2025-06-06 09:05:17,https://apps.apple.com/us/app/hims-telehealth-for-men/id1455690574,#18 in Medical,4.8,64.5K Ratings
2025-06-06 09:05:17,https://apps.apple.com/us/app/hers-womens-healthcare/id1623878709,#26 in Medical,4.6,6.7K Ratings
2025-06-06 09:05:18,https://apps.apple.com/us/app/ro/id1585858911,#29 in Medical,4.8,5.4K Ratings
2025-06-06 09:05:18,https://apps.apple.com/us/app/push-health-telehealth-app/id950510633,N/A,4.6,18.7K Ratings
2025-06-06 09:05:18,https://apps.apple.com/us/app/plushcare-online-doctor/id955183607,#140 in Medical,4.9,131.7K Ratings
2025-06-06 09:05:18,https://apps.apple.com/us/app/one-medical/id393507802,#90 in Medical,4.9,46.7K Ratings
2025-06-07 09:04:37,https://apps.apple.com/us/app/hims-telehealth-for-men/id1455690574,#19 in Medical,4.8,64.5K Ratings
2025-06-07 09:04:37,https://apps.apple.com/us/app/hers-womens-healthcare/id1623878709,#23 in Medical,4.6,6.7K Ratings
2025-06-07 09:04:37,https://apps.apple.com/us/app/ro/id1585858911,#30 in Medical,4.8,5.4K Ratings
2025-06-07 09:04:38,https://apps.apple.com/us/app/push-health-telehealth-app/id950510633,N/A,4.6,18.7K Ratings
2025-06-07 09:04:38,https://apps.apple.com/us/app/plushcare-online-doctor/id955183607,#137 in Medical,4.9,131.7K Ratings
2025-06-07 09:04:39,https://apps.apple.com/us/app/one-medical/id393507802,#89 in Medical,4.9,46.7K Ratings
2025-06-08 09:04:32,https://apps.apple.com/us/app/hims-telehealth-for-men/id1455690574,#11 in Medical,4.8,64.6K Ratings
2025-06-08 09:04:32,https://apps.apple.com/us/app/hers-womens-healthcare/id1623878709,#18 in Medical,4.6,6.7K Ratings
2025-06-08 09:04:32,https://apps.apple.com/us/app/ro/id1585858911,#25 in Medical,4.8,5.4K Ratings
2025-06-08 09:04:32,https://apps.apple.com/us/app/push-health-telehealth-app/id950510633,N/A,4.6,18.7K Ratings
2025-06-08 09:04:33,https://apps.apple.com/us/app/plushcare-online-doctor/id955183607,#115 in Medical,4.9,131.8K Ratings
2025-06-08 09:04:33,https://apps.apple.com/us/app/one-medical/id393507802,#97 in Medical,4.9,46.7K Ratings
2025-06-09 09:06:06,https://apps.apple.com/us/app/hims-telehealth-for-men/id1455690574,#9 in Medical,4.8,64.7K Ratings
2025-06-09 09:06:06,https://apps.apple.com/us/app/hers-womens-healthcare/id1623878709,#13 in Medical,4.6,6.7K Ratings
2025-06-09 09:06:06,https://apps.apple.com/us/app/ro/id1585858911,#23 in Medical,4.8,5.4K Ratings
2025-06-09 09:06:07,https://apps.apple.com/us/app/push-health-telehealth-app/id950510633,N/A,4.6,18.8K Ratings
2025-06-09 09:06:07,https://apps.apple.com/us/app/plushcare-online-doctor/id955183607,#122 in Medical,4.9,131.8K Ratings
2025-06-09 09:06:07,https://apps.apple.com/us/app/one-medical/id393507802,#90 in Medical,4.9,46.7K Ratings
2025-06-10 09:05:57,https://apps.apple.com/us/app/hims-telehealth-for-men/id1455690574,#15 in Medical,4.8,64.7K Ratings
2025-06-10 09:05:58,https://apps.apple.com/us/app/hers-womens-healthcare/id1623878709,#23 in Medical,4.6,6.7K Ratings
2025-06-10 09:05:58,https://apps.apple.com/us/app/ro/id1585858911,#29 in Medical,4.8,5.4K Ratings
2025-06-10 09:05:58,https://apps.apple.com/us/app/push-health-telehealth-app/id950510633,N/A,4.6,18.8K Ratings
2025-06-10 09:05:59,https://apps.apple.com/us/app/plushcare-online-doctor/id955183607,#127 in Medical,4.9,131.8K Ratings
2025-06-10 09:05:59,https://apps.apple.com/us/app/one-medical/id393507802,#89 in Medical,4.9,46.7K Ratings
2025-06-11 09:05:41,https://apps.apple.com/us/app/hims-telehealth-for-men/id1455690574,#18 in Medical,4.8,64.8K Ratings
2025-06-11 09:05:41,https://apps.apple.com/us/app/hers-womens-healthcare/id1623878709,#24 in Medical,4.6,6.7K Ratings
2025-06-11 09:05:41,https://apps.apple.com/us/app/ro/id1585858911,#33 in Medical,4.8,5.4K Ratings
2025-06-11 09:05:41,https://apps.apple.com/us/app/push-health-telehealth-app/id950510633,N/A,4.6,18.8K Ratings
2025-06-11 09:05:42,https://apps.apple.com/us/app/plushcare-online-doctor/id955183607,#134 in Medical,4.9,131.9K Ratings
2025-06-11 09:05:42,https://apps.apple.com/us/app/one-medical/id393507802,#82 in Medical,4.9,46.7K Ratings
2025-06-12 09:05:24,https://apps.apple.com/us/app/hims-telehealth-for-men/id1455690574,#20 in Medical,4.8,64.8K Ratings
2025-06-12 09:05:24,https://apps.apple.com/us/app/hers-womens-healthcare/id1623878709,#24 in Medical,4.6,6.7K Ratings
2025-06-12 09:05:24,https://apps.apple.com/us/app/ro/id1585858911,#35 in Medical,4.8,5.4K Ratings
2025-06-12 09:05:24,https://apps.apple.com/us/app/push-health-telehealth-app/id950510633,N/A,4.6,18.8K Ratings
2025-06-12 09:05:25,https://apps.apple.com/us/app/plushcare-online-doctor/id955183607,#138 in Medical,4.9,131.9K Ratings
2025-06-12 09:05:25,https://apps.apple.com/us/app/one-medical/id393507802,#89 in Medical,4.9,46.7K Ratings
2025-06-13 09:05:23,https://apps.apple.com/us/app/hims-telehealth-for-men/id1455690574,#20 in Medical,4.8,64.8K Ratings
2025-06-13 09:05:24,https://apps.apple.com/us/app/hers-womens-healthcare/id1623878709,#23 in Medical,4.6,6.7K Ratings
2025-06-13 09:05:24,https://apps.apple.com/us/app/ro/id1585858911,#32 in Medical,4.8,5.4K Ratings
2025-06-13 09:05:24,https://apps.apple.com/us/app/push-health-telehealth-app/id950510633,N/A,4.6,18.8K Ratings
2025-06-13 09:05:25,https://apps.apple.com/us/app/plushcare-online-doctor/id955183607,#134 in Medical,4.9,131.9K Ratings
2025-06-13 09:05:25,https://apps.apple.com/us/app/one-medical/id393507802,#95 in Medical,4.9,46.7K Ratings
2025-06-14 09:04:32,https://apps.apple.com/us/app/hims-telehealth-for-men/id1455690574,#19 in Medical,4.8,65K Ratings
2025-06-14 09:04:32,https://apps.apple.com/us/app/hers-womens-healthcare/id1623878709,#20 in Medical,4.6,6.8K Ratings
2025-06-14 09:04:32,https://apps.apple.com/us/app/ro/id1585858911,#32 in Medical,4.8,5.4K Ratings
2025-06-14 09:04:33,https://apps.apple.com/us/app/push-health-telehealth-app/id950510633,N/A,4.6,18.8K Ratings
2025-06-14 09:04:33,https://apps.apple.com/us/app/plushcare-online-doctor/id955183607,#119 in Medical,4.9,132K Ratings
2025-06-14 09:04:33,https://apps.apple.com/us/app/one-medical/id393507802,#93 in Medical,4.9,46.8K Ratings
2025-06-15 09:04:45,https://apps.apple.com/us/app/hims-telehealth-for-men/id1455690574,#12 in Medical,4.8,65.1K Ratings
2025-06-15 09:04:45,https://apps.apple.com/us/app/hers-womens-healthcare/id1623878709,#14 in Medical,4.6,6.8K Ratings
2025-06-15 09:04:45,https://apps.apple.com/us/app/ro/id1585858911,#27 in Medical,4.8,5.4K Ratings
2025-06-15 09:04:46,https://apps.apple.com/us/app/push-health-telehealth-app/id950510633,N/A,4.6,18.8K Ratings
2025-06-15 09:04:46,https://apps.apple.com/us/app/plushcare-online-doctor/id955183607,#108 in Medical,4.9,132K Ratings
2025-06-15 09:04:46,https://apps.apple.com/us/app/one-medical/id393507802,#97 in Medical,4.9,46.8K Ratings
2025-06-16 09:06:32,https://apps.apple.com/us/app/hims-telehealth-for-men/id1455690574,#8 in Medical,4.8,65.1K Ratings
2025-06-16 09:06:32,https://apps.apple.com/us/app/hers-womens-healthcare/id1623878709,#11 in Medical,4.6,6.8K Ratings
2025-06-16 09:06:33,https://apps.apple.com/us/app/ro/id1585858911,#24 in Medical,4.8,5.4K Ratings
2025-06-16 09:06:33,https://apps.apple.com/us/app/push-health-telehealth-app/id950510633,N/A,4.6,18.8K Ratings
2025-06-16 09:06:33,https://apps.apple.com/us/app/plushcare-online-doctor/id955183607,#114 in Medical,4.9,132K Ratings
2025-06-16 09:06:34,https://apps.apple.com/us/app/one-medical/id393507802,#90 in Medical,4.9,46.8K Ratings
2025-06-17 09:06:02,https://apps.apple.com/us/app/hims-telehealth-for-men/id1455690574,#13 in Medical,4.8,65.2K Ratings
2025-06-17 09:06:03,https://apps.apple.com/us/app/hers-womens-healthcare/id1623878709,#15 in Medical,4.6,6.8K Ratings
2025-06-17 09:06:03,https://apps.apple.com/us/app/ro/id1585858911,#29 in Medical,4.8,5.4K Ratings
2025-06-17 09:06:03,https://apps.apple.com/us/app/push-health-telehealth-app/id950510633,N/A,4.6,18.8K Ratings
2025-06-17 09:06:04,https://apps.apple.com/us/app/plushcare-online-doctor/id955183607,#126 in Medical,4.9,132.1K Ratings
2025-06-17 09:06:04,https://apps.apple.com/us/app/one-medical/id393507802,#81 in Medical,4.9,46.8K Ratings
2025-06-18 09:05:48,https://apps.apple.com/us/app/hims-telehealth-for-men/id1455690574,#18 in Medical,4.8,65.3K Ratings
2025-06-18 09:05:49,https://apps.apple.com/us/app/hers-womens-healthcare/id1623878709,#20 in Medical,4.6,6.8K Ratings
2025-06-18 09:05:49,https://apps.apple.com/us/app/ro/id1585858911,#30 in Medical,4.8,5.4K Ratings
2025-06-18 09:05:49,https://apps.apple.com/us/app/push-health-telehealth-app/id950510633,N/A,4.6,18.8K Ratings
2025-06-18 09:05:50,https://apps.apple.com/us/app/plushcare-online-doctor/id955183607,#132 in Medical,4.9,132.1K Ratings
2025-06-18 09:05:50,https://apps.apple.com/us/app/one-medical/id393507802,#84 in Medical,4.9,46.8K Ratings
2025-06-19 09:05:41,https://apps.apple.com/us/app/hims-telehealth-for-men/id1455690574,#16 in Medical,4.8,65.4K Ratings
2025-06-19 09:05:41,https://apps.apple.com/us/app/hers-womens-healthcare/id1623878709,#19 in Medical,4.6,6.8K Ratings
2025-06-19 09:05:41,https://apps.apple.com/us/app/ro/id1585858911,#31 in Medical,4.8,5.4K Ratings
2025-06-19 09:05:42,https://apps.apple.com/us/app/push-health-telehealth-app/id950510633,N/A,4.6,18.8K Ratings
2025-06-19 09:05:42,https://apps.apple.com/us/app/plushcare-online-doctor/id955183607,#128 in Medical,4.9,132.1K Ratings
2025-06-19 09:05:42,https://apps.apple.com/us/app/one-medical/id393507802,#94 in Medical,4.9,46.8K Ratings
2025-06-20 09:05:30,https://apps.apple.com/us/app/hims-telehealth-for-men/id1455690574,#18 in Medical,4.8,65.4K Ratings
2025-06-20 09:05:31,https://apps.apple.com/us/app/hers-womens-healthcare/id1623878709,#20 in Medical,4.6,6.8K Ratings
2025-06-20 09:05:31,https://apps.apple.com/us/app/ro/id1585858911,#32 in Medical,4.8,5.4K Ratings
2025-06-20 09:05:31,https://apps.apple.com/us/app/push-health-telehealth-app/id950510633,N/A,4.6,18.8K Ratings
2025-06-20 09:05:32,https://apps.apple.com/us/app/plushcare-online-doctor/id955183607,#125 in Medical,4.9,132.1K Ratings
2025-06-20 09:05:32,https://apps.apple.com/us/app/one-medical/id393507802,#95 in Medical,4.9,46.8K Ratings
2025-06-21 09:04:36,https://apps.apple.com/us/app/hims-telehealth-for-men/id1455690574,#19 in Medical,4.8,65.5K Ratings
2025-06-21 09:04:36,https://apps.apple.com/us/app/hers-womens-healthcare/id1623878709,#21 in Medical,4.6,6.8K Ratings
2025-06-21 09:04:36,https://apps.apple.com/us/app/ro/id1585858911,#34 in Medical,4.8,5.4K Ratings
2025-06-21 09:04:37,https://apps.apple.com/us/app/push-health-telehealth-app/id950510633,N/A,4.6,18.9K Ratings
2025-06-21 09:04:37,https://apps.apple.com/us/app/plushcare-online-doctor/id955183607,#120 in Medical,4.9,132.2K Ratings
2025-06-21 09:04:37,https://apps.apple.com/us/app/one-medical/id393507802,#81 in Medical,4.9,46.8K Ratings
2025-06-22 09:04:42,https://apps.apple.com/us/app/hims-telehealth-for-men/id1455690574,#12 in Medical,4.8,65.6K Ratings
2025-06-22 09:04:43,https://apps.apple.com/us/app/hers-womens-healthcare/id1623878709,#15 in Medical,4.6,6.9K Ratings
2025-06-22 09:04:43,https://apps.apple.com/us/app/ro/id1585858911,#28 in Medical,4.8,5.4K Ratings
2025-06-22 09:04:43,https://apps.apple.com/us/app/push-health-telehealth-app/id950510633,N/A,4.6,18.9K Ratings
2025-06-22 09:04:43,https://apps.apple.com/us/app/plushcare-online-doctor/id955183607,#100 in Medical,4.9,132.3K Ratings
2025-06-22 09:04:44,https://apps.apple.com/us/app/one-medical/id393507802,#67 in Medical,4.9,46.8K Ratings
2025-06-23 09:07:05,https://apps.apple.com/us/app/hims-telehealth-for-men/id1455690574,#12 in Medical,4.8,65.6K Ratings
2025-06-23 09:07:06,https://apps.apple.com/us/app/hers-womens-healthcare/id1623878709,#13 in Medical,4.6,6.9K Ratings
2025-06-23 09:07:06,https://apps.apple.com/us/app/ro/id1585858911,#26 in Medical,4.8,5.4K Ratings
2025-06-23 09:07:06,https://apps.apple.com/us/app/push-health-telehealth-app/id950510633,N/A,4.6,18.9K Ratings
2025-06-23 09:07:06,https://apps.apple.com/us/app/plushcare-online-doctor/id955183607,#121 in Medical,4.9,132.3K Ratings
2025-06-23 09:07:07,https://apps.apple.com/us/app/one-medical/id393507802,#61 in Medical,4.9,46.8K Ratings
2025-06-24 09:06:25,https://apps.apple.com/us/app/hims-telehealth-for-men/id1455690574,#19 in Medical,4.8,65.7K Ratings
2025-06-24 09:06:26,https://apps.apple.com/us/app/hers-womens-healthcare/id1623878709,#21 in Medical,4.6,6.9K Ratings
2025-06-24 09:06:26,https://apps.apple.com/us/app/ro/id1585858911,#32 in Medical,4.8,5.4K Ratings
2025-06-24 09:06:26,https://apps.apple.com/us/app/push-health-telehealth-app/id950510633,N/A,4.6,18.9K Ratings
2025-06-24 09:06:26,https://apps.apple.com/us/app/plushcare-online-doctor/id955183607,#131 in Medical,4.9,132.3K Ratings
2025-06-24 09:06:27,https://apps.apple.com/us/app/one-medical/id393507802,#66 in Medical,4.9,46.9K Ratings
2025-06-25 09:06:28,https://apps.apple.com/us/app/hims-telehealth-for-men/id1455690574,#20 in Medical,4.8,65.8K Ratings
2025-06-25 09:06:28,https://apps.apple.com/us/app/hers-womens-healthcare/id1623878709,#21 in Medical,4.6,6.9K Ratings
2025-06-25 09:06:28,https://apps.apple.com/us/app/ro/id1585858911,#33 in Medical,4.8,5.4K Ratings
2025-06-25 09:06:29,https://apps.apple.com/us/app/push-health-telehealth-app/id950510633,N/A,4.6,18.9K Ratings
2025-06-25 09:06:29,https://apps.apple.com/us/app/plushcare-online-doctor/id955183607,#145 in Medical,4.9,132.4K Ratings
2025-06-25 09:06:29,https://apps.apple.com/us/app/one-medical/id393507802,#67 in Medical,4.9,46.9K Ratings
2025-06-26 09:05:51,https://apps.apple.com/us/app/hims-telehealth-for-men/id1455690574,#21 in Medical,4.8,65.8K Ratings
2025-06-26 09:05:52,https://apps.apple.com/us/app/hers-womens-healthcare/id1623878709,#23 in Medical,4.6,6.9K Ratings
2025-06-26 09:05:52,https://apps.apple.com/us/app/ro/id1585858911,#32 in Medical,4.8,5.4K Ratings
2025-06-26 09:05:52,https://apps.apple.com/us/app/push-health-telehealth-app/id950510633,N/A,4.6,18.9K Ratings
2025-06-26 09:05:53,https://apps.apple.com/us/app/plushcare-online-doctor/id955183607,#161 in Medical,4.9,132.4K Ratings
2025-06-26 09:05:53,https://apps.apple.com/us/app/one-medical/id393507802,#69 in Medical,4.9,46.9K Ratings
2025-06-27 09:05:36,https://apps.apple.com/us/app/hims-telehealth-for-men/id1455690574,#20 in Medical,4.8,65.9K Ratings
2025-06-27 09:05:36,https://apps.apple.com/us/app/hers-womens-healthcare/id1623878709,#24 in Medical,4.6,6.9K Ratings
2025-06-27 09:05:37,https://apps.apple.com/us/app/ro/id1585858911,#33 in Medical,4.8,5.4K Ratings
2025-06-27 09:05:37,https://apps.apple.com/us/app/push-health-telehealth-app/id950510633,N/A,4.6,18.9K Ratings
2025-06-27 09:05:37,https://apps.apple.com/us/app/plushcare-online-doctor/id955183607,#144 in Medical,4.9,132.4K Ratings
2025-06-27 09:05:37,https://apps.apple.com/us/app/one-medical/id393507802,#66 in Medical,4.9,46.9K Ratings
2025-06-28 09:04:38,https://apps.apple.com/us/app/hims-telehealth-for-men/id1455690574,#20 in Medical,4.8,66K Ratings
2025-06-28 09:04:39,https://apps.apple.com/us/app/hers-womens-healthcare/id1623878709,#23 in Medical,4.6,6.9K Ratings
2025-06-28 09:04:39,https://apps.apple.com/us/app/ro/id1585858911,#34 in Medical,4.8,5.4K Ratings
2025-06-28 09:04:39,https://apps.apple.com/us/app/push-health-telehealth-app/id950510633,N/A,4.6,18.9K Ratings
2025-06-28 09:04:39,https://apps.apple.com/us/app/plushcare-online-doctor/id955183607,#137 in Medical,4.9,132.5K Ratings
2025-06-28 09:04:40,https://apps.apple.com/us/app/one-medical/id393507802,#67 in Medical,4.9,46.9K Ratings
2025-06-29 09:04:40,https://apps.apple.com/us/app/hims-telehealth-for-men/id1455690574,#14 in Medical,4.8,66K Ratings
2025-06-29 09:04:40,https://apps.apple.com/us/app/hers-womens-healthcare/id1623878709,#15 in Medical,4.6,6.9K Ratings
2025-06-29 09:04:40,https://apps.apple.com/us/app/ro/id1585858911,#27 in Medical,4.8,5.4K Ratings
2025-06-29 09:04:41,https://apps.apple.com/us/app/push-health-telehealth-app/id950510633,N/A,4.6,18.9K Ratings
2025-06-29 09:04:41,https://apps.apple.com/us/app/plushcare-online-doctor/id955183607,#121 in Medical,4.9,132.5K Ratings
2025-06-29 09:04:41,https://apps.apple.com/us/app/one-medical/id393507802,#66 in Medical,4.9,46.9K Ratings
2025-06-30 09:06:43,https://apps.apple.com/us/app/hims-telehealth-for-men/id1455690574,#12 in Medical,4.8,66.1K Ratings
2025-06-30 09:06:43,https://apps.apple.com/us/app/hers-womens-healthcare/id1623878709,#13 in Medical,4.6,6.9K Ratings
2025-06-30 09:06:44,https://apps.apple.com/us/app/ro/id1585858911,#26 in Medical,4.8,5.4K Ratings
2025-06-30 09:06:44,https://apps.apple.com/us/app/push-health-telehealth-app/id950510633,N/A,4.6,18.9K Ratings
2025-06-30 09:06:44,https://apps.apple.com/us/app/plushcare-online-doctor/id955183607,#133 in Medical,4.9,132.6K Ratings
2025-06-30 09:06:44,https://apps.apple.com/us/app/one-medical/id393507802,#59 in Medical,4.9,46.9K Ratings
2025-07-01 09:06:41,https://apps.apple.com/us/app/hims-telehealth-for-men/id1455690574,#15 in Medical,4.8,66.1K Ratings
2025-07-01 09:06:41,https://apps.apple.com/us/app/hers-womens-healthcare/id1623878709,#18 in Medical,4.6,6.9K Ratings
2025-07-01 09:06:41,https://apps.apple.com/us/app/ro/id1585858911,#34 in Medical,4.8,5.4K Ratings
2025-07-01 09:06:42,https://apps.apple.com/us/app/push-health-telehealth-app/id950510633,N/A,4.6,18.9K Ratings
2025-07-01 09:06:42,https://apps.apple.com/us/app/plushcare-online-doctor/id955183607,#137 in Medical,4.9,132.6K Ratings
2025-07-01 09:06:42,https://apps.apple.com/us/app/one-medical/id393507802,#65 in Medical,4.9,46.9K Ratings
2025-07-02 09:06:30,https://apps.apple.com/us/app/hims-telehealth-for-men/id1455690574,#22 in Medical,4.8,66.2K Ratings
2025-07-02 09:06:30,https://apps.apple.com/us/app/hers-womens-healthcare/id1623878709,#24 in Medical,4.6,6.9K Ratings
2025-07-02 09:06:30,https://apps.apple.com/us/app/ro/id1585858911,#36 in Medical,4.8,5.4K Ratings
2025-07-02 09:06:30,https://apps.apple.com/us/app/push-health-telehealth-app/id950510633,N/A,4.6,19K Ratings
2025-07-02 09:06:30,https://apps.apple.com/us/app/plushcare-online-doctor/id955183607,#146 in Medical,4.9,132.6K Ratings
2025-07-02 09:06:31,https://apps.apple.com/us/app/one-medical/id393507802,#76 in Medical,4.9,46.9K Ratings
2025-07-03 09:05:55,https://apps.apple.com/us/app/hims-telehealth-for-men/id1455690574,#21 in Medical,4.8,66.3K Ratings
2025-07-03 09:05:55,https://apps.apple.com/us/app/hers-womens-healthcare/id1623878709,#25 in Medical,4.6,7K Ratings
2025-07-03 09:05:55,https://apps.apple.com/us/app/ro/id1585858911,#35 in Medical,4.8,5.4K Ratings
2025-07-03 09:05:56,https://apps.apple.com/us/app/push-health-telehealth-app/id950510633,N/A,4.6,19K Ratings
2025-07-03 09:05:56,https://apps.apple.com/us/app/plushcare-online-doctor/id955183607,#141 in Medical,4.9,132.7K Ratings
2025-07-03 09:05:56,https://apps.apple.com/us/app/one-medical/id393507802,#73 in Medical,4.9,46.9K Ratings
2025-07-04 09:05:36,https://apps.apple.com/us/app/hims-telehealth-for-men/id1455690574,#22 in Medical,4.8,66.3K Ratings
2025-07-04 09:05:36,https://apps.apple.com/us/app/hers-womens-healthcare/id1623878709,#23 in Medical,4.6,7K Ratings
2025-07-04 09:05:36,https://apps.apple.com/us/app/ro/id1585858911,#33 in Medical,4.8,5.4K Ratings
2025-07-04 09:05:37,https://apps.apple.com/us/app/push-health-telehealth-app/id950510633,N/A,4.6,19K Ratings
2025-07-04 09:05:37,https://apps.apple.com/us/app/plushcare-online-doctor/id955183607,#117 in Medical,4.9,132.7K Ratings
2025-07-04 09:05:37,https://apps.apple.com/us/app/one-medical/id393507802,#66 in Medical,4.9,47K Ratings
2025-07-05 09:04:44,https://apps.apple.com/us/app/hims-telehealth-for-men/id1455690574,#13 in Medical,4.8,66.3K Ratings
2025-07-05 09:04:45,https://apps.apple.com/us/app/hers-womens-healthcare/id1623878709,#19 in Medical,4.6,7K Ratings
2025-07-05 09:04:45,https://apps.apple.com/us/app/ro/id1585858911,#30 in Medical,4.8,5.4K Ratings
2025-07-05 09:04:46,https://apps.apple.com/us/app/push-health-telehealth-app/id950510633,N/A,4.6,19K Ratings
2025-07-05 09:04:46,https://apps.apple.com/us/app/plushcare-online-doctor/id955183607,#100 in Medical,4.9,132.7K Ratings
2025-07-05 09:04:46,https://apps.apple.com/us/app/one-medical/id393507802,#55 in Medical,4.9,47K Ratings
2025-07-06 09:04:46,https://apps.apple.com/us/app/hims-telehealth-for-men/id1455690574,#13 in Medical,4.8,66.5K Ratings
2025-07-06 09:04:47,https://apps.apple.com/us/app/hers-womens-healthcare/id1623878709,#14 in Medical,4.6,7K Ratings
2025-07-06 09:04:47,https://apps.apple.com/us/app/ro/id1585858911,#25 in Medical,4.8,5.4K Ratings
2025-07-06 09:04:47,https://apps.apple.com/us/app/push-health-telehealth-app/id950510633,N/A,4.6,19K Ratings
2025-07-06 09:04:48,https://apps.apple.com/us/app/plushcare-online-doctor/id955183607,#98 in Medical,4.9,132.8K Ratings
2025-07-06 09:04:48,https://apps.apple.com/us/app/one-medical/id393507802,#59 in Medical,4.9,47K Ratings
2025-07-07 09:06:58,https://apps.apple.com/us/app/hims-telehealth-for-men/id1455690574,#11 in Medical,4.8,66.5K Ratings
2025-07-07 09:06:58,https://apps.apple.com/us/app/hers-womens-healthcare/id1623878709,#13 in Medical,4.6,7K Ratings
2025-07-07 09:06:58,https://apps.apple.com/us/app/ro/id1585858911,#25 in Medical,4.8,5.4K Ratings
2025-07-07 09:06:58,https://apps.apple.com/us/app/push-health-telehealth-app/id950510633,N/A,4.6,19K Ratings
2025-07-07 09:06:58,https://apps.apple.com/us/app/plushcare-online-doctor/id955183607,#107 in Medical,4.9,132.8K Ratings
2025-07-07 09:06:59,https://apps.apple.com/us/app/one-medical/id393507802,#58 in Medical,4.9,47K Ratings
2025-07-08 09:06:24,https://apps.apple.com/us/app/hims-telehealth-for-men/id1455690574,#16 in Medical,4.8,66.6K Ratings
2025-07-08 09:06:24,https://apps.apple.com/us/app/hers-womens-healthcare/id1623878709,#21 in Medical,4.6,7K Ratings
2025-07-08 09:06:24,https://apps.apple.com/us/app/ro/id1585858911,#33 in Medical,4.8,5.4K Ratings
2025-07-08 09:06:25,https://apps.apple.com/us/app/push-health-telehealth-app/id950510633,N/A,4.6,19K Ratings
2025-07-08 09:06:25,https://apps.apple.com/us/app/plushcare-online-doctor/id955183607,#127 in Medical,4.9,132.9K Ratings
2025-07-08 09:06:25,https://apps.apple.com/us/app/one-medical/id393507802,#59 in Medical,4.9,47K Ratings
2025-07-09 09:06:55,https://apps.apple.com/us/app/hims-telehealth-for-men/id1455690574,#20 in Medical,4.8,66.7K Ratings
2025-07-09 09:06:55,https://apps.apple.com/us/app/hers-womens-healthcare/id1623878709,#26 in Medical,4.6,7K Ratings
2025-07-09 09:06:55,https://apps.apple.com/us/app/ro/id1585858911,#37 in Medical,4.8,5.4K Ratings
2025-07-09 09:06:56,https://apps.apple.com/us/app/push-health-telehealth-app/id950510633,N/A,4.6,19K Ratings
2025-07-09 09:06:56,https://apps.apple.com/us/app/plushcare-online-doctor/id955183607,#136 in Medical,4.9,132.9K Ratings
2025-07-09 09:06:56,https://apps.apple.com/us/app/one-medical/id393507802,#59 in Medical,4.9,47K Ratings
2025-07-10 09:06:45,https://apps.apple.com/us/app/hims-telehealth-for-men/id1455690574,#22 in Medical,4.8,66.7K Ratings
2025-07-10 09:06:45,https://apps.apple.com/us/app/hers-womens-healthcare/id1623878709,#26 in Medical,4.6,7K Ratings
2025-07-10 09:06:46,https://apps.apple.com/us/app/ro/id1585858911,#34 in Medical,4.8,5.4K Ratings
2025-07-10 09:06:46,https://apps.apple.com/us/app/push-health-telehealth-app/id950510633,N/A,4.6,19K Ratings
2025-07-10 09:06:46,https://apps.apple.com/us/app/plushcare-online-doctor/id955183607,#138 in Medical,4.9,132.9K Ratings
2025-07-10 09:06:46,https://apps.apple.com/us/app/one-medical/id393507802,#57 in Medical,4.9,47K Ratings
2025-07-11 09:06:08,https://apps.apple.com/us/app/hims-telehealth-for-men/id1455690574,#22 in Medical,4.8,66.8K Ratings
2025-07-11 09:06:09,https://apps.apple.com/us/app/hers-womens-healthcare/id1623878709,#26 in Medical,4.6,7K Ratings
2025-07-11 09:06:10,https://apps.apple.com/us/app/ro/id1585858911,#33 in Medical,4.8,5.4K Ratings
2025-07-11 09:06:10,https://apps.apple.com/us/app/push-health-telehealth-app/id950510633,N/A,4.6,19K Ratings
2025-07-11 09:06:11,https://apps.apple.com/us/app/plushcare-online-doctor/id955183607,#140 in Medical,4.9,133K Ratings
2025-07-11 09:06:11,https://apps.apple.com/us/app/one-medical/id393507802,#59 in Medical,4.9,47.1K Ratings
2025-07-12 09:04:48,https://apps.apple.com/us/app/hims-telehealth-for-men/id1455690574,#21 in Medical,4.8,66.9K Ratings
2025-07-12 09:04:48,https://apps.apple.com/us/app/hers-womens-healthcare/id1623878709,#25 in Medical,4.6,7K Ratings
2025-07-12 09:04:48,https://apps.apple.com/us/app/ro/id1585858911,#33 in Medical,4.8,5.4K Ratings
2025-07-12 09:04:49,https://apps.apple.com/us/app/push-health-telehealth-app/id950510633,N/A,4.6,19.1K Ratings
2025-07-12 09:04:49,https://apps.apple.com/us/app/plushcare-online-doctor/id955183607,#131 in Medical,4.9,133K Ratings
2025-07-12 09:04:49,https://apps.apple.com/us/app/one-medical/id393507802,#65 in Medical,4.9,47.1K Ratings
2025-07-13 09:05:14,https://apps.apple.com/us/app/hims-telehealth-for-men/id1455690574,#14 in Medical,4.8,66.9K Ratings
2025-07-13 09:05:14,https://apps.apple.com/us/app/hers-womens-healthcare/id1623878709,#19 in Medical,4.6,7K Ratings
2025-07-13 09:05:14,https://apps.apple.com/us/app/ro/id1585858911,#28 in Medical,4.8,5.4K Ratings
2025-07-13 09:05:14,https://apps.apple.com/us/app/push-health-telehealth-app/id950510633,N/A,4.6,19.1K Ratings
2025-07-13 09:05:14,https://apps.apple.com/us/app/plushcare-online-doctor/id955183607,#105 in Medical,4.9,133.1K Ratings
2025-07-13 09:05:14,https://apps.apple.com/us/app/one-medical/id393507802,#61 in Medical,4.9,47.1K Ratings
2025-07-14 09:08:54,https://apps.apple.com/us/app/hims-telehealth-for-men/id1455690574,#11 in Medical,4.8,67K Ratings
2025-07-14 09:08:54,https://apps.apple.com/us/app/hers-womens-healthcare/id1623878709,#17 in Medical,4.6,7.1K Ratings
2025-07-14 09:08:55,https://apps.apple.com/us/app/ro/id1585858911,#27 in Medical,4.8,5.4K Ratings
2025-07-14 09:08:55,https://apps.apple.com/us/app/push-health-telehealth-app/id950510633,N/A,4.6,19.1K Ratings
2025-07-14 09:08:55,https://apps.apple.com/us/app/plushcare-online-doctor/id955183607,#119 in Medical,4.9,133.1K Ratings
2025-07-14 09:08:56,https://apps.apple.com/us/app/one-medical/id393507802,#61 in Medical,4.9,47.1K Ratings
2025-07-15 09:09:56,https://apps.apple.com/us/app/hims-telehealth-for-men/id1455690574,#19 in Medical,4.8,67.1K Ratings
2025-07-15 09:09:56,https://apps.apple.com/us/app/hers-womens-healthcare/id1623878709,#25 in Medical,4.6,7.1K Ratings
2025-07-15 09:09:56,https://apps.apple.com/us/app/ro/id1585858911,#33 in Medical,4.8,5.4K Ratings
2025-07-15 09:09:56,https://apps.apple.com/us/app/push-health-telehealth-app/id950510633,N/A,4.6,19.1K Ratings
2025-07-15 09:09:57,https://apps.apple.com/us/app/plushcare-online-doctor/id955183607,#130 in Medical,4.9,133.1K Ratings
2025-07-15 09:09:57,https://apps.apple.com/us/app/one-medical/id393507802,#60 in Medical,4.9,47.1K Ratings
2025-07-16 09:07:50,https://apps.apple.com/us/app/hims-telehealth-for-men/id1455690574,#22 in Medical,4.8,67.2K Ratings
2025-07-16 09:07:50,https://apps.apple.com/us/app/hers-womens-healthcare/id1623878709,#27 in Medical,4.6,7.1K Ratings
2025-07-16 09:07:50,https://apps.apple.com/us/app/ro/id1585858911,#34 in Medical,4.8,5.4K Ratings
2025-07-16 09:07:50,https://apps.apple.com/us/app/push-health-telehealth-app/id950510633,N/A,4.6,19.1K Ratings
2025-07-16 09:07:51,https://apps.apple.com/us/app/plushcare-online-doctor/id955183607,#140 in Medical,4.9,133.2K Ratings
2025-07-16 09:07:51,https://apps.apple.com/us/app/one-medical/id393507802,#61 in Medical,4.9,47.1K Ratings
2025-07-17 09:07:35,https://apps.apple.com/us/app/hims-telehealth-for-men/id1455690574,#24 in Medical,4.8,67.2K Ratings
2025-07-17 09:07:35,https://apps.apple.com/us/app/hers-womens-healthcare/id1623878709,#28 in Medical,4.6,7.1K Ratings
2025-07-17 09:07:35,https://apps.apple.com/us/app/ro/id1585858911,#35 in Medical,4.8,5.4K Ratings
2025-07-17 09:07:35,https://apps.apple.com/us/app/push-health-telehealth-app/id950510633,N/A,4.6,19.1K Ratings
2025-07-17 09:07:36,https://apps.apple.com/us/app/plushcare-online-doctor/id955183607,#146 in Medical,4.9,133.2K Ratings
2025-07-17 09:07:36,https://apps.apple.com/us/app/one-medical/id393507802,#68 in Medical,4.9,47.1K Ratings
2025-07-18 09:07:50,https://apps.apple.com/us/app/hims-telehealth-for-men/id1455690574,#22 in Medical,4.8,67.3K Ratings
2025-07-18 09:07:51,https://apps.apple.com/us/app/hers-womens-healthcare/id1623878709,#27 in Medical,4.6,7.1K Ratings
2025-07-18 09:07:51,https://apps.apple.com/us/app/ro/id1585858911,#33 in Medical,4.8,5.4K Ratings
2025-07-18 09:07:51,https://apps.apple.com/us/app/push-health-telehealth-app/id950510633,N/A,4.6,19.1K Ratings
2025-07-18 09:07:52,https://apps.apple.com/us/app/plushcare-online-doctor/id955183607,#136 in Medical,4.9,133.2K Ratings
2025-07-18 09:07:52,https://apps.apple.com/us/app/one-medical/id393507802,#64 in Medical,4.9,47.1K Ratings
2025-07-19 09:04:53,https://apps.apple.com/us/app/hims-telehealth-for-men/id1455690574,#22 in Medical,4.8,67.3K Ratings
2025-07-19 09:04:53,https://apps.apple.com/us/app/hers-womens-healthcare/id1623878709,#26 in Medical,4.6,7.1K Ratings
2025-07-19 09:04:54,https://apps.apple.com/us/app/ro/id1585858911,#34 in Medical,4.8,5.4K Ratings
2025-07-19 09:04:54,https://apps.apple.com/us/app/push-health-telehealth-app/id950510633,N/A,4.6,19.1K Ratings
2025-07-19 09:04:54,https://apps.apple.com/us/app/plushcare-online-doctor/id955183607,#116 in Medical,4.9,133.2K Ratings
2025-07-19 09:04:54,https://apps.apple.com/us/app/one-medical/id393507802,#65 in Medical,4.9,47.1K Ratings
2025-07-20 09:04:47,https://apps.apple.com/us/app/hims-telehealth-for-men/id1455690574,#15 in Medical,4.8,67.4K Ratings
2025-07-20 09:04:47,https://apps.apple.com/us/app/hers-womens-healthcare/id1623878709,#20 in Medical,4.6,7.1K Ratings
2025-07-20 09:04:48,https://apps.apple.com/us/app/ro/id1585858911,#30 in Medical,4.8,5.4K Ratings
2025-07-20 09:04:48,https://apps.apple.com/us/app/push-health-telehealth-app/id950510633,N/A,4.6,19.1K Ratings
2025-07-20 09:04:48,https://apps.apple.com/us/app/plushcare-online-doctor/id955183607,#114 in Medical,4.9,133.3K Ratings
2025-07-20 09:04:48,https://apps.apple.com/us/app/one-medical/id393507802,#58 in Medical,4.9,47.2K Ratings
2025-07-21 09:08:49,https://apps.apple.com/us/app/hims-telehealth-for-men/id1455690574,#12 in Medical,4.8,67.4K Ratings
2025-07-21 09:08:49,https://apps.apple.com/us/app/hers-womens-healthcare/id1623878709,#19 in Medical,4.6,7.1K Ratings
2025-07-21 09:08:50,https://apps.apple.com/us/app/ro/id1585858911,#28 in Medical,4.8,5.4K Ratings
2025-07-21 09:08:50,https://apps.apple.com/us/app/push-health-telehealth-app/id950510633,N/A,4.6,19.1K Ratings
2025-07-21 09:08:50,https://apps.apple.com/us/app/plushcare-online-doctor/id955183607,#117 in Medical,4.9,133.3K Ratings
2025-07-21 09:08:51,https://apps.apple.com/us/app/one-medical/id393507802,#58 in Medical,4.9,47.2K Ratings
2025-07-22 09:07:47,https://apps.apple.com/us/app/hims-telehealth-for-men/id1455690574,#18 in Medical,4.8,67.5K Ratings
2025-07-22 09:07:47,https://apps.apple.com/us/app/hers-womens-healthcare/id1623878709,#25 in Medical,4.6,7.1K Ratings
2025-07-22 09:07:48,https://apps.apple.com/us/app/ro/id1585858911,#34 in Medical,4.8,5.4K Ratings
2025-07-22 09:07:48,https://apps.apple.com/us/app/push-health-telehealth-app/id950510633,N/A,4.6,19.1K Ratings
2025-07-22 09:07:48,https://apps.apple.com/us/app/plushcare-online-doctor/id955183607,#127 in Medical,4.9,133.3K Ratings
2025-07-22 09:07:49,https://apps.apple.com/us/app/one-medical/id393507802,#64 in Medical,4.9,47.2K Ratings
2025-07-23 09:08:31,https://apps.apple.com/us/app/hims-telehealth-for-men/id1455690574,#23 in Medical,4.8,67.6K Ratings
2025-07-23 09:08:32,https://apps.apple.com/us/app/hers-womens-healthcare/id1623878709,#26 in Medical,4.6,7.2K Ratings
2025-07-23 09:08:32,https://apps.apple.com/us/app/ro/id1585858911,#38 in Medical,4.8,5.4K Ratings
2025-07-23 09:08:32,https://apps.apple.com/us/app/push-health-telehealth-app/id950510633,N/A,4.6,19.1K Ratings
2025-07-23 09:08:32,https://apps.apple.com/us/app/plushcare-online-doctor/id955183607,#131 in Medical,4.9,133.4K Ratings
2025-07-23 09:08:33,https://apps.apple.com/us/app/one-medical/id393507802,#63 in Medical,4.9,47.2K Ratings
2025-07-24 09:07:45,https://apps.apple.com/us/app/hims-telehealth-for-men/id1455690574,#24 in Medical,4.8,67.6K Ratings
2025-07-24 09:07:45,https://apps.apple.com/us/app/hers-womens-healthcare/id1623878709,#28 in Medical,4.6,7.2K Ratings
2025-07-24 09:07:45,https://apps.apple.com/us/app/ro/id1585858911,#38 in Medical,4.8,5.4K Ratings
2025-07-24 09:07:46,https://apps.apple.com/us/app/push-health-telehealth-app/id950510633,N/A,4.6,19.1K Ratings
2025-07-24 09:07:46,https://apps.apple.com/us/app/plushcare-online-doctor/id955183607,#138 in Medical,4.9,133.4K Ratings
2025-07-24 09:07:46,https://apps.apple.com/us/app/one-medical/id393507802,#58 in Medical,4.9,47.2K Ratings
2025-07-25 09:07:32,https://apps.apple.com/us/app/hims-telehealth-for-men/id1455690574,#23 in Medical,4.8,67.7K Ratings
2025-07-25 09:07:32,https://apps.apple.com/us/app/hers-womens-healthcare/id1623878709,#25 in Medical,4.6,7.2K Ratings
2025-07-25 09:07:32,https://apps.apple.com/us/app/ro/id1585858911,#40 in Medical,4.8,5.4K Ratings
2025-07-25 09:07:33,https://apps.apple.com/us/app/push-health-telehealth-app/id950510633,N/A,4.6,19.2K Ratings
2025-07-25 09:07:33,https://apps.apple.com/us/app/plushcare-online-doctor/id955183607,#126 in Medical,4.9,133.4K Ratings
2025-07-25 09:07:33,https://apps.apple.com/us/app/one-medical/id393507802,#61 in Medical,4.9,47.2K Ratings
2025-07-26 09:04:49,https://apps.apple.com/us/app/hims-telehealth-for-men/id1455690574,#22 in Medical,4.8,67.8K Ratings
2025-07-26 09:04:49,https://apps.apple.com/us/app/hers-womens-healthcare/id1623878709,#26 in Medical,4.6,7.2K Ratings
2025-07-26 09:04:50,https://apps.apple.com/us/app/ro/id1585858911,#36 in Medical,4.8,5.4K Ratings
2025-07-26 09:04:50,https://apps.apple.com/us/app/push-health-telehealth-app/id950510633,N/A,4.6,19.2K Ratings
2025-07-26 09:04:50,https://apps.apple.com/us/app/plushcare-online-doctor/id955183607,#120 in Medical,4.9,133.5K Ratings
2025-07-26 09:04:50,https://apps.apple.com/us/app/one-medical/id393507802,#64 in Medical,4.9,47.2K Ratings
2025-07-27 09:04:56,https://apps.apple.com/us/app/hims-telehealth-for-men/id1455690574,#14 in Medical,4.8,67.8K Ratings
2025-07-27 09:04:57,https://apps.apple.com/us/app/hers-womens-healthcare/id1623878709,#20 in Medical,4.6,7.2K Ratings
2025-07-27 09:04:57,https://apps.apple.com/us/app/ro/id1585858911,#32 in Medical,4.8,5.4K Ratings
2025-07-27 09:04:57,https://apps.apple.com/us/app/push-health-telehealth-app/id950510633,N/A,4.6,19.2K Ratings
2025-07-27 09:04:57,https://apps.apple.com/us/app/plushcare-online-doctor/id955183607,#107 in Medical,4.9,133.5K Ratings
2025-07-27 09:04:57,https://apps.apple.com/us/app/one-medical/id393507802,#61 in Medical,4.9,47.2K Ratings
2025-07-28 09:08:45,https://apps.apple.com/us/app/hims-telehealth-for-men/id1455690574,#12 in Medical,4.8,67.9K Ratings
2025-07-28 09:08:46,https://apps.apple.com/us/app/hers-womens-healthcare/id1623878709,#16 in Medical,4.6,7.2K Ratings
2025-07-28 09:08:46,https://apps.apple.com/us/app/ro/id1585858911,#30 in Medical,4.8,5.4K Ratings
2025-07-28 09:08:46,https://apps.apple.com/us/app/push-health-telehealth-app/id950510633,N/A,4.6,19.2K Ratings
2025-07-28 09:08:46,https://apps.apple.com/us/app/plushcare-online-doctor/id955183607,#128 in Medical,4.9,133.5K Ratings
2025-07-28 09:08:47,https://apps.apple.com/us/app/one-medical/id393507802,#59 in Medical,4.9,47.2K Ratings
2025-07-29 09:08:28,https://apps.apple.com/us/app/hims-telehealth-for-men/id1455690574,#18 in Medical,4.8,68K Ratings
2025-07-29 09:08:29,https://apps.apple.com/us/app/hers-womens-healthcare/id1623878709,#26 in Medical,4.6,7.2K Ratings
2025-07-29 09:08:29,https://apps.apple.com/us/app/ro/id1585858911,#38 in Medical,4.8,5.5K Ratings
2025-07-29 09:08:29,https://apps.apple.com/us/app/push-health-telehealth-app/id950510633,N/A,4.6,19.2K Ratings
2025-07-29 09:08:30,https://apps.apple.com/us/app/plushcare-online-doctor/id955183607,#132 in Medical,4.9,133.5K Ratings
2025-07-29 09:08:30,https://apps.apple.com/us/app/one-medical/id393507802,#54 in Medical,4.9,47.3K Ratings
2025-07-30 09:09:03,https://apps.apple.com/us/app/hims-telehealth-for-men/id1455690574,#22 in Medical,4.8,68K Ratings
2025-07-30 09:09:03,https://apps.apple.com/us/app/hers-womens-healthcare/id1623878709,#28 in Medical,4.6,7.2K Ratings
2025-07-30 09:09:03,https://apps.apple.com/us/app/ro/id1585858911,#39 in Medical,4.8,5.5K Ratings
2025-07-30 09:09:04,https://apps.apple.com/us/app/push-health-telehealth-app/id950510633,N/A,4.6,19.2K Ratings
2025-07-30 09:09:04,https://apps.apple.com/us/app/plushcare-online-doctor/id955183607,#148 in Medical,4.9,133.6K Ratings
2025-07-30 09:09:04,https://apps.apple.com/us/app/one-medical/id393507802,#56 in Medical,4.9,47.3K Ratings
2025-07-31 09:08:16,https://apps.apple.com/us/app/hims-telehealth-for-men/id1455690574,#22 in Medical,4.8,68K Ratings
2025-07-31 09:08:16,https://apps.apple.com/us/app/hers-womens-healthcare/id1623878709,#28 in Medical,4.6,7.2K Ratings
2025-07-31 09:08:16,https://apps.apple.com/us/app/ro/id1585858911,#40 in Medical,4.8,5.5K Ratings
2025-07-31 09:08:17,https://apps.apple.com/us/app/push-health-telehealth-app/id950510633,N/A,4.6,19.2K Ratings
2025-07-31 09:08:17,https://apps.apple.com/us/app/plushcare-online-doctor/id955183607,#142 in Medical,4.9,133.6K Ratings
2025-07-31 09:08:17,https://apps.apple.com/us/app/one-medical/id393507802,#57 in Medical,4.9,47.3K Ratings
2025-08-01 09:08:30,https://apps.apple.com/us/app/hims-telehealth-for-men/id1455690574,#24 in Medical,4.8,68.1K Ratings
2025-08-01 09:08:31,https://apps.apple.com/us/app/hers-womens-healthcare/id1623878709,#28 in Medical,4.6,7.2K Ratings
2025-08-01 09:08:31,https://apps.apple.com/us/app/ro/id1585858911,#38 in Medical,4.8,5.5K Ratings
2025-08-01 09:08:31,https://apps.apple.com/us/app/push-health-telehealth-app/id950510633,N/A,4.6,19.2K Ratings
2025-08-01 09:08:31,https://apps.apple.com/us/app/plushcare-online-doctor/id955183607,#142 in Medical,4.9,133.6K Ratings
2025-08-01 09:08:31,https://apps.apple.com/us/app/one-medical/id393507802,#66 in Medical,4.9,47.3K Ratings
2025-08-02 09:05:36,https://apps.apple.com/us/app/hims-telehealth-for-men/id1455690574,#23 in Medical,4.8,68.2K Ratings
2025-08-02 09:05:36,https://apps.apple.com/us/app/hers-womens-healthcare/id1623878709,#27 in Medical,4.6,7.2K Ratings
2025-08-02 09:05:37,https://apps.apple.com/us/app/ro/id1585858911,#39 in Medical,4.8,5.5K Ratings
2025-08-02 09:05:37,https://apps.apple.com/us/app/push-health-telehealth-app/id950510633,N/A,4.6,19.2K Ratings
2025-08-02 09:05:37,https://apps.apple.com/us/app/plushcare-online-doctor/id955183607,#155 in Medical,4.9,133.7K Ratings
2025-08-02 09:05:37,https://apps.apple.com/us/app/one-medical/id393507802,#67 in Medical,4.9,47.3K Ratings
2025-08-03 09:04:59,https://apps.apple.com/us/app/hims-telehealth-for-men/id1455690574,#15 in Medical,4.8,68.2K Ratings
2025-08-03 09:05:00,https://apps.apple.com/us/app/hers-womens-healthcare/id1623878709,#22 in Medical,4.6,7.3K Ratings
2025-08-03 09:05:00,https://apps.apple.com/us/app/ro/id1585858911,#34 in Medical,4.8,5.5K Ratings
2025-08-03 09:05:00,https://apps.apple.com/us/app/push-health-telehealth-app/id950510633,N/A,4.6,19.2K Ratings
2025-08-03 09:05:01,https://apps.apple.com/us/app/plushcare-online-doctor/id955183607,#142 in Medical,4.9,133.7K Ratings
2025-08-03 09:05:01,https://apps.apple.com/us/app/one-medical/id393507802,#59 in Medical,4.9,47.3K Ratings
2025-08-04 09:10:25,https://apps.apple.com/us/app/hims-telehealth-for-men/id1455690574,#13 in Medical,4.8,68.3K Ratings
2025-08-04 09:10:26,https://apps.apple.com/us/app/hers-womens-healthcare/id1623878709,#15 in Medical,4.6,7.3K Ratings
2025-08-04 09:10:26,https://apps.apple.com/us/app/ro/id1585858911,#30 in Medical,4.8,5.5K Ratings
2025-08-04 09:10:26,https://apps.apple.com/us/app/push-health-telehealth-app/id950510633,N/A,4.6,19.2K Ratings
2025-08-04 09:10:27,https://apps.apple.com/us/app/plushcare-online-doctor/id955183607,#166 in Medical,4.9,133.7K Ratings
2025-08-04 09:10:27,https://apps.apple.com/us/app/one-medical/id393507802,#58 in Medical,4.9,47.3K Ratings
2025-08-05 09:08:40,https://apps.apple.com/us/app/hims-telehealth-for-men/id1455690574,#19 in Medical,4.8,68.4K Ratings
2025-08-05 09:08:40,https://apps.apple.com/us/app/hers-womens-healthcare/id1623878709,#27 in Medical,4.6,7.3K Ratings
2025-08-05 09:08:40,https://apps.apple.com/us/app/ro/id1585858911,#36 in Medical,4.8,5.5K Ratings
2025-08-05 09:08:41,https://apps.apple.com/us/app/push-health-telehealth-app/id950510633,N/A,4.6,19.2K Ratings
2025-08-05 09:08:41,https://apps.apple.com/us/app/plushcare-online-doctor/id955183607,#162 in Medical,4.9,133.7K Ratings
2025-08-05 09:08:42,https://apps.apple.com/us/app/one-medical/id393507802,#57 in Medical,4.9,47.3K Ratings
2025-08-06 09:08:57,https://apps.apple.com/us/app/hims-telehealth-for-men/id1455690574,#22 in Medical,4.8,68.4K Ratings
2025-08-06 09:08:57,https://apps.apple.com/us/app/hers-womens-healthcare/id1623878709,#28 in Medical,4.6,7.3K Ratings
2025-08-06 09:08:57,https://apps.apple.com/us/app/ro/id1585858911,#37 in Medical,4.8,5.5K Ratings
2025-08-06 09:08:58,https://apps.apple.com/us/app/push-health-telehealth-app/id950510633,N/A,4.6,19.2K Ratings
2025-08-06 09:08:58,https://apps.apple.com/us/app/plushcare-online-doctor/id955183607,#176 in Medical,4.9,133.8K Ratings
2025-08-06 09:08:58,https://apps.apple.com/us/app/one-medical/id393507802,#64 in Medical,4.9,47.4K Ratings
2025-08-07 09:08:22,https://apps.apple.com/us/app/hims-telehealth-for-men/id1455690574,#24 in Medical,4.8,68.5K Ratings
2025-08-07 09:08:23,https://apps.apple.com/us/app/hers-womens-healthcare/id1623878709,#28 in Medical,4.6,7.3K Ratings
2025-08-07 09:08:23,https://apps.apple.com/us/app/ro/id1585858911,#37 in Medical,4.8,5.5K Ratings
2025-08-07 09:08:23,https://apps.apple.com/us/app/push-health-telehealth-app/id950510633,N/A,4.6,19.3K Ratings
2025-08-07 09:08:24,https://apps.apple.com/us/app/plushcare-online-doctor/id955183607,#192 in Medical,4.9,133.8K Ratings
2025-08-07 09:08:24,https://apps.apple.com/us/app/one-medical/id393507802,#57 in Medical,4.9,47.4K Ratings
2025-08-08 09:08:47,https://apps.apple.com/us/app/hims-telehealth-for-men/id1455690574,#27 in Medical,4.8,68.5K Ratings
2025-08-08 09:08:48,https://apps.apple.com/us/app/hers-womens-healthcare/id1623878709,#30 in Medical,4.6,7.3K Ratings
2025-08-08 09:08:48,https://apps.apple.com/us/app/ro/id1585858911,#37 in Medical,4.8,5.5K Ratings
2025-08-08 09:08:48,https://apps.apple.com/us/app/push-health-telehealth-app/id950510633,N/A,4.6,19.3K Ratings
2025-08-08 09:08:49,https://apps.apple.com/us/app/plushcare-online-doctor/id955183607,#200 in Medical,4.9,133.8K Ratings
2025-08-08 09:08:49,https://apps.apple.com/us/app/one-medical/id393507802,#62 in Medical,4.9,47.4K Ratings
2025-08-09 09:05:01,https://apps.apple.com/us/app/hims-telehealth-for-men/id1455690574,#24 in Medical,4.8,68.6K Ratings
2025-08-09 09:05:01,https://apps.apple.com/us/app/hers-womens-healthcare/id1623878709,#27 in Medical,4.6,7.3K Ratings
2025-08-09 09:05:01,https://apps.apple.com/us/app/ro/id1585858911,#38 in Medical,4.8,5.5K Ratings
2025-08-09 09:05:01,https://apps.apple.com/us/app/push-health-telehealth-app/id950510633,N/A,4.6,19.3K Ratings
2025-08-09 09:05:02,https://apps.apple.com/us/app/plushcare-online-doctor/id955183607,#188 in Medical,4.9,133.8K Ratings
2025-08-09 09:05:02,https://apps.apple.com/us/app/one-medical/id393507802,#67 in Medical,4.9,47.4K Ratings
2025-08-10 09:04:58,https://apps.apple.com/us/app/hims-telehealth-for-men/id1455690574,#17 in Medical,4.8,68.6K Ratings
2025-08-10 09:04:58,https://apps.apple.com/us/app/hers-womens-healthcare/id1623878709,#19 in Medical,4.6,7.3K Ratings
2025-08-10 09:04:59,https://apps.apple.com/us/app/ro/id1585858911,#33 in Medical,4.8,5.5K Ratings
2025-08-10 09:04:59,https://apps.apple.com/us/app/push-health-telehealth-app/id950510633,N/A,4.6,19.3K Ratings
2025-08-10 09:04:59,https://apps.apple.com/us/app/plushcare-online-doctor/id955183607,#147 in Medical,4.9,133.8K Ratings
2025-08-10 09:05:00,https://apps.apple.com/us/app/one-medical/id393507802,#62 in Medical,4.9,47.4K Ratings
2025-08-11 09:08:00,https://apps.apple.com/us/app/hims-telehealth-for-men/id1455690574,#15 in Medical,4.8,68.8K Ratings
2025-08-11 09:08:00,https://apps.apple.com/us/app/hers-womens-healthcare/id1623878709,#17 in Medical,4.6,7.3K Ratings
2025-08-11 09:08:01,https://apps.apple.com/us/app/ro/id1585858911,#30 in Medical,4.8,5.5K Ratings
2025-08-11 09:08:01,https://apps.apple.com/us/app/push-health-telehealth-app/id950510633,N/A,4.6,19.3K Ratings
2025-08-11 09:08:01,https://apps.apple.com/us/app/plushcare-online-doctor/id955183607,#150 in Medical,4.9,133.9K Ratings
2025-08-11 09:08:01,https://apps.apple.com/us/app/one-medical/id393507802,#57 in Medical,4.9,47.4K Ratings
2025-08-12 09:06:21,https://apps.apple.com/us/app/hims-telehealth-for-men/id1455690574,#20 in Medical,4.8,68.8K Ratings
2025-08-12 09:06:21,https://apps.apple.com/us/app/hers-womens-healthcare/id1623878709,#26 in Medical,4.6,7.4K Ratings
2025-08-12 09:06:22,https://apps.apple.com/us/app/ro/id1585858911,#38 in Medical,4.8,5.5K Ratings
2025-08-12 09:06:22,https://apps.apple.com/us/app/push-health-telehealth-app/id950510633,N/A,4.6,19.3K Ratings
2025-08-12 09:06:22,https://apps.apple.com/us/app/plushcare-online-doctor/id955183607,#184 in Medical,4.9,133.9K Ratings
2025-08-12 09:06:22,https://apps.apple.com/us/app/one-medical/id393507802,#61 in Medical,4.9,47.4K Ratings
2025-08-13 09:06:48,https://apps.apple.com/us/app/hims-telehealth-for-men/id1455690574,#24 in Medical,4.8,68.9K Ratings
2025-08-13 09:06:48,https://apps.apple.com/us/app/hers-womens-healthcare/id1623878709,#28 in Medical,4.6,7.4K Ratings
2025-08-13 09:06:48,https://apps.apple.com/us/app/ro/id1585858911,#40 in Medical,4.8,5.5K Ratings
2025-08-13 09:06:49,https://apps.apple.com/us/app/push-health-telehealth-app/id950510633,N/A,4.6,19.3K Ratings
2025-08-13 09:06:49,https://apps.apple.com/us/app/plushcare-online-doctor/id955183607,#174 in Medical,4.9,134K Ratings
2025-08-13 09:06:49,https://apps.apple.com/us/app/one-medical/id393507802,#61 in Medical,4.9,47.4K Ratings
2025-08-14 09:06:49,https://apps.apple.com/us/app/hims-telehealth-for-men/id1455690574,#25 in Medical,4.8,69K Ratings
2025-08-14 09:06:49,https://apps.apple.com/us/app/hers-womens-healthcare/id1623878709,#29 in Medical,4.6,7.4K Ratings
2025-08-14 09:06:49,https://apps.apple.com/us/app/ro/id1585858911,#43 in Medical,4.8,5.5K Ratings
2025-08-14 09:06:50,https://apps.apple.com/us/app/push-health-telehealth-app/id950510633,N/A,4.6,19.3K Ratings
2025-08-14 09:06:50,https://apps.apple.com/us/app/plushcare-online-doctor/id955183607,#186 in Medical,4.9,134K Ratings
2025-08-14 09:06:50,https://apps.apple.com/us/app/one-medical/id393507802,#60 in Medical,4.9,47.4K Ratings
2025-08-15 09:05:21,https://apps.apple.com/us/app/hims-telehealth-for-men/id1455690574,#23 in Medical,4.8,69.1K Ratings
2025-08-15 09:05:21,https://apps.apple.com/us/app/hers-womens-healthcare/id1623878709,#29 in Medical,4.6,7.4K Ratings
2025-08-15 09:05:22,https://apps.apple.com/us/app/ro/id1585858911,#42 in Medical,4.8,5.5K Ratings
2025-08-15 09:05:22,https://apps.apple.com/us/app/push-health-telehealth-app/id950510633,N/A,4.6,19.3K Ratings
2025-08-15 09:05:23,https://apps.apple.com/us/app/plushcare-online-doctor/id955183607,#186 in Medical,4.9,134K Ratings
2025-08-15 09:05:23,https://apps.apple.com/us/app/one-medical/id393507802,#59 in Medical,4.9,47.4K Ratings
2025-08-16 09:04:53,https://apps.apple.com/us/app/hims-telehealth-for-men/id1455690574,#22 in Medical,4.8,69.1K Ratings
2025-08-16 09:04:53,https://apps.apple.com/us/app/hers-womens-healthcare/id1623878709,#23 in Medical,4.6,7.4K Ratings
2025-08-16 09:04:54,https://apps.apple.com/us/app/ro/id1585858911,#40 in Medical,4.8,5.5K Ratings
2025-08-16 09:04:54,https://apps.apple.com/us/app/push-health-telehealth-app/id950510633,N/A,4.6,19.3K Ratings
2025-08-16 09:04:54,https://apps.apple.com/us/app/plushcare-online-doctor/id955183607,#190 in Medical,4.9,134K Ratings
2025-08-16 09:04:55,https://apps.apple.com/us/app/one-medical/id393507802,#69 in Medical,4.9,47.5K Ratings
2025-08-17 09:04:51,https://apps.apple.com/us/app/hims-telehealth-for-men/id1455690574,#15 in Medical,4.8,69.2K Ratings
2025-08-17 09:04:51,https://apps.apple.com/us/app/hers-womens-healthcare/id1623878709,#18 in Medical,4.6,7.4K Ratings
2025-08-17 09:04:51,https://apps.apple.com/us/app/ro/id1585858911,#35 in Medical,4.8,5.5K Ratings
2025-08-17 09:04:52,https://apps.apple.com/us/app/push-health-telehealth-app/id950510633,N/A,4.6,19.3K Ratings
2025-08-17 09:04:52,https://apps.apple.com/us/app/plushcare-online-doctor/id955183607,#163 in Medical,4.9,134.1K Ratings
2025-08-17 09:04:52,https://apps.apple.com/us/app/one-medical/id393507802,#65 in Medical,4.9,47.5K Ratings
2025-08-18 09:07:34,https://apps.apple.com/us/app/hims-telehealth-for-men/id1455690574,#12 in Medical,4.8,69.3K Ratings
2025-08-18 09:07:34,https://apps.apple.com/us/app/hers-womens-healthcare/id1623878709,#15 in Medical,4.6,7.4K Ratings
2025-08-18 09:07:34,https://apps.apple.com/us/app/ro/id1585858911,#30 in Medical,4.8,5.5K Ratings
2025-08-18 09:07:35,https://apps.apple.com/us/app/push-health-telehealth-app/id950510633,N/A,4.6,19.3K Ratings
2025-08-18 09:07:35,https://apps.apple.com/us/app/plushcare-online-doctor/id955183607,#164 in Medical,4.9,134.1K Ratings
2025-08-18 09:07:35,https://apps.apple.com/us/app/one-medical/id393507802,#61 in Medical,4.9,47.5K Ratings
2025-08-19 09:05:20,https://apps.apple.com/us/app/hims-telehealth-for-men/id1455690574,#19 in Medical,4.8,69.3K Ratings
2025-08-19 09:05:20,https://apps.apple.com/us/app/hers-womens-healthcare/id1623878709,#24 in Medical,4.6,7.4K Ratings
2025-08-19 09:05:20,https://apps.apple.com/us/app/ro/id1585858911,#37 in Medical,4.8,5.5K Ratings
2025-08-19 09:05:20,https://apps.apple.com/us/app/push-health-telehealth-app/id950510633,N/A,4.6,19.3K Ratings
2025-08-19 09:05:21,https://apps.apple.com/us/app/plushcare-online-doctor/id955183607,#182 in Medical,4.9,134.1K Ratings
2025-08-19 09:05:21,https://apps.apple.com/us/app/one-medical/id393507802,#62 in Medical,4.9,47.5K Ratings
2025-08-20 09:05:49,https://apps.apple.com/us/app/hims-telehealth-for-men/id1455690574,#23 in Medical,4.8,69.4K Ratings
2025-08-20 09:05:49,https://apps.apple.com/us/app/hers-womens-healthcare/id1623878709,#26 in Medical,4.6,7.4K Ratings
2025-08-20 09:05:49,https://apps.apple.com/us/app/ro/id1585858911,#45 in Medical,4.8,5.5K Ratings
2025-08-20 09:05:50,https://apps.apple.com/us/app/push-health-telehealth-app/id950510633,N/A,4.6,19.3K Ratings
2025-08-20 09:05:50,https://apps.apple.com/us/app/plushcare-online-doctor/id955183607,N/A,4.9,134.1K Ratings
2025-08-20 09:05:51,https://apps.apple.com/us/app/one-medical/id393507802,#60 in Medical,4.9,47.5K Ratings
2025-08-21 09:05:37,https://apps.apple.com/us/app/hims-telehealth-for-men/id1455690574,#24 in Medical,4.8,69.4K Ratings
2025-08-21 09:05:38,https://apps.apple.com/us/app/hers-womens-healthcare/id1623878709,#31 in Medical,4.6,7.5K Ratings
2025-08-21 09:05:38,https://apps.apple.com/us/app/ro/id1585858911,#38 in Medical,4.8,5.5K Ratings
2025-08-21 09:05:38,https://apps.apple.com/us/app/push-health-telehealth-app/id950510633,N/A,4.6,19.4K Ratings
2025-08-21 09:05:39,https://apps.apple.com/us/app/plushcare-online-doctor/id955183607,N/A,4.9,134.2K Ratings
2025-08-21 09:05:39,https://apps.apple.com/us/app/one-medical/id393507802,#66 in Medical,4.9,47.5K Ratings
2025-08-22 09:05:29,https://apps.apple.com/us/app/hims-telehealth-for-men/id1455690574,#23 in Medical,4.8,69.5K Ratings
2025-08-22 09:05:30,https://apps.apple.com/us/app/hers-womens-healthcare/id1623878709,#31 in Medical,4.6,7.5K Ratings
2025-08-22 09:05:30,https://apps.apple.com/us/app/ro/id1585858911,#15 in Medical,4.8,5.5K Ratings
2025-08-22 09:05:30,https://apps.apple.com/us/app/push-health-telehealth-app/id950510633,N/A,4.6,19.4K Ratings
2025-08-22 09:05:31,https://apps.apple.com/us/app/plushcare-online-doctor/id955183607,N/A,4.9,134.2K Ratings
2025-08-22 09:05:31,https://apps.apple.com/us/app/one-medical/id393507802,#69 in Medical,4.9,47.5K Ratings
2025-08-23 09:04:31,https://apps.apple.com/us/app/hims-telehealth-for-men/id1455690574,#23 in Medical,4.8,69.6K Ratings
2025-08-23 09:04:31,https://apps.apple.com/us/app/hers-womens-healthcare/id1623878709,#24 in Medical,4.6,7.5K Ratings
2025-08-23 09:04:32,https://apps.apple.com/us/app/ro/id1585858911,#13 in Medical,4.8,5.5K Ratings
2025-08-23 09:04:32,https://apps.apple.com/us/app/push-health-telehealth-app/id950510633,N/A,4.6,19.4K Ratings
2025-08-23 09:04:32,https://apps.apple.com/us/app/plushcare-online-doctor/id955183607,#189 in Medical,4.9,134.2K Ratings
2025-08-23 09:04:32,https://apps.apple.com/us/app/one-medical/id393507802,#65 in Medical,4.9,47.5K Ratings
2025-08-24 09:04:34,https://apps.apple.com/us/app/hims-telehealth-for-men/id1455690574,#18 in Medical,4.8,69.6K Ratings
2025-08-24 09:04:35,https://apps.apple.com/us/app/hers-womens-healthcare/id1623878709,#20 in Medical,4.6,7.5K Ratings
2025-08-24 09:04:35,https://apps.apple.com/us/app/ro/id1585858911,#7 in Medical,4.8,5.5K Ratings
2025-08-24 09:04:35,https://apps.apple.com/us/app/push-health-telehealth-app/id950510633,N/A,4.6,19.4K Ratings
2025-08-24 09:04:35,https://apps.apple.com/us/app/plushcare-online-doctor/id955183607,#165 in Medical,4.9,134.2K Ratings
2025-08-24 09:04:36,https://apps.apple.com/us/app/one-medical/id393507802,#60 in Medical,4.9,47.6K Ratings
2025-08-25 09:05:55,https://apps.apple.com/us/app/hims-telehealth-for-men/id1455690574,#15 in Medical,4.8,69.6K Ratings
2025-08-25 09:05:55,https://apps.apple.com/us/app/hers-womens-healthcare/id1623878709,#17 in Medical,4.6,7.5K Ratings
2025-08-25 09:05:55,https://apps.apple.com/us/app/ro/id1585858911,#8 in Medical,4.8,5.5K Ratings
2025-08-25 09:05:56,https://apps.apple.com/us/app/push-health-telehealth-app/id950510633,N/A,4.6,19.4K Ratings
2025-08-25 09:05:56,https://apps.apple.com/us/app/plushcare-online-doctor/id955183607,#161 in Medical,4.9,134.2K Ratings
2025-08-25 09:05:56,https://apps.apple.com/us/app/one-medical/id393507802,#60 in Medical,4.9,47.6K Ratings
2025-08-26 09:05:48,https://apps.apple.com/us/app/hims-telehealth-for-men/id1455690574,#23 in Medical,4.8,69.7K Ratings
2025-08-26 09:05:49,https://apps.apple.com/us/app/hers-womens-healthcare/id1623878709,#26 in Medical,4.6,7.5K Ratings
2025-08-26 09:05:49,https://apps.apple.com/us/app/ro/id1585858911,#16 in Medical,4.8,5.5K Ratings
2025-08-26 09:05:49,https://apps.apple.com/us/app/push-health-telehealth-app/id950510633,N/A,4.6,19.4K Ratings
2025-08-26 09:05:49,https://apps.apple.com/us/app/plushcare-online-doctor/id955183607,#200 in Medical,4.9,134.3K Ratings
2025-08-26 09:05:50,https://apps.apple.com/us/app/one-medical/id393507802,#59 in Medical,4.9,47.6K Ratings
2025-08-27 09:05:12,https://apps.apple.com/us/app/hims-telehealth-for-men/id1455690574,#27 in Medical,4.8,69.8K Ratings
2025-08-27 09:05:12,https://apps.apple.com/us/app/hers-womens-healthcare/id1623878709,#30 in Medical,4.6,7.5K Ratings
2025-08-27 09:05:12,https://apps.apple.com/us/app/ro/id1585858911,#19 in Medical,4.8,5.5K Ratings
2025-08-27 09:05:13,https://apps.apple.com/us/app/push-health-telehealth-app/id950510633,N/A,4.6,19.4K Ratings
2025-08-27 09:05:13,https://apps.apple.com/us/app/plushcare-online-doctor/id955183607,N/A,4.9,134.3K Ratings
2025-08-27 09:05:13,https://apps.apple.com/us/app/one-medical/id393507802,#59 in Medical,4.9,47.6K Ratings
2025-08-28 09:05:10,https://apps.apple.com/us/app/hims-telehealth-for-men/id1455690574,#25 in Medical,4.8,69.9K Ratings
2025-08-28 09:05:10,https://apps.apple.com/us/app/hers-womens-healthcare/id1623878709,#32 in Medical,4.6,7.5K Ratings
2025-08-28 09:05:11,https://apps.apple.com/us/app/ro/id1585858911,#21 in Medical,4.8,5.5K Ratings
2025-08-28 09:05:11,https://apps.apple.com/us/app/push-health-telehealth-app/id950510633,N/A,4.6,19.4K Ratings
2025-08-28 09:05:12,https://apps.apple.com/us/app/plushcare-online-doctor/id955183607,N/A,4.9,134.3K Ratings
2025-08-28 09:05:12,https://apps.apple.com/us/app/one-medical/id393507802,#58 in Medical,4.9,47.6K Ratings
2025-08-29 09:05:05,https://apps.apple.com/us/app/hims-telehealth-for-men/id1455690574,#27 in Medical,4.8,70K Ratings
2025-08-29 09:05:05,https://apps.apple.com/us/app/hers-womens-healthcare/id1623878709,#30 in Medical,4.6,7.5K Ratings
2025-08-29 09:05:06,https://apps.apple.com/us/app/ro/id1585858911,#23 in Medical,4.8,5.5K Ratings
2025-08-29 09:05:06,https://apps.apple.com/us/app/push-health-telehealth-app/id950510633,N/A,4.6,19.4K Ratings
2025-08-29 09:05:07,https://apps.apple.com/us/app/plushcare-online-doctor/id955183607,#196 in Medical,4.9,134.4K Ratings
2025-08-29 09:05:07,https://apps.apple.com/us/app/one-medical/id393507802,#63 in Medical,4.9,47.6K Ratings
2025-08-30 09:04:36,https://apps.apple.com/us/app/hims-telehealth-for-men/id1455690574,#27 in Medical,4.8,70K Ratings
2025-08-30 09:04:37,https://apps.apple.com/us/app/hers-womens-healthcare/id1623878709,#30 in Medical,4.6,7.5K Ratings
2025-08-30 09:04:37,https://apps.apple.com/us/app/ro/id1585858911,#22 in Medical,4.8,5.5K Ratings
2025-08-30 09:04:38,https://apps.apple.com/us/app/push-health-telehealth-app/id950510633,N/A,4.6,19.4K Ratings
2025-08-30 09:04:38,https://apps.apple.com/us/app/plushcare-online-doctor/id955183607,#189 in Medical,4.9,134.4K Ratings
2025-08-30 09:04:38,https://apps.apple.com/us/app/one-medical/id393507802,#59 in Medical,4.9,47.7K Ratings
2025-08-31 09:04:34,https://apps.apple.com/us/app/hims-telehealth-for-men/id1455690574,#16 in Medical,4.8,70K Ratings
2025-08-31 09:04:34,https://apps.apple.com/us/app/hers-womens-healthcare/id1623878709,#21 in Medical,4.6,7.5K Ratings
2025-08-31 09:04:35,https://apps.apple.com/us/app/ro/id1585858911,#15 in Medical,4.8,5.5K Ratings
2025-08-31 09:04:35,https://apps.apple.com/us/app/push-health-telehealth-app/id950510633,N/A,4.6,19.4K Ratings
2025-08-31 09:04:36,https://apps.apple.com/us/app/plushcare-online-doctor/id955183607,#153 in Medical,4.9,134.4K Ratings
2025-08-31 09:04:36,https://apps.apple.com/us/app/one-medical/id393507802,#58 in Medical,4.9,47.7K Ratings
2025-09-01 09:06:10,https://apps.apple.com/us/app/hims-telehealth-for-men/id1455690574,#13 in Medical,4.8,70.1K Ratings
2025-09-01 09:06:11,https://apps.apple.com/us/app/hers-womens-healthcare/id1623878709,#17 in Medical,4.6,7.6K Ratings
2025-09-01 09:06:11,https://apps.apple.com/us/app/ro/id1585858911,#12 in Medical,4.8,5.5K Ratings
2025-09-01 09:06:11,https://apps.apple.com/us/app/push-health-telehealth-app/id950510633,N/A,4.6,19.4K Ratings
2025-09-01 09:06:12,https://apps.apple.com/us/app/plushcare-online-doctor/id955183607,#135 in Medical,4.9,134.4K Ratings
2025-09-01 09:06:12,https://apps.apple.com/us/app/one-medical/id393507802,#52 in Medical,4.9,47.7K Ratings
2025-09-02 09:05:19,https://apps.apple.com/us/app/hims-telehealth-for-men/id1455690574,#13 in Medical,4.8,70.1K Ratings
2025-09-02 09:05:19,https://apps.apple.com/us/app/hers-womens-healthcare/id1623878709,#18 in Medical,4.6,7.6K Ratings
2025-09-02 09:05:20,https://apps.apple.com/us/app/ro/id1585858911,#12 in Medical,4.8,5.5K Ratings
2025-09-02 09:05:20,https://apps.apple.com/us/app/push-health-telehealth-app/id950510633,N/A,4.6,19.4K Ratings
2025-09-02 09:05:20,https://apps.apple.com/us/app/plushcare-online-doctor/id955183607,#146 in Medical,4.9,134.5K Ratings
2025-09-02 09:05:21,https://apps.apple.com/us/app/one-medical/id393507802,#55 in Medical,4.9,47.7K Ratings
2025-09-03 09:05:30,https://apps.apple.com/us/app/hims-telehealth-for-men/id1455690574,#23 in Medical,4.8,70.2K Ratings
2025-09-03 09:05:30,https://apps.apple.com/us/app/hers-womens-healthcare/id1623878709,#28 in Medical,4.6,7.6K Ratings
2025-09-03 09:05:31,https://apps.apple.com/us/app/ro/id1585858911,#24 in Medical,4.8,5.5K Ratings
2025-09-03 09:05:31,https://apps.apple.com/us/app/push-health-telehealth-app/id950510633,N/A,4.6,19.4K Ratings
2025-09-03 09:05:32,https://apps.apple.com/us/app/plushcare-online-doctor/id955183607,#181 in Medical,4.9,134.5K Ratings
2025-09-03 09:05:32,https://apps.apple.com/us/app/one-medical/id393507802,#52 in Medical,4.9,47.7K Ratings
2025-09-04 09:05:23,https://apps.apple.com/us/app/hims-telehealth-for-men/id1455690574,#24 in Medical,4.8,70.3K Ratings
2025-09-04 09:05:23,https://apps.apple.com/us/app/hers-womens-healthcare/id1623878709,#29 in Medical,4.6,7.6K Ratings
2025-09-04 09:05:24,https://apps.apple.com/us/app/ro/id1585858911,#25 in Medical,4.8,5.5K Ratings
2025-09-04 09:05:24,https://apps.apple.com/us/app/push-health-telehealth-app/id950510633,N/A,4.6,19.4K Ratings
2025-09-04 09:05:24,https://apps.apple.com/us/app/plushcare-online-doctor/id955183607,#200 in Medical,4.9,134.5K Ratings
2025-09-04 09:05:25,https://apps.apple.com/us/app/one-medical/id393507802,#52 in Medical,4.9,47.7K Ratings
2025-09-05 09:05:25,https://apps.apple.com/us/app/hims-telehealth-for-men/id1455690574,#27 in Medical,4.8,70.3K Ratings
2025-09-05 09:05:25,https://apps.apple.com/us/app/hers-womens-healthcare/id1623878709,#31 in Medical,4.6,7.6K Ratings
2025-09-05 09:05:25,https://apps.apple.com/us/app/ro/id1585858911,#26 in Medical,4.8,5.5K Ratings
2025-09-05 09:05:26,https://apps.apple.com/us/app/push-health-telehealth-app/id950510633,N/A,4.6,19.5K Ratings
2025-09-05 09:05:26,https://apps.apple.com/us/app/plushcare-online-doctor/id955183607,#85 in Medical,4.9,134.5K Ratings
2025-09-05 09:05:26,https://apps.apple.com/us/app/one-medical/id393507802,#54 in Medical,4.9,47.7K Ratings
2025-09-06 09:04:14,https://apps.apple.com/us/app/hims-telehealth-for-men/id1455690574,#28 in Medical,4.8,70.4K Ratings
2025-09-06 09:04:15,https://apps.apple.com/us/app/hers-womens-healthcare/id1623878709,#31 in Medical,4.6,7.6K Ratings
2025-09-06 09:04:15,https://apps.apple.com/us/app/ro/id1585858911,#26 in Medical,4.8,5.5K Ratings
2025-09-06 09:04:15,https://apps.apple.com/us/app/push-health-telehealth-app/id950510633,N/A,4.6,19.5K Ratings
2025-09-06 09:04:16,https://apps.apple.com/us/app/plushcare-online-doctor/id955183607,#72 in Medical,4.9,134.6K Ratings
2025-09-06 09:04:16,https://apps.apple.com/us/app/one-medical/id393507802,#54 in Medical,4.9,47.8K Ratings
2025-09-07 09:04:20,https://apps.apple.com/us/app/hims-telehealth-for-men/id1455690574,#17 in Medical,4.8,70.5K Ratings
2025-09-07 09:04:20,https://apps.apple.com/us/app/hers-womens-healthcare/id1623878709,#21 in Medical,4.6,7.6K Ratings
2025-09-07 09:04:21,https://apps.apple.com/us/app/ro/id1585858911,#15 in Medical,4.8,5.5K Ratings
2025-09-07 09:04:21,https://apps.apple.com/us/app/push-health-telehealth-app/id950510633,N/A,4.6,19.5K Ratings
2025-09-07 09:04:21,https://apps.apple.com/us/app/plushcare-online-doctor/id955183607,#85 in Medical,4.9,134.6K Ratings
2025-09-07 09:04:21,https://apps.apple.com/us/app/one-medical/id393507802,#53 in Medical,4.9,47.8K Ratings
2025-09-08 09:05:59,https://apps.apple.com/us/app/hims-telehealth-for-men/id1455690574,#15 in Medical,4.8,70.5K Ratings
2025-09-08 09:05:59,https://apps.apple.com/us/app/hers-womens-healthcare/id1623878709,#18 in Medical,4.6,7.6K Ratings
2025-09-08 09:05:59,https://apps.apple.com/us/app/ro/id1585858911,#16 in Medical,4.8,5.5K Ratings
2025-09-08 09:06:00,https://apps.apple.com/us/app/push-health-telehealth-app/id950510633,N/A,4.6,19.5K Ratings
2025-09-08 09:06:00,https://apps.apple.com/us/app/plushcare-online-doctor/id955183607,#101 in Medical,4.9,134.6K Ratings
2025-09-08 09:06:00,https://apps.apple.com/us/app/one-medical/id393507802,#50 in Medical,4.9,47.8K Ratings
2025-09-09 09:05:36,https://apps.apple.com/us/app/hims-telehealth-for-men/id1455690574,#22 in Medical,4.8,70.6K Ratings
2025-09-09 09:05:37,https://apps.apple.com/us/app/hers-womens-healthcare/id1623878709,#30 in Medical,4.6,7.7K Ratings
2025-09-09 09:05:37,https://apps.apple.com/us/app/ro/id1585858911,#27 in Medical,4.8,5.5K Ratings
2025-09-09 09:05:38,https://apps.apple.com/us/app/push-health-telehealth-app/id950510633,N/A,4.6,19.5K Ratings
2025-09-09 09:05:38,https://apps.apple.com/us/app/plushcare-online-doctor/id955183607,#149 in Medical,4.9,134.6K Ratings
2025-09-09 09:05:39,https://apps.apple.com/us/app/one-medical/id393507802,#53 in Medical,4.9,47.8K Ratings
2025-09-10 09:05:08,https://apps.apple.com/us/app/hims-telehealth-for-men/id1455690574,#23 in Medical,4.8,70.6K Ratings
2025-09-10 09:05:08,https://apps.apple.com/us/app/hers-womens-healthcare/id1623878709,#32 in Medical,4.6,7.7K Ratings
2025-09-10 09:05:09,https://apps.apple.com/us/app/ro/id1585858911,#28 in Medical,4.7,5.5K Ratings
2025-09-10 09:05:09,https://apps.apple.com/us/app/push-health-telehealth-app/id950510633,N/A,4.6,19.5K Ratings
2025-09-10 09:05:10,https://apps.apple.com/us/app/plushcare-online-doctor/id955183607,#181 in Medical,4.9,134.6K Ratings
2025-09-10 09:05:10,https://apps.apple.com/us/app/one-medical/id393507802,#52 in Medical,4.9,47.8K Ratings
2025-09-11 09:05:05,https://apps.apple.com/us/app/hims-telehealth-for-men/id1455690574,#25 in Medical,4.8,70.6K Ratings
2025-09-11 09:05:05,https://apps.apple.com/us/app/hers-womens-healthcare/id1623878709,#32 in Medical,4.6,7.7K Ratings
2025-09-11 09:05:06,https://apps.apple.com/us/app/ro/id1585858911,#29 in Medical,4.7,5.5K Ratings
2025-09-11 09:05:06,https://apps.apple.com/us/app/push-health-telehealth-app/id950510633,N/A,4.6,19.5K Ratings
2025-09-11 09:05:06,https://apps.apple.com/us/app/plushcare-online-doctor/id955183607,#191 in Medical,4.9,134.6K Ratings
2025-09-11 09:05:06,https://apps.apple.com/us/app/one-medical/id393507802,#52 in Medical,4.9,47.8K Ratings
2025-09-12 09:05:01,https://apps.apple.com/us/app/hims-telehealth-for-men/id1455690574,#23 in Medical,4.8,70.7K Ratings
2025-09-12 09:05:01,https://apps.apple.com/us/app/hers-womens-healthcare/id1623878709,#31 in Medical,4.6,7.7K Ratings
2025-09-12 09:05:01,https://apps.apple.com/us/app/ro/id1585858911,#26 in Medical,4.7,5.5K Ratings
2025-09-12 09:05:01,https://apps.apple.com/us/app/push-health-telehealth-app/id950510633,N/A,4.6,19.5K Ratings
2025-09-12 09:05:02,https://apps.apple.com/us/app/plushcare-online-doctor/id955183607,N/A,4.9,134.7K Ratings
2025-09-12 09:05:02,https://apps.apple.com/us/app/one-medical/id393507802,#55 in Medical,4.9,47.8K Ratings
2025-09-13 09:04:36,https://apps.apple.com/us/app/hims-telehealth-for-men/id1455690574,#25 in Medical,4.8,70.8K Ratings
2025-09-13 09:04:37,https://apps.apple.com/us/app/hers-womens-healthcare/id1623878709,#30 in Medical,4.6,7.7K Ratings
2025-09-13 09:04:37,https://apps.apple.com/us/app/ro/id1585858911,#28 in Medical,4.7,5.5K Ratings
2025-09-13 09:04:37,https://apps.apple.com/us/app/push-health-telehealth-app/id950510633,N/A,4.6,19.5K Ratings
2025-09-13 09:04:38,https://apps.apple.com/us/app/plushcare-online-doctor/id955183607,N/A,4.9,134.7K Ratings
2025-09-13 09:04:38,https://apps.apple.com/us/app/one-medical/id393507802,#58 in Medical,4.9,47.9K Ratings
2025-09-14 09:04:38,https://apps.apple.com/us/app/hims-telehealth-for-men/id1455690574,#15 in Medical,4.8,70.9K Ratings
2025-09-14 09:04:38,https://apps.apple.com/us/app/hers-womens-healthcare/id1623878709,#23 in Medical,4.6,7.7K Ratings
2025-09-14 09:04:38,https://apps.apple.com/us/app/ro/id1585858911,#19 in Medical,4.7,5.5K Ratings
2025-09-14 09:04:39,https://apps.apple.com/us/app/push-health-telehealth-app/id950510633,N/A,4.6,19.5K Ratings
2025-09-14 09:04:39,https://apps.apple.com/us/app/plushcare-online-doctor/id955183607,#164 in Medical,4.9,134.7K Ratings
2025-09-14 09:04:39,https://apps.apple.com/us/app/one-medical/id393507802,#54 in Medical,4.9,47.9K Ratings
2025-09-15 09:06:21,https://apps.apple.com/us/app/hims-telehealth-for-men/id1455690574,#15 in Medical,4.8,70.9K Ratings
2025-09-15 09:06:22,https://apps.apple.com/us/app/hers-womens-healthcare/id1623878709,#18 in Medical,4.6,7.7K Ratings
2025-09-15 09:06:22,https://apps.apple.com/us/app/ro/id1585858911,#17 in Medical,4.7,5.5K Ratings
2025-09-15 09:06:23,https://apps.apple.com/us/app/push-health-telehealth-app/id950510633,N/A,4.6,19.5K Ratings
2025-09-15 09:06:23,https://apps.apple.com/us/app/plushcare-online-doctor/id955183607,#168 in Medical,4.9,134.8K Ratings
2025-09-15 09:06:23,https://apps.apple.com/us/app/one-medical/id393507802,#47 in Medical,4.9,47.9K Ratings
2025-09-16 09:05:25,https://apps.apple.com/us/app/hims-telehealth-for-men/id1455690574,#22 in Medical,4.8,71K Ratings
2025-09-16 09:05:25,https://apps.apple.com/us/app/hers-womens-healthcare/id1623878709,#27 in Medical,4.6,7.7K Ratings
2025-09-16 09:05:26,https://apps.apple.com/us/app/ro/id1585858911,#26 in Medical,4.7,5.5K Ratings
2025-09-16 09:05:26,https://apps.apple.com/us/app/push-health-telehealth-app/id950510633,N/A,4.6,19.5K Ratings
2025-09-16 09:05:26,https://apps.apple.com/us/app/plushcare-online-doctor/id955183607,#192 in Medical,4.9,134.8K Ratings
2025-09-16 09:05:26,https://apps.apple.com/us/app/one-medical/id393507802,#48 in Medical,4.9,47.9K Ratings
2025-09-17 09:05:24,https://apps.apple.com/us/app/hims-telehealth-for-men/id1455690574,#24 in Medical,4.8,71.1K Ratings
2025-09-17 09:05:24,https://apps.apple.com/us/app/hers-womens-healthcare/id1623878709,#28 in Medical,4.6,7.7K Ratings
2025-09-17 09:05:25,https://apps.apple.com/us/app/ro/id1585858911,#30 in Medical,4.7,5.5K Ratings
2025-09-17 09:05:25,https://apps.apple.com/us/app/push-health-telehealth-app/id950510633,N/A,4.6,19.5K Ratings
2025-09-17 09:05:25,https://apps.apple.com/us/app/plushcare-online-doctor/id955183607,N/A,4.9,134.8K Ratings
2025-09-17 09:05:26,https://apps.apple.com/us/app/one-medical/id393507802,#52 in Medical,4.9,47.9K Ratings
2025-09-18 09:05:04,https://apps.apple.com/us/app/hims-telehealth-for-men/id1455690574,#24 in Medical,4.8,71.1K Ratings
2025-09-18 09:05:04,https://apps.apple.com/us/app/hers-womens-healthcare/id1623878709,#28 in Medical,4.6,7.7K Ratings
2025-09-18 09:05:04,https://apps.apple.com/us/app/ro/id1585858911,#29 in Medical,4.7,5.5K Ratings
2025-09-18 09:05:05,https://apps.apple.com/us/app/push-health-telehealth-app/id950510633,N/A,4.6,19.5K Ratings
2025-09-18 09:05:05,https://apps.apple.com/us/app/plushcare-online-doctor/id955183607,#196 in Medical,4.9,134.8K Ratings
2025-09-18 09:05:05,https://apps.apple.com/us/app/one-medical/id393507802,#55 in Medical,4.9,47.9K Ratings
2025-09-19 09:05:35,https://apps.apple.com/us/app/hims-telehealth-for-men/id1455690574,#24 in Medical,4.8,71.2K Ratings
2025-09-19 09:05:35,https://apps.apple.com/us/app/hers-womens-healthcare/id1623878709,#29 in Medical,4.6,7.8K Ratings
2025-09-19 09:05:36,https://apps.apple.com/us/app/ro/id1585858911,#28 in Medical,4.7,5.5K Ratings
2025-09-19 09:05:36,https://apps.apple.com/us/app/push-health-telehealth-app/id950510633,N/A,4.6,19.6K Ratings
2025-09-19 09:05:37,https://apps.apple.com/us/app/plushcare-online-doctor/id955183607,N/A,4.9,134.9K Ratings
2025-09-19 09:05:37,https://apps.apple.com/us/app/one-medical/id393507802,#57 in Medical,4.9,48K Ratings
2025-09-20 09:04:41,https://apps.apple.com/us/app/hims-telehealth-for-men/id1455690574,#25 in Medical,4.8,71.3K Ratings
2025-09-20 09:04:42,https://apps.apple.com/us/app/hers-womens-healthcare/id1623878709,#28 in Medical,4.6,7.8K Ratings
2025-09-20 09:04:43,https://apps.apple.com/us/app/ro/id1585858911,#26 in Medical,4.7,5.5K Ratings
2025-09-20 09:04:43,https://apps.apple.com/us/app/push-health-telehealth-app/id950510633,N/A,4.6,19.6K Ratings
2025-09-20 09:04:44,https://apps.apple.com/us/app/plushcare-online-doctor/id955183607,#186 in Medical,4.9,134.9K Ratings
2025-09-20 09:04:44,https://apps.apple.com/us/app/one-medical/id393507802,#61 in Medical,4.9,48K Ratings
2025-09-21 09:04:40,https://apps.apple.com/us/app/hims-telehealth-for-men/id1455690574,#17 in Medical,4.8,71.3K Ratings
2025-09-21 09:04:41,https://apps.apple.com/us/app/hers-womens-healthcare/id1623878709,#22 in Medical,4.6,7.8K Ratings
2025-09-21 09:04:41,https://apps.apple.com/us/app/ro/id1585858911,#23 in Medical,4.7,5.5K Ratings
2025-09-21 09:04:41,https://apps.apple.com/us/app/push-health-telehealth-app/id950510633,N/A,4.6,19.6K Ratings
2025-09-21 09:04:42,https://apps.apple.com/us/app/plushcare-online-doctor/id955183607,#159 in Medical,4.9,134.9K Ratings
2025-09-21 09:04:42,https://apps.apple.com/us/app/one-medical/id393507802,#59 in Medical,4.9,48K Ratings
2025-09-22 09:06:33,https://apps.apple.com/us/app/hims-telehealth-for-men/id1455690574,#15 in Medical,4.8,71.3K Ratings
2025-09-22 09:06:33,https://apps.apple.com/us/app/hers-womens-healthcare/id1623878709,#17 in Medical,4.6,7.8K Ratings
2025-09-22 09:06:34,https://apps.apple.com/us/app/ro/id1585858911,#20 in Medical,4.7,5.5K Ratings
2025-09-22 09:06:34,https://apps.apple.com/us/app/push-health-telehealth-app/id950510633,N/A,4.6,19.6K Ratings
2025-09-22 09:06:34,https://apps.apple.com/us/app/plushcare-online-doctor/id955183607,#176 in Medical,4.9,134.9K Ratings
2025-09-22 09:06:35,https://apps.apple.com/us/app/one-medical/id393507802,#47 in Medical,4.9,48K Ratings
2025-09-23 09:05:24,https://apps.apple.com/us/app/hims-telehealth-for-men/id1455690574,#22 in Medical,4.8,71.5K Ratings
2025-09-23 09:05:25,https://apps.apple.com/us/app/hers-womens-healthcare/id1623878709,#26 in Medical,4.6,7.8K Ratings
2025-09-23 09:05:25,https://apps.apple.com/us/app/ro/id1585858911,#29 in Medical,4.7,5.5K Ratings
2025-09-23 09:05:25,https://apps.apple.com/us/app/push-health-telehealth-app/id950510633,N/A,4.6,19.6K Ratings
2025-09-23 09:05:26,https://apps.apple.com/us/app/plushcare-online-doctor/id955183607,N/A,4.9,135K Ratings
2025-09-23 09:05:26,https://apps.apple.com/us/app/one-medical/id393507802,#46 in Medical,4.9,48K Ratings
2025-09-24 09:05:20,https://apps.apple.com/us/app/hims-telehealth-for-men/id1455690574,#24 in Medical,4.8,71.5K Ratings
2025-09-24 09:05:20,https://apps.apple.com/us/app/hers-womens-healthcare/id1623878709,#28 in Medical,4.6,7.8K Ratings
2025-09-24 09:05:21,https://apps.apple.com/us/app/ro/id1585858911,#29 in Medical,4.7,5.5K Ratings
2025-09-24 09:05:21,https://apps.apple.com/us/app/push-health-telehealth-app/id950510633,N/A,4.6,19.6K Ratings
2025-09-24 09:05:21,https://apps.apple.com/us/app/plushcare-online-doctor/id955183607,N/A,4.9,135K Ratings
2025-09-24 09:05:21,https://apps.apple.com/us/app/one-medical/id393507802,#56 in Medical,4.9,48K Ratings
2025-09-25 09:05:16,https://apps.apple.com/us/app/hims-telehealth-for-men/id1455690574,#25 in Medical,4.8,71.6K Ratings
2025-09-25 09:05:16,https://apps.apple.com/us/app/hers-womens-healthcare/id1623878709,#29 in Medical,4.6,7.8K Ratings
2025-09-25 09:05:16,https://apps.apple.com/us/app/ro/id1585858911,#30 in Medical,4.7,5.5K Ratings
2025-09-25 09:05:16,https://apps.apple.com/us/app/push-health-telehealth-app/id950510633,N/A,4.6,19.6K Ratings
2025-09-25 09:05:17,https://apps.apple.com/us/app/plushcare-online-doctor/id955183607,N/A,4.9,135K Ratings
2025-09-25 09:05:17,https://apps.apple.com/us/app/one-medical/id393507802,#55 in Medical,4.9,48K Ratings
2025-09-26 09:05:24,https://apps.apple.com/us/app/hims-telehealth-for-men/id1455690574,#24 in Medical,4.8,71.7K Ratings
2025-09-26 09:05:25,https://apps.apple.com/us/app/hers-womens-healthcare/id1623878709,#28 in Medical,4.6,7.8K Ratings
2025-09-26 09:05:25,https://apps.apple.com/us/app/ro/id1585858911,#30 in Medical,4.7,5.5K Ratings
2025-09-26 09:05:25,https://apps.apple.com/us/app/push-health-telehealth-app/id950510633,N/A,4.6,19.6K Ratings
2025-09-26 09:05:26,https://apps.apple.com/us/app/plushcare-online-doctor/id955183607,N/A,4.9,135K Ratings
2025-09-26 09:05:26,https://apps.apple.com/us/app/one-medical/id393507802,#48 in Medical,4.9,48.1K Ratings
2025-09-27 09:04:34,https://apps.apple.com/us/app/hims-telehealth-for-men/id1455690574,#25 in Medical,4.8,71.7K Ratings
2025-09-27 09:04:34,https://apps.apple.com/us/app/hers-womens-healthcare/id1623878709,#27 in Medical,4.6,7.8K Ratings
2025-09-27 09:04:35,https://apps.apple.com/us/app/ro/id1585858911,#29 in Medical,4.7,5.5K Ratings
2025-09-27 09:04:35,https://apps.apple.com/us/app/push-health-telehealth-app/id950510633,N/A,4.6,19.6K Ratings
2025-09-27 09:04:36,https://apps.apple.com/us/app/plushcare-online-doctor/id955183607,N/A,4.9,135.1K Ratings
2025-09-27 09:04:36,https://apps.apple.com/us/app/one-medical/id393507802,#50 in Medical,4.9,48.1K Ratings
2025-09-28 09:04:42,https://apps.apple.com/us/app/hims-telehealth-for-men/id1455690574,#17 in Medical,4.8,71.8K Ratings
2025-09-28 09:04:42,https://apps.apple.com/us/app/hers-womens-healthcare/id1623878709,#22 in Medical,4.6,7.8K Ratings
2025-09-28 09:04:42,https://apps.apple.com/us/app/ro/id1585858911,#28 in Medical,4.7,5.5K Ratings
2025-09-28 09:04:43,https://apps.apple.com/us/app/push-health-telehealth-app/id950510633,N/A,4.6,19.6K Ratings
2025-09-28 09:04:43,https://apps.apple.com/us/app/plushcare-online-doctor/id955183607,#193 in Medical,4.9,135.1K Ratings
2025-09-28 09:04:43,https://apps.apple.com/us/app/one-medical/id393507802,#51 in Medical,4.9,48.1K Ratings
2025-09-29 09:06:42,https://apps.apple.com/us/app/hims-telehealth-for-men/id1455690574,#15 in Medical,4.8,71.8K Ratings
2025-09-29 09:06:42,https://apps.apple.com/us/app/hers-womens-healthcare/id1623878709,#16 in Medical,4.6,7.8K Ratings
2025-09-29 09:06:42,https://apps.apple.com/us/app/ro/id1585858911,#25 in Medical,4.7,5.5K Ratings
2025-09-29 09:06:43,https://apps.apple.com/us/app/push-health-telehealth-app/id950510633,N/A,4.6,19.6K Ratings
2025-09-29 09:06:43,https://apps.apple.com/us/app/plushcare-online-doctor/id955183607,N/A,4.9,135.1K Ratings
2025-09-29 09:06:43,https://apps.apple.com/us/app/one-medical/id393507802,#49 in Medical,4.9,48.1K Ratings
2025-09-30 09:05:08,https://apps.apple.com/us/app/hims-telehealth-for-men/id1455690574,#21 in Medical,4.8,71.9K Ratings
2025-09-30 09:05:08,https://apps.apple.com/us/app/hers-womens-healthcare/id1623878709,#28 in Medical,4.6,7.9K Ratings
2025-09-30 09:05:08,https://apps.apple.com/us/app/ro/id1585858911,#31 in Medical,4.7,5.5K Ratings
2025-09-30 09:05:09,https://apps.apple.com/us/app/push-health-telehealth-app/id950510633,N/A,4.6,19.6K Ratings
2025-09-30 09:05:09,https://apps.apple.com/us/app/plushcare-online-doctor/id955183607,N/A,4.9,135.1K Ratings
2025-09-30 09:05:10,https://apps.apple.com/us/app/one-medical/id393507802,#48 in Medical,4.9,48.1K Ratings
2025-10-01 09:05:52,https://apps.apple.com/us/app/hims-telehealth-for-men/id1455690574,#25 in Medical,4.8,72K Ratings
2025-10-01 09:05:53,https://apps.apple.com/us/app/hers-womens-healthcare/id1623878709,#30 in Medical,4.6,7.9K Ratings
2025-10-01 09:05:53,https://apps.apple.com/us/app/ro/id1585858911,#34 in Medical,4.7,5.5K Ratings
2025-10-01 09:05:53,https://apps.apple.com/us/app/push-health-telehealth-app/id950510633,N/A,4.6,19.6K Ratings
2025-10-01 09:05:54,https://apps.apple.com/us/app/plushcare-online-doctor/id955183607,N/A,4.9,135.2K Ratings
2025-10-01 09:05:54,https://apps.apple.com/us/app/one-medical/id393507802,#49 in Medical,4.9,48.2K Ratings
2025-10-02 09:05:07,https://apps.apple.com/us/app/hims-telehealth-for-men/id1455690574,#26 in Medical,4.8,72.1K Ratings
2025-10-02 09:05:07,https://apps.apple.com/us/app/hers-womens-healthcare/id1623878709,#31 in Medical,4.6,7.9K Ratings
2025-10-02 09:05:08,https://apps.apple.com/us/app/ro/id1585858911,#33 in Medical,4.7,5.5K Ratings
2025-10-02 09:05:08,https://apps.apple.com/us/app/push-health-telehealth-app/id950510633,N/A,4.6,19.6K Ratings
2025-10-02 09:05:09,https://apps.apple.com/us/app/plushcare-online-doctor/id955183607,N/A,4.9,135.2K Ratings
2025-10-02 09:05:09,https://apps.apple.com/us/app/one-medical/id393507802,#47 in Medical,4.9,48.2K Ratings
2025-10-03 09:04:51,https://apps.apple.com/us/app/hims-telehealth-for-men/id1455690574,#25 in Medical,4.8,72.1K Ratings
2025-10-03 09:04:51,https://apps.apple.com/us/app/hers-womens-healthcare/id1623878709,#32 in Medical,4.6,7.9K Ratings
2025-10-03 09:04:52,https://apps.apple.com/us/app/ro/id1585858911,#31 in Medical,4.7,5.5K Ratings
2025-10-03 09:04:52,https://apps.apple.com/us/app/push-health-telehealth-app/id950510633,N/A,4.6,19.7K Ratings
2025-10-03 09:04:52,https://apps.apple.com/us/app/plushcare-online-doctor/id955183607,N/A,4.9,135.2K Ratings
2025-10-03 09:04:53,https://apps.apple.com/us/app/one-medical/id393507802,#49 in Medical,4.9,48.2K Ratings
2025-10-04 09:04:35,https://apps.apple.com/us/app/hims-telehealth-for-men/id1455690574,#25 in Medical,4.8,72.2K Ratings
2025-10-04 09:04:35,https://apps.apple.com/us/app/hers-womens-healthcare/id1623878709,#29 in Medical,4.6,7.9K Ratings
2025-10-04 09:04:35,https://apps.apple.com/us/app/ro/id1585858911,#31 in Medical,4.7,5.5K Ratings
2025-10-04 09:04:36,https://apps.apple.com/us/app/push-health-telehealth-app/id950510633,N/A,4.6,19.7K Ratings
2025-10-04 09:04:36,https://apps.apple.com/us/app/plushcare-online-doctor/id955183607,N/A,4.9,135.2K Ratings
2025-10-04 09:04:37,https://apps.apple.com/us/app/one-medical/id393507802,#52 in Medical,4.9,48.2K Ratings
2025-10-05 09:04:30,https://apps.apple.com/us/app/hims-telehealth-for-men/id1455690574,#16 in Medical,4.8,72.3K Ratings
2025-10-05 09:04:30,https://apps.apple.com/us/app/hers-womens-healthcare/id1623878709,#24 in Medical,4.6,7.9K Ratings
2025-10-05 09:04:30,https://apps.apple.com/us/app/ro/id1585858911,#25 in Medical,4.7,5.5K Ratings
2025-10-05 09:04:31,https://apps.apple.com/us/app/push-health-telehealth-app/id950510633,N/A,4.6,19.7K Ratings
2025-10-05 09:04:31,https://apps.apple.com/us/app/plushcare-online-doctor/id955183607,#185 in Medical,4.9,135.2K Ratings
2025-10-05 09:04:31,https://apps.apple.com/us/app/one-medical/id393507802,#51 in Medical,4.9,48.2K Ratings
2025-10-06 09:06:24,https://apps.apple.com/us/app/hims-telehealth-for-men/id1455690574,#16 in Medical,4.8,72.3K Ratings
2025-10-06 09:06:24,https://apps.apple.com/us/app/hers-womens-healthcare/id1623878709,#19 in Medical,4.6,7.9K Ratings
2025-10-06 09:06:25,https://apps.apple.com/us/app/ro/id1585858911,#22 in Medical,4.7,5.5K Ratings
2025-10-06 09:06:25,https://apps.apple.com/us/app/push-health-telehealth-app/id950510633,N/A,4.6,19.7K Ratings
2025-10-06 09:06:25,https://apps.apple.com/us/app/plushcare-online-doctor/id955183607,#196 in Medical,4.9,135.2K Ratings
2025-10-06 09:06:26,https://apps.apple.com/us/app/one-medical/id393507802,#45 in Medical,4.9,48.3K Ratings
2025-10-07 09:05:17,https://apps.apple.com/us/app/hims-telehealth-for-men/id1455690574,#22 in Medical,4.8,72.4K Ratings
2025-10-07 09:05:17,https://apps.apple.com/us/app/hers-womens-healthcare/id1623878709,#29 in Medical,4.6,7.9K Ratings
2025-10-07 09:05:17,https://apps.apple.com/us/app/ro/id1585858911,#31 in Medical,4.7,5.5K Ratings
2025-10-07 09:05:17,https://apps.apple.com/us/app/push-health-telehealth-app/id950510633,N/A,4.6,19.7K Ratings
2025-10-07 09:05:18,https://apps.apple.com/us/app/plushcare-online-doctor/id955183607,N/A,4.9,135.3K Ratings
2025-10-07 09:05:18,https://apps.apple.com/us/app/one-medical/id393507802,#45 in Medical,4.9,48.3K Ratings
2025-10-08 09:05:29,https://apps.apple.com/us/app/hims-telehealth-for-men/id1455690574,#25 in Medical,4.8,72.5K Ratings
2025-10-08 09:05:29,https://apps.apple.com/us/app/hers-womens-healthcare/id1623878709,#32 in Medical,4.6,7.9K Ratings
2025-10-08 09:05:30,https://apps.apple.com/us/app/ro/id1585858911,#33 in Medical,4.7,5.5K Ratings
2025-10-08 09:05:30,https://apps.apple.com/us/app/push-health-telehealth-app/id950510633,N/A,4.6,19.7K Ratings
2025-10-08 09:05:31,https://apps.apple.com/us/app/plushcare-online-doctor/id955183607,N/A,4.9,135.3K Ratings
2025-10-08 09:05:31,https://apps.apple.com/us/app/one-medical/id393507802,#49 in Medical,4.9,48.3K Ratings
2025-10-09 09:05:17,https://apps.apple.com/us/app/hims-telehealth-for-men/id1455690574,#26 in Medical,4.8,72.5K Ratings
2025-10-09 09:05:17,https://apps.apple.com/us/app/hers-womens-healthcare/id1623878709,#31 in Medical,4.6,8K Ratings
2025-10-09 09:05:18,https://apps.apple.com/us/app/ro/id1585858911,#33 in Medical,4.7,5.5K Ratings
2025-10-09 09:05:18,https://apps.apple.com/us/app/push-health-telehealth-app/id950510633,N/A,4.6,19.7K Ratings
2025-10-09 09:05:18,https://apps.apple.com/us/app/plushcare-online-doctor/id955183607,N/A,4.9,135.3K Ratings
2025-10-09 09:05:19,https://apps.apple.com/us/app/one-medical/id393507802,#49 in Medical,4.9,48.3K Ratings
2025-10-10 09:05:26,https://apps.apple.com/us/app/hims-telehealth-for-men/id1455690574,#26 in Medical,4.8,72.6K Ratings
2025-10-10 09:05:26,https://apps.apple.com/us/app/hers-womens-healthcare/id1623878709,#32 in Medical,4.6,8K Ratings
2025-10-10 09:05:27,https://apps.apple.com/us/app/ro/id1585858911,#34 in Medical,4.7,5.5K Ratings
2025-10-10 09:05:27,https://apps.apple.com/us/app/push-health-telehealth-app/id950510633,N/A,4.6,19.7K Ratings
2025-10-10 09:05:27,https://apps.apple.com/us/app/plushcare-online-doctor/id955183607,N/A,4.9,135.3K Ratings
2025-10-10 09:05:28,https://apps.apple.com/us/app/one-medical/id393507802,#53 in Medical,4.9,48.3K Ratings
2025-10-11 09:04:32,https://apps.apple.com/us/app/hims-telehealth-for-men/id1455690574,#28 in Medical,4.8,72.7K Ratings
2025-10-11 09:04:33,https://apps.apple.com/us/app/hers-womens-healthcare/id1623878709,#32 in Medical,4.6,8K Ratings
2025-10-11 09:04:33,https://apps.apple.com/us/app/ro/id1585858911,#33 in Medical,4.7,5.5K Ratings
2025-10-11 09:04:33,https://apps.apple.com/us/app/push-health-telehealth-app/id950510633,N/A,4.6,19.7K Ratings
2025-10-11 09:04:34,https://apps.apple.com/us/app/plushcare-online-doctor/id955183607,#192 in Medical,4.9,135.4K Ratings
2025-10-11 09:04:34,https://apps.apple.com/us/app/one-medical/id393507802,#53 in Medical,4.9,48.4K Ratings
2025-10-12 09:04:37,https://apps.apple.com/us/app/hims-telehealth-for-men/id1455690574,#16 in Medical,4.8,72.7K Ratings
2025-10-12 09:04:37,https://apps.apple.com/us/app/hers-womens-healthcare/id1623878709,#29 in Medical,4.6,8K Ratings
2025-10-12 09:04:37,https://apps.apple.com/us/app/ro/id1585858911,#27 in Medical,4.7,5.5K Ratings
2025-10-12 09:04:38,https://apps.apple.com/us/app/push-health-telehealth-app/id950510633,N/A,4.6,19.7K Ratings
2025-10-12 09:04:38,https://apps.apple.com/us/app/plushcare-online-doctor/id955183607,#160 in Medical,4.9,135.4K Ratings
2025-10-12 09:04:38,https://apps.apple.com/us/app/one-medical/id393507802,#47 in Medical,4.9,48.4K Ratings
2025-10-13 09:06:31,https://apps.apple.com/us/app/hims-telehealth-for-men/id1455690574,#16 in Medical,4.8,72.7K Ratings
2025-10-13 09:06:31,https://apps.apple.com/us/app/hers-womens-healthcare/id1623878709,#21 in Medical,4.6,8K Ratings
2025-10-13 09:06:32,https://apps.apple.com/us/app/ro/id1585858911,#23 in Medical,4.7,5.5K Ratings
2025-10-13 09:06:32,https://apps.apple.com/us/app/push-health-telehealth-app/id950510633,N/A,4.6,19.7K Ratings
2025-10-13 09:06:32,https://apps.apple.com/us/app/plushcare-online-doctor/id955183607,#170 in Medical,4.9,135.4K Ratings
2025-10-13 09:06:32,https://apps.apple.com/us/app/one-medical/id393507802,#45 in Medical,4.9,48.4K Ratings
2025-10-14 09:05:26,https://apps.apple.com/us/app/hims-telehealth-for-men/id1455690574,#23 in Medical,4.8,72.8K Ratings
2025-10-14 09:05:26,https://apps.apple.com/us/app/hers-womens-healthcare/id1623878709,#29 in Medical,4.6,8K Ratings
2025-10-14 09:05:27,https://apps.apple.com/us/app/ro/id1585858911,#28 in Medical,4.7,5.5K Ratings
2025-10-14 09:05:27,https://apps.apple.com/us/app/push-health-telehealth-app/id950510633,N/A,4.6,19.7K Ratings
2025-10-14 09:05:27,https://apps.apple.com/us/app/plushcare-online-doctor/id955183607,#199 in Medical,4.9,135.4K Ratings
2025-10-14 09:05:28,https://apps.apple.com/us/app/one-medical/id393507802,#47 in Medical,4.9,48.4K Ratings
2025-10-15 09:05:38,https://apps.apple.com/us/app/hims-telehealth-for-men/id1455690574,#23 in Medical,4.8,72.8K Ratings
2025-10-15 09:05:39,https://apps.apple.com/us/app/hers-womens-healthcare/id1623878709,#31 in Medical,4.6,8K Ratings
2025-10-15 09:05:39,https://apps.apple.com/us/app/ro/id1585858911,#32 in Medical,4.7,5.5K Ratings
2025-10-15 09:05:40,https://apps.apple.com/us/app/push-health-telehealth-app/id950510633,N/A,4.6,19.7K Ratings
2025-10-15 09:05:40,https://apps.apple.com/us/app/plushcare-online-doctor/id955183607,N/A,4.9,135.4K Ratings
2025-10-15 09:05:40,https://apps.apple.com/us/app/one-medical/id393507802,#45 in Medical,4.9,48.4K Ratings
2025-10-16 09:05:25,https://apps.apple.com/us/app/hims-telehealth-for-men/id1455690574,#27 in Medical,4.8,73K Ratings
2025-10-16 09:05:25,https://apps.apple.com/us/app/hers-womens-healthcare/id1623878709,#33 in Medical,4.6,8K Ratings
2025-10-16 09:05:25,https://apps.apple.com/us/app/ro/id1585858911,#31 in Medical,4.7,5.5K Ratings
2025-10-16 09:05:26,https://apps.apple.com/us/app/push-health-telehealth-app/id950510633,N/A,4.6,19.7K Ratings
2025-10-16 09:05:26,https://apps.apple.com/us/app/plushcare-online-doctor/id955183607,N/A,4.9,135.5K Ratings
2025-10-16 09:05:26,https://apps.apple.com/us/app/one-medical/id393507802,#48 in Medical,4.9,48.4K Ratings
2025-10-17 09:05:22,https://apps.apple.com/us/app/hims-telehealth-for-men/id1455690574,#28 in Medical,4.8,73.1K Ratings
2025-10-17 09:05:22,https://apps.apple.com/us/app/hers-womens-healthcare/id1623878709,#35 in Medical,4.6,8K Ratings
2025-10-17 09:05:23,https://apps.apple.com/us/app/ro/id1585858911,#32 in Medical,4.7,5.5K Ratings
2025-10-17 09:05:23,https://apps.apple.com/us/app/push-health-telehealth-app/id950510633,N/A,4.6,19.8K Ratings
2025-10-17 09:05:23,https://apps.apple.com/us/app/plushcare-online-doctor/id955183607,N/A,4.9,135.5K Ratings
2025-10-17 09:05:24,https://apps.apple.com/us/app/one-medical/id393507802,#46 in Medical,4.9,48.5K Ratings
2025-10-18 09:04:45,https://apps.apple.com/us/app/hims-telehealth-for-men/id1455690574,#26 in Medical,4.8,73.1K Ratings
2025-10-18 09:04:45,https://apps.apple.com/us/app/hers-womens-healthcare/id1623878709,#31 in Medical,4.6,8.1K Ratings
2025-10-18 09:04:46,https://apps.apple.com/us/app/ro/id1585858911,#30 in Medical,4.7,5.5K Ratings
2025-10-18 09:04:46,https://apps.apple.com/us/app/push-health-telehealth-app/id950510633,N/A,4.6,19.8K Ratings
2025-10-18 09:04:47,https://apps.apple.com/us/app/plushcare-online-doctor/id955183607,#195 in Medical,4.9,135.5K Ratings
2025-10-18 09:04:47,https://apps.apple.com/us/app/one-medical/id393507802,#47 in Medical,4.9,48.5K Ratings
2025-10-19 09:04:33,https://apps.apple.com/us/app/hims-telehealth-for-men/id1455690574,#16 in Medical,4.8,73.1K Ratings
2025-10-19 09:04:34,https://apps.apple.com/us/app/hers-womens-healthcare/id1623878709,#22 in Medical,4.6,8.1K Ratings
2025-10-19 09:04:34,https://apps.apple.com/us/app/ro/id1585858911,#23 in Medical,4.7,5.5K Ratings
2025-10-19 09:04:34,https://apps.apple.com/us/app/push-health-telehealth-app/id950510633,N/A,4.6,19.8K Ratings
2025-10-19 09:04:34,https://apps.apple.com/us/app/plushcare-online-doctor/id955183607,#177 in Medical,4.9,135.5K Ratings
2025-10-19 09:04:34,https://apps.apple.com/us/app/one-medical/id393507802,#45 in Medical,4.9,48.5K Ratings
2025-10-20 09:06:15,https://apps.apple.com/us/app/hims-telehealth-for-men/id1455690574,#15 in Medical,4.8,73.2K Ratings
2025-10-20 09:06:16,https://apps.apple.com/us/app/hers-womens-healthcare/id1623878709,#16 in Medical,4.6,8.1K Ratings
2025-10-20 09:06:16,https://apps.apple.com/us/app/ro/id1585858911,#23 in Medical,4.7,5.5K Ratings
2025-10-20 09:06:17,https://apps.apple.com/us/app/push-health-telehealth-app/id950510633,N/A,4.6,19.8K Ratings
2025-10-20 09:06:17,https://apps.apple.com/us/app/plushcare-online-doctor/id955183607,#176 in Medical,4.9,135.6K Ratings
2025-10-20 09:06:17,https://apps.apple.com/us/app/one-medical/id393507802,#38 in Medical,4.9,48.5K Ratings
2025-10-21 09:05:30,https://apps.apple.com/us/app/hims-telehealth-for-men/id1455690574,#21 in Medical,4.8,73.3K Ratings
2025-10-21 09:05:30,https://apps.apple.com/us/app/hers-womens-healthcare/id1623878709,#26 in Medical,4.6,8.1K Ratings
2025-10-21 09:05:30,https://apps.apple.com/us/app/ro/id1585858911,#28 in Medical,4.7,5.5K Ratings
2025-10-21 09:05:31,https://apps.apple.com/us/app/push-health-telehealth-app/id950510633,N/A,4.6,19.8K Ratings
2025-10-21 09:05:31,https://apps.apple.com/us/app/plushcare-online-doctor/id955183607,#182 in Medical,4.9,135.6K Ratings
2025-10-21 09:05:31,https://apps.apple.com/us/app/one-medical/id393507802,#54 in Medical,4.9,48.5K Ratings
2025-10-22 09:06:37,https://apps.apple.com/us/app/hims-telehealth-for-men/id1455690574,#25 in Medical,4.8,73.3K Ratings
2025-10-22 09:06:38,https://apps.apple.com/us/app/hers-womens-healthcare/id1623878709,#30 in Medical,4.6,8.1K Ratings
2025-10-22 09:06:38,https://apps.apple.com/us/app/ro/id1585858911,#33 in Medical,4.7,5.5K Ratings
2025-10-22 09:06:39,https://apps.apple.com/us/app/push-health-telehealth-app/id950510633,N/A,4.6,19.8K Ratings
2025-10-22 09:06:39,https://apps.apple.com/us/app/plushcare-online-doctor/id955183607,N/A,4.9,135.6K Ratings
2025-10-22 09:06:39,https://apps.apple.com/us/app/one-medical/id393507802,#44 in Medical,4.9,48.5K Ratings
2025-10-23 09:05:42,https://apps.apple.com/us/app/hims-telehealth-for-men/id1455690574,#24 in Medical,4.8,73.4K Ratings
2025-10-23 09:05:43,https://apps.apple.com/us/app/hers-womens-healthcare/id1623878709,#30 in Medical,4.6,8.1K Ratings
2025-10-23 09:05:43,https://apps.apple.com/us/app/ro/id1585858911,#32 in Medical,4.7,5.5K Ratings
2025-10-23 09:05:44,https://apps.apple.com/us/app/push-health-telehealth-app/id950510633,N/A,4.6,19.8K Ratings
2025-10-23 09:05:44,https://apps.apple.com/us/app/plushcare-online-doctor/id955183607,N/A,4.9,135.6K Ratings
2025-10-23 09:05:45,https://apps.apple.com/us/app/one-medical/id393507802,#50 in Medical,4.9,48.5K Ratings
2025-10-24 09:05:43,https://apps.apple.com/us/app/hims-telehealth-for-men/id1455690574,#26 in Medical,4.8,73.5K Ratings
2025-10-24 09:05:43,https://apps.apple.com/us/app/hers-womens-healthcare/id1623878709,#31 in Medical,4.6,8.1K Ratings
2025-10-24 09:05:44,https://apps.apple.com/us/app/ro/id1585858911,#33 in Medical,4.7,5.5K Ratings
2025-10-24 09:05:44,https://apps.apple.com/us/app/push-health-telehealth-app/id950510633,N/A,4.6,19.8K Ratings
2025-10-24 09:05:44,https://apps.apple.com/us/app/plushcare-online-doctor/id955183607,N/A,4.9,135.7K Ratings
2025-10-24 09:05:45,https://apps.apple.com/us/app/one-medical/id393507802,#49 in Medical,4.9,48.5K Ratings
2025-10-25 09:04:43,https://apps.apple.com/us/app/hims-telehealth-for-men/id1455690574,#24 in Medical,4.8,73.5K Ratings
2025-10-25 09:04:43,https://apps.apple.com/us/app/hers-womens-healthcare/id1623878709,#28 in Medical,4.6,8.1K Ratings
2025-10-25 09:04:44,https://apps.apple.com/us/app/ro/id1585858911,#30 in Medical,4.7,5.5K Ratings
2025-10-25 09:04:44,https://apps.apple.com/us/app/push-health-telehealth-app/id950510633,N/A,4.6,19.8K Ratings
2025-10-25 09:04:44,https://apps.apple.com/us/app/plushcare-online-doctor/id955183607,N/A,4.9,135.7K Ratings
2025-10-25 09:04:45,https://apps.apple.com/us/app/one-medical/id393507802,#47 in Medical,4.9,48.6K Ratings
2025-10-26 09:04:38,https://apps.apple.com/us/app/hims-telehealth-for-men/id1455690574,#16 in Medical,4.8,73.6K Ratings
2025-10-26 09:04:39,https://apps.apple.com/us/app/hers-womens-healthcare/id1623878709,#18 in Medical,4.6,8.2K Ratings
2025-10-26 09:04:39,https://apps.apple.com/us/app/ro/id1585858911,#23 in Medical,4.7,5.5K Ratings
2025-10-26 09:04:39,https://apps.apple.com/us/app/push-health-telehealth-app/id950510633,N/A,4.6,19.8K Ratings
2025-10-26 09:04:39,https://apps.apple.com/us/app/plushcare-online-doctor/id955183607,#173 in Medical,4.9,135.7K Ratings
2025-10-26 09:04:40,https://apps.apple.com/us/app/one-medical/id393507802,#51 in Medical,4.9,48.6K Ratings
2025-10-27 09:07:02,https://apps.apple.com/us/app/hims-telehealth-for-men/id1455690574,#15 in Medical,4.8,73.6K Ratings
2025-10-27 09:07:02,https://apps.apple.com/us/app/hers-womens-healthcare/id1623878709,#18 in Medical,4.6,8.2K Ratings
2025-10-27 09:07:03,https://apps.apple.com/us/app/ro/id1585858911,#23 in Medical,4.7,5.5K Ratings
2025-10-27 09:07:03,https://apps.apple.com/us/app/push-health-telehealth-app/id950510633,N/A,4.6,19.8K Ratings
2025-10-27 09:07:04,https://apps.apple.com/us/app/plushcare-online-doctor/id955183607,#199 in Medical,4.9,135.7K Ratings
2025-10-27 09:07:04,https://apps.apple.com/us/app/one-medical/id393507802,#48 in Medical,4.9,48.6K Ratings
2025-10-28 09:05:21,https://apps.apple.com/us/app/hims-telehealth-for-men/id1455690574,#22 in Medical,4.8,73.7K Ratings
2025-10-28 09:05:21,https://apps.apple.com/us/app/hers-womens-healthcare/id1623878709,#28 in Medical,4.6,8.2K Ratings
2025-10-28 09:05:22,https://apps.apple.com/us/app/ro/id1585858911,#30 in Medical,4.7,5.5K Ratings
2025-10-28 09:05:22,https://apps.apple.com/us/app/push-health-telehealth-app/id950510633,N/A,4.6,19.8K Ratings
2025-10-28 09:05:22,https://apps.apple.com/us/app/plushcare-online-doctor/id955183607,N/A,4.9,135.7K Ratings
2025-10-28 09:05:23,https://apps.apple.com/us/app/one-medical/id393507802,#50 in Medical,4.9,48.6K Ratings
2025-10-29 09:05:30,https://apps.apple.com/us/app/hims-telehealth-for-men/id1455690574,#24 in Medical,4.8,73.8K Ratings
2025-10-29 09:05:30,https://apps.apple.com/us/app/hers-womens-healthcare/id1623878709,#33 in Medical,4.6,8.2K Ratings
2025-10-29 09:05:31,https://apps.apple.com/us/app/ro/id1585858911,#29 in Medical,4.7,5.5K Ratings
2025-10-29 09:05:31,https://apps.apple.com/us/app/push-health-telehealth-app/id950510633,N/A,4.6,19.8K Ratings
2025-10-29 09:05:31,https://apps.apple.com/us/app/plushcare-online-doctor/id955183607,N/A,4.9,135.8K Ratings
2025-10-29 09:05:31,https://apps.apple.com/us/app/one-medical/id393507802,#53 in Medical,4.9,48.6K Ratings
2025-10-30 09:05:14,https://apps.apple.com/us/app/hims-telehealth-for-men/id1455690574,#27 in Medical,4.8,73.9K Ratings
2025-10-30 09:05:14,https://apps.apple.com/us/app/hers-womens-healthcare/id1623878709,#34 in Medical,4.6,8.2K Ratings
2025-10-30 09:05:15,https://apps.apple.com/us/app/ro/id1585858911,#30 in Medical,4.7,5.5K Ratings
2025-10-30 09:05:15,https://apps.apple.com/us/app/push-health-telehealth-app/id950510633,N/A,4.6,19.8K Ratings
2025-10-30 09:05:15,https://apps.apple.com/us/app/plushcare-online-doctor/id955183607,#179 in Medical,4.9,135.8K Ratings
2025-10-30 09:05:15,https://apps.apple.com/us/app/one-medical/id393507802,#56 in Medical,4.9,48.7K Ratings
2025-10-31 09:05:42,https://apps.apple.com/us/app/hims-telehealth-for-men/id1455690574,#26 in Medical,4.8,73.9K Ratings
2025-10-31 09:05:43,https://apps.apple.com/us/app/hers-womens-healthcare/id1623878709,#32 in Medical,4.6,8.2K Ratings
2025-10-31 09:05:43,https://apps.apple.com/us/app/ro/id1585858911,#30 in Medical,4.7,5.5K Ratings
2025-10-31 09:05:43,https://apps.apple.com/us/app/push-health-telehealth-app/id950510633,N/A,4.6,19.8K Ratings
2025-10-31 09:05:44,https://apps.apple.com/us/app/plushcare-online-doctor/id955183607,#185 in Medical,4.9,135.8K Ratings
2025-10-31 09:05:44,https://apps.apple.com/us/app/one-medical/id393507802,#59 in Medical,4.9,48.7K Ratings
2025-11-01 09:04:45,https://apps.apple.com/us/app/hims-telehealth-for-men/id1455690574,#24 in Medical,4.8,74K Ratings
2025-11-01 09:04:46,https://apps.apple.com/us/app/hers-womens-healthcare/id1623878709,#27 in Medical,4.6,8.2K Ratings
2025-11-01 09:04:46,https://apps.apple.com/us/app/ro/id1585858911,#31 in Medical,4.7,5.5K Ratings
2025-11-01 09:04:46,https://apps.apple.com/us/app/push-health-telehealth-app/id950510633,N/A,4.6,19.9K Ratings
2025-11-01 09:04:47,https://apps.apple.com/us/app/plushcare-online-doctor/id955183607,#167 in Medical,4.9,135.9K Ratings
2025-11-01 09:04:47,https://apps.apple.com/us/app/one-medical/id393507802,#54 in Medical,4.9,48.7K Ratings
2025-11-02 09:04:39,https://apps.apple.com/us/app/hims-telehealth-for-men/id1455690574,#16 in Medical,4.8,74K Ratings
2025-11-02 09:04:40,https://apps.apple.com/us/app/hers-womens-healthcare/id1623878709,#18 in Medical,4.6,8.2K Ratings
2025-11-02 09:04:40,https://apps.apple.com/us/app/ro/id1585858911,#21 in Medical,4.7,5.5K Ratings
2025-11-02 09:04:41,https://apps.apple.com/us/app/push-health-telehealth-app/id950510633,N/A,4.6,19.9K Ratings
2025-11-02 09:04:41,https://apps.apple.com/us/app/plushcare-online-doctor/id955183607,#158 in Medical,4.9,135.9K Ratings
2025-11-02 09:04:42,https://apps.apple.com/us/app/one-medical/id393507802,#50 in Medical,4.9,48.7K Ratings
2025-11-03 09:06:46,https://apps.apple.com/us/app/hims-telehealth-for-men/id1455690574,#15 in Medical,4.8,74K Ratings
2025-11-03 09:06:47,https://apps.apple.com/us/app/hers-womens-healthcare/id1623878709,#16 in Medical,4.6,8.2K Ratings
2025-11-03 09:06:48,https://apps.apple.com/us/app/ro/id1585858911,#19 in Medical,4.7,5.5K Ratings
2025-11-03 09:06:48,https://apps.apple.com/us/app/push-health-telehealth-app/id950510633,N/A,4.6,19.9K Ratings
2025-11-03 09:06:49,https://apps.apple.com/us/app/plushcare-online-doctor/id955183607,#157 in Medical,4.9,135.9K Ratings
2025-11-03 09:06:49,https://apps.apple.com/us/app/one-medical/id393507802,#44 in Medical,4.9,48.7K Ratings
2025-11-20 14:16:34,https://apps.apple.com/us/app/hims-telehealth-for-men/id1455690574,N/A,4.8,75188
2025-11-20 14:16:35,https://apps.apple.com/us/app/hers-womens-healthcare/id1623878709,N/A,4.6,8481
2025-11-20 14:16:35,https://apps.apple.com/us/app/ro/id1585858911,N/A,4.7,5548
2025-11-20 14:16:35,https://apps.apple.com/us/app/push-health-telehealth-app/id950510633,N/A,4.6,19986
2025-11-20 14:16:36,https://apps.apple.com/us/app/plushcare-online-doctor/id955183607,N/A,4.9,136446
2025-11-20 14:16:36,https://apps.apple.com/us/app/one-medical/id393507802,N/A,4.9,49079
2025-11-21 09:05:57,https://apps.apple.com/us/app/hims-telehealth-for-men/id1455690574,N/A,4.8,75249
2025-11-21 09:05:57,https://apps.apple.com/us/app/hers-womens-healthcare/id1623878709,N/A,4.6,8488
2025-11-21 09:05:58,https://apps.apple.com/us/app/ro/id1585858911,N/A,4.7,5548
2025-11-21 09:05:58,https://apps.apple.com/us/app/push-health-telehealth-app/id950510633,N/A,4.6,19997
2025-11-21 09:05:58,https://apps.apple.com/us/app/plushcare-online-doctor/id955183607,N/A,4.9,136475
2025-11-21 09:05:59,https://apps.apple.com/us/app/one-medical/id393507802,N/A,4.9,49090
2025-11-22 09:04:47,https://apps.apple.com/us/app/hims-telehealth-for-men/id1455690574,N/A,4.8,75307
2025-11-22 09:04:47,https://apps.apple.com/us/app/hers-womens-healthcare/id1623878709,N/A,4.6,8503
2025-11-22 09:04:48,https://apps.apple.com/us/app/ro/id1585858911,N/A,4.7,5549
2025-11-22 09:04:48,https://apps.apple.com/us/app/push-health-telehealth-app/id950510633,N/A,4.6,20000
2025-11-22 09:04:49,https://apps.apple.com/us/app/plushcare-online-doctor/id955183607,N/A,4.9,136511
2025-11-22 09:04:49,https://apps.apple.com/us/app/one-medical/id393507802,N/A,4.9,49106
2025-11-23 09:04:50,https://apps.apple.com/us/app/hims-telehealth-for-men/id1455690574,N/A,4.8,75352
2025-11-23 09:04:51,https://apps.apple.com/us/app/hers-womens-healthcare/id1623878709,N/A,4.6,8512
2025-11-23 09:04:51,https://apps.apple.com/us/app/ro/id1585858911,N/A,4.7,5550
2025-11-23 09:04:51,https://apps.apple.com/us/app/push-health-telehealth-app/id950510633,N/A,4.6,20005
2025-11-23 09:04:51,https://apps.apple.com/us/app/plushcare-online-doctor/id955183607,N/A,4.9,136531
2025-11-23 09:04:52,https://apps.apple.com/us/app/one-medical/id393507802,N/A,4.9,49123
2025-11-24 09:07:03,https://apps.apple.com/us/app/hims-telehealth-for-men/id1455690574,N/A,4.8,75434
2025-11-24 09:07:03,https://apps.apple.com/us/app/hers-womens-healthcare/id1623878709,N/A,4.6,8532
2025-11-24 09:07:04,https://apps.apple.com/us/app/ro/id1585858911,N/A,4.7,5550
2025-11-24 09:07:04,https://apps.apple.com/us/app/push-health-telehealth-app/id950510633,N/A,4.6,20014
2025-11-24 09:07:05,https://apps.apple.com/us/app/plushcare-online-doctor/id955183607,N/A,4.9,136572
2025-11-24 09:07:05,https://apps.apple.com/us/app/one-medical/id393507802,N/A,4.9,49152
2025-11-25 09:06:37,https://apps.apple.com/us/app/hims-telehealth-for-men/id1455690574,N/A,4.8,75440
2025-11-25 09:06:37,https://apps.apple.com/us/app/hers-womens-healthcare/id1623878709,N/A,4.6,8532
2025-11-25 09:06:37,https://apps.apple.com/us/app/ro/id1585858911,N/A,4.7,5551
2025-11-25 09:06:38,https://apps.apple.com/us/app/push-health-telehealth-app/id950510633,N/A,4.6,20015
2025-11-25 09:06:38,https://apps.apple.com/us/app/plushcare-online-doctor/id955183607,N/A,4.9,136577
2025-11-25 09:06:38,https://apps.apple.com/us/app/one-medical/id393507802,N/A,4.9,49153
2025-11-26 09:06:12,https://apps.apple.com/us/app/hims-telehealth-for-men/id1455690574,N/A,4.8,75553
2025-11-26 09:06:12,https://apps.apple.com/us/app/hers-womens-healthcare/id1623878709,N/A,4.6,8553
2025-11-26 09:06:12,https://apps.apple.com/us/app/ro/id1585858911,N/A,4.7,5552
2025-11-26 09:06:13,https://apps.apple.com/us/app/push-health-telehealth-app/id950510633,N/A,4.6,20023
2025-11-26 09:06:13,https://apps.apple.com/us/app/plushcare-online-doctor/id955183607,N/A,4.9,136642
2025-11-26 09:06:13,https://apps.apple.com/us/app/one-medical/id393507802,N/A,4.9,49180
2025-11-27 09:05:43,https://apps.apple.com/us/app/hims-telehealth-for-men/id1455690574,N/A,4.8,75601
2025-11-27 09:05:44,https://apps.apple.com/us/app/hers-womens-healthcare/id1623878709,N/A,4.6,8567
2025-11-27 09:05:44,https://apps.apple.com/us/app/ro/id1585858911,N/A,4.7,5555
2025-11-27 09:05:44,https://apps.apple.com/us/app/push-health-telehealth-app/id950510633,N/A,4.6,20025
2025-11-27 09:05:45,https://apps.apple.com/us/app/plushcare-online-doctor/id955183607,N/A,4.9,136675
2025-11-27 09:05:45,https://apps.apple.com/us/app/one-medical/id393507802,N/A,4.9,49206
2025-11-28 09:05:55,https://apps.apple.com/us/app/hims-telehealth-for-men/id1455690574,N/A,4.8,75658
2025-11-28 09:05:56,https://apps.apple.com/us/app/hers-womens-healthcare/id1623878709,N/A,4.6,8580
2025-11-28 09:05:57,https://apps.apple.com/us/app/ro/id1585858911,N/A,4.7,5557
2025-11-28 09:05:57,https://apps.apple.com/us/app/push-health-telehealth-app/id950510633,N/A,4.6,20031
2025-11-28 09:05:57,https://apps.apple.com/us/app/plushcare-online-doctor/id955183607,N/A,4.9,136692
2025-11-28 09:05:58,https://apps.apple.com/us/app/one-medical/id393507802,N/A,4.9,49225
2025-11-29 09:04:59,https://apps.apple.com/us/app/hims-telehealth-for-men/id1455690574,N/A,4.8,75667
2025-11-29 09:04:59,https://apps.apple.com/us/app/hers-womens-healthcare/id1623878709,N/A,4.6,8581
2025-11-29 09:05:00,https://apps.apple.com/us/app/ro/id1585858911,N/A,4.7,5557
2025-11-29 09:05:00,https://apps.apple.com/us/app/push-health-telehealth-app/id950510633,N/A,4.6,20031
2025-11-29 09:05:00,https://apps.apple.com/us/app/plushcare-online-doctor/id955183607,N/A,4.9,136696
2025-11-29 09:05:01,https://apps.apple.com/us/app/one-medical/id393507802,N/A,4.9,49230
2025-11-30 09:04:40,https://apps.apple.com/us/app/hims-telehealth-for-men/id1455690574,N/A,4.8,75771
2025-11-30 09:04:41,https://apps.apple.com/us/app/hers-womens-healthcare/id1623878709,N/A,4.6,8598
2025-11-30 09:04:41,https://apps.apple.com/us/app/ro/id1585858911,N/A,4.7,5557
2025-11-30 09:04:41,https://apps.apple.com/us/app/push-health-telehealth-app/id950510633,N/A,4.6,20041
2025-11-30 09:04:42,https://apps.apple.com/us/app/plushcare-online-doctor/id955183607,N/A,4.9,136744
2025-11-30 09:04:42,https://apps.apple.com/us/app/one-medical/id393507802,N/A,4.9,49270
2025-12-01 09:08:25,https://apps.apple.com/us/app/hims-telehealth-for-men/id1455690574,N/A,4.8,75771
2025-12-01 09:08:26,https://apps.apple.com/us/app/hers-womens-healthcare/id1623878709,N/A,4.6,8598
2025-12-01 09:08:26,https://apps.apple.com/us/app/ro/id1585858911,N/A,4.7,5557
2025-12-01 09:08:26,https://apps.apple.com/us/app/push-health-telehealth-app/id950510633,N/A,4.6,20041
2025-12-01 09:08:27,https://apps.apple.com/us/app/plushcare-online-doctor/id955183607,N/A,4.9,136744
2025-12-01 09:08:27,https://apps.apple.com/us/app/one-medical/id393507802,N/A,4.9,49270
2025-12-02 09:08:00,https://apps.apple.com/us/app/hims-telehealth-for-men/id1455690574,N/A,4.8,75873
2025-12-02 09:08:00,https://apps.apple.com/us/app/hers-womens-healthcare/id1623878709,N/A,4.6,8621
2025-12-02 09:08:01,https://apps.apple.com/us/app/ro/id1585858911,N/A,4.7,5557
2025-12-02 09:08:01,https://apps.apple.com/us/app/push-health-telehealth-app/id950510633,N/A,4.6,20054
2025-12-02 09:08:01,https://apps.apple.com/us/app/plushcare-online-doctor/id955183607,N/A,4.9,136799
2025-12-02 09:08:02,https://apps.apple.com/us/app/one-medical/id393507802,N/A,4.9,49297
2025-12-03 09:07:41,https://apps.apple.com/us/app/hims-telehealth-for-men/id1455690574,N/A,4.8,75934
2025-12-03 09:07:42,https://apps.apple.com/us/app/hers-womens-healthcare/id1623878709,N/A,4.6,8633
2025-12-03 09:07:42,https://apps.apple.com/us/app/ro/id1585858911,N/A,4.7,5557
2025-12-03 09:07:42,https://apps.apple.com/us/app/push-health-telehealth-app/id950510633,N/A,4.6,20063
2025-12-03 09:07:42,https://apps.apple.com/us/app/plushcare-online-doctor/id955183607,N/A,4.9,136838
2025-12-03 09:07:43,https://apps.apple.com/us/app/one-medical/id393507802,N/A,4.9,49323
2025-12-04 09:07:20,https://apps.apple.com/us/app/hims-telehealth-for-men/id1455690574,N/A,4.8,75992
2025-12-04 09:07:20,https://apps.apple.com/us/app/hers-womens-healthcare/id1623878709,N/A,4.6,8644
2025-12-04 09:07:21,https://apps.apple.com/us/app/ro/id1585858911,N/A,4.7,5559
2025-12-04 09:07:21,https://apps.apple.com/us/app/push-health-telehealth-app/id950510633,N/A,4.6,20066
2025-12-04 09:07:22,https://apps.apple.com/us/app/plushcare-online-doctor/id955183607,N/A,4.9,136869
2025-12-04 09:07:22,https://apps.apple.com/us/app/one-medical/id393507802,N/A,4.9,49343
2025-12-05 09:06:22,https://apps.apple.com/us/app/hims-telehealth-for-men/id1455690574,N/A,4.8,76073
2025-12-05 09:06:23,https://apps.apple.com/us/app/hers-womens-healthcare/id1623878709,N/A,4.6,8660
2025-12-05 09:06:23,https://apps.apple.com/us/app/ro/id1585858911,N/A,4.7,5558
2025-12-05 09:06:24,https://apps.apple.com/us/app/push-health-telehealth-app/id950510633,N/A,4.6,20081
2025-12-05 09:06:24,https://apps.apple.com/us/app/plushcare-online-doctor/id955183607,N/A,4.9,136902
2025-12-05 09:06:25,https://apps.apple.com/us/app/one-medical/id393507802,N/A,4.9,49366
2025-12-06 09:04:47,https://apps.apple.com/us/app/hims-telehealth-for-men/id1455690574,N/A,4.8,76073
2025-12-06 09:04:47,https://apps.apple.com/us/app/hers-womens-healthcare/id1623878709,N/A,4.6,8660
2025-12-06 09:04:48,https://apps.apple.com/us/app/ro/id1585858911,N/A,4.7,5558
2025-12-06 09:04:48,https://apps.apple.com/us/app/push-health-telehealth-app/id950510633,N/A,4.6,20081
2025-12-06 09:04:48,https://apps.apple.com/us/app/plushcare-online-doctor/id955183607,N/A,4.9,136902
2025-12-06 09:04:49,https://apps.apple.com/us/app/one-medical/id393507802,N/A,4.9,49366
2025-12-07 09:04:43,https://apps.apple.com/us/app/hims-telehealth-for-men/id1455690574,N/A,4.8,76203
2025-12-07 09:04:44,https://apps.apple.com/us/app/hers-womens-healthcare/id1623878709,N/A,4.6,8682
2025-12-07 09:04:44,https://apps.apple.com/us/app/ro/id1585858911,N/A,4.7,5557
2025-12-07 09:04:44,https://apps.apple.com/us/app/push-health-telehealth-app/id950510633,N/A,4.6,20100
2025-12-07 09:04:44,https://apps.apple.com/us/app/plushcare-online-doctor/id955183607,N/A,4.9,136974
2025-12-07 09:04:45,https://apps.apple.com/us/app/one-medical/id393507802,N/A,4.9,49418
2025-12-08 09:08:41,https://apps.apple.com/us/app/hims-telehealth-for-men/id1455690574,N/A,4.8,76277
2025-12-08 09:08:41,https://apps.apple.com/us/app/hers-womens-healthcare/id1623878709,N/A,4.6,8707
2025-12-08 09:08:42,https://apps.apple.com/us/app/ro/id1585858911,N/A,4.7,5556
2025-12-08 09:08:42,https://apps.apple.com/us/app/push-health-telehealth-app/id950510633,N/A,4.6,20112
2025-12-08 09:08:42,https://apps.apple.com/us/app/plushcare-online-doctor/id955183607,N/A,4.9,136994
2025-12-08 09:08:42,https://apps.apple.com/us/app/one-medical/id393507802,N/A,4.9,49439
2025-12-09 09:07:08,https://apps.apple.com/us/app/hims-telehealth-for-men/id1455690574,N/A,4.8,76277
2025-12-09 09:07:08,https://apps.apple.com/us/app/hers-womens-healthcare/id1623878709,N/A,4.6,8707
2025-12-09 09:07:09,https://apps.apple.com/us/app/ro/id1585858911,N/A,4.7,5556
2025-12-09 09:07:09,https://apps.apple.com/us/app/push-health-telehealth-app/id950510633,N/A,4.6,20112
2025-12-09 09:07:09,https://apps.apple.com/us/app/plushcare-online-doctor/id955183607,N/A,4.9,136994
2025-12-09 09:07:10,https://apps.apple.com/us/app/one-medical/id393507802,N/A,4.9,49439
2025-12-10 09:07:08,https://apps.apple.com/us/app/hims-telehealth-for-men/id1455690574,N/A,4.8,76399
2025-12-10 09:07:08,https://apps.apple.com/us/app/hers-womens-healthcare/id1623878709,N/A,4.6,8738
2025-12-10 09:07:09,https://apps.apple.com/us/app/ro/id1585858911,N/A,4.7,5560
2025-12-10 09:07:09,https://apps.apple.com/us/app/push-health-telehealth-app/id950510633,N/A,4.6,20130
2025-12-10 09:07:09,https://apps.apple.com/us/app/plushcare-online-doctor/id955183607,N/A,4.9,137052
2025-12-10 09:07:10,https://apps.apple.com/us/app/one-medical/id393507802,N/A,4.9,49489
2025-12-11 09:07:44,https://apps.apple.com/us/app/hims-telehealth-for-men/id1455690574,N/A,4.8,76473
2025-12-11 09:07:44,https://apps.apple.com/us/app/hers-womens-healthcare/id1623878709,N/A,4.6,8749
2025-12-11 09:07:44,https://apps.apple.com/us/app/ro/id1585858911,N/A,4.7,5563
2025-12-11 09:07:44,https://apps.apple.com/us/app/push-health-telehealth-app/id950510633,N/A,4.6,20137
2025-12-11 09:07:45,https://apps.apple.com/us/app/plushcare-online-doctor/id955183607,N/A,4.9,137094
2025-12-11 09:07:45,https://apps.apple.com/us/app/one-medical/id393507802,N/A,4.9,49516
2025-12-12 09:07:26,https://apps.apple.com/us/app/hims-telehealth-for-men/id1455690574,N/A,4.8,76473
2025-12-12 09:07:26,https://apps.apple.com/us/app/hers-womens-healthcare/id1623878709,N/A,4.6,8749
2025-12-12 09:07:27,https://apps.apple.com/us/app/ro/id1585858911,N/A,4.7,5563
2025-12-12 09:07:27,https://apps.apple.com/us/app/push-health-telehealth-app/id950510633,N/A,4.6,20137
2025-12-12 09:07:27,https://apps.apple.com/us/app/plushcare-online-doctor/id955183607,N/A,4.9,137094
2025-12-12 09:07:27,https://apps.apple.com/us/app/one-medical/id393507802,N/A,4.9,49516
2025-12-13 09:04:50,https://apps.apple.com/us/app/hims-telehealth-for-men/id1455690574,N/A,4.8,76604
2025-12-13 09:04:51,https://apps.apple.com/us/app/hers-womens-healthcare/id1623878709,N/A,4.6,8768
2025-12-13 09:04:51,https://apps.apple.com/us/app/ro/id1585858911,N/A,4.7,5565
2025-12-13 09:04:51,https://apps.apple.com/us/app/push-health-telehealth-app/id950510633,N/A,4.6,20142
2025-12-13 09:04:52,https://apps.apple.com/us/app/plushcare-online-doctor/id955183607,N/A,4.9,137172
2025-12-13 09:04:52,https://apps.apple.com/us/app/one-medical/id393507802,N/A,4.9,49559
2025-12-14 09:05:01,https://apps.apple.com/us/app/hims-telehealth-for-men/id1455690574,N/A,4.8,76669
2025-12-14 09:05:01,https://apps.apple.com/us/app/hers-womens-healthcare/id1623878709,N/A,4.6,8780
2025-12-14 09:05:01,https://apps.apple.com/us/app/ro/id1585858911,N/A,4.7,5565
2025-12-14 09:05:02,https://apps.apple.com/us/app/push-health-telehealth-app/id950510633,N/A,4.6,20152
2025-12-14 09:05:02,https://apps.apple.com/us/app/plushcare-online-doctor/id955183607,N/A,4.9,137190
2025-12-14 09:05:02,https://apps.apple.com/us/app/one-medical/id393507802,N/A,4.9,49583
2025-12-15 09:10:19,https://apps.apple.com/us/app/hims-telehealth-for-men/id1455690574,N/A,4.8,76720
2025-12-15 09:10:19,https://apps.apple.com/us/app/hers-womens-healthcare/id1623878709,N/A,4.6,8790
2025-12-15 09:10:20,https://apps.apple.com/us/app/ro/id1585858911,N/A,4.7,5565
2025-12-15 09:10:20,https://apps.apple.com/us/app/push-health-telehealth-app/id950510633,N/A,4.6,20157
2025-12-15 09:10:20,https://apps.apple.com/us/app/plushcare-online-doctor/id955183607,N/A,4.9,137216
2025-12-15 09:10:21,https://apps.apple.com/us/app/one-medical/id393507802,N/A,4.9,49611
2025-12-16 09:08:00,https://apps.apple.com/us/app/hims-telehealth-for-men/id1455690574,N/A,4.8,76780
2025-12-16 09:08:00,https://apps.apple.com/us/app/hers-womens-healthcare/id1623878709,N/A,4.6,8808
2025-12-16 09:08:00,https://apps.apple.com/us/app/ro/id1585858911,N/A,4.7,5567
2025-12-16 09:08:01,https://apps.apple.com/us/app/push-health-telehealth-app/id950510633,N/A,4.6,20165
2025-12-16 09:08:01,https://apps.apple.com/us/app/plushcare-online-doctor/id955183607,N/A,4.9,137236
2025-12-16 09:08:01,https://apps.apple.com/us/app/one-medical/id393507802,N/A,4.9,49629
2025-12-17 09:08:22,https://apps.apple.com/us/app/hims-telehealth-for-men/id1455690574,N/A,4.8,76814
2025-12-17 09:08:22,https://apps.apple.com/us/app/hers-womens-healthcare/id1623878709,N/A,4.6,8809
2025-12-17 09:08:22,https://apps.apple.com/us/app/ro/id1585858911,N/A,4.7,5568
2025-12-17 09:08:22,https://apps.apple.com/us/app/push-health-telehealth-app/id950510633,N/A,4.6,20167
2025-12-17 09:08:23,https://apps.apple.com/us/app/plushcare-online-doctor/id955183607,N/A,4.9,137244
2025-12-17 09:08:23,https://apps.apple.com/us/app/one-medical/id393507802,N/A,4.9,49636
2025-12-18 09:08:25,https://apps.apple.com/us/app/hims-telehealth-for-men/id1455690574,N/A,4.8,76922
2025-12-18 09:08:25,https://apps.apple.com/us/app/hers-womens-healthcare/id1623878709,N/A,4.6,8835
2025-12-18 09:08:25,https://apps.apple.com/us/app/ro/id1585858911,N/A,4.7,5568
2025-12-18 09:08:26,https://apps.apple.com/us/app/push-health-telehealth-app/id950510633,N/A,4.6,20171
2025-12-18 09:08:26,https://apps.apple.com/us/app/plushcare-online-doctor/id955183607,N/A,4.9,137316
2025-12-18 09:08:26,https://apps.apple.com/us/app/one-medical/id393507802,N/A,4.9,49675
2025-12-19 09:07:13,https://apps.apple.com/us/app/hims-telehealth-for-men/id1455690574,N/A,4.8,76931
2025-12-19 09:07:13,https://apps.apple.com/us/app/hers-womens-healthcare/id1623878709,N/A,4.6,8838
2025-12-19 09:07:14,https://apps.apple.com/us/app/ro/id1585858911,N/A,4.7,5568
2025-12-19 09:07:14,https://apps.apple.com/us/app/push-health-telehealth-app/id950510633,N/A,4.6,20170
2025-12-19 09:07:14,https://apps.apple.com/us/app/plushcare-online-doctor/id955183607,N/A,4.9,137317
2025-12-19 09:07:14,https://apps.apple.com/us/app/one-medical/id393507802,N/A,4.9,49680
2025-12-20 09:04:58,https://apps.apple.com/us/app/hims-telehealth-for-men/id1455690574,N/A,4.8,76931
2025-12-20 09:04:58,https://apps.apple.com/us/app/hers-womens-healthcare/id1623878709,N/A,4.6,8838
2025-12-20 09:04:59,https://apps.apple.com/us/app/ro/id1585858911,N/A,4.7,5568
2025-12-20 09:04:59,https://apps.apple.com/us/app/push-health-telehealth-app/id950510633,N/A,4.6,20170
2025-12-20 09:05:00,https://apps.apple.com/us/app/plushcare-online-doctor/id955183607,N/A,4.9,137317
2025-12-20 09:05:00,https://apps.apple.com/us/app/one-medical/id393507802,N/A,4.9,49680
2025-12-21 09:05:01,https://apps.apple.com/us/app/hims-telehealth-for-men/id1455690574,N/A,4.8,76931
2025-12-21 09:05:01,https://apps.apple.com/us/app/hers-womens-healthcare/id1623878709,N/A,4.6,8838
2025-12-21 09:05:02,https://apps.apple.com/us/app/ro/id1585858911,N/A,4.7,5568
2025-12-21 09:05:02,https://apps.apple.com/us/app/push-health-telehealth-app/id950510633,N/A,4.6,20170
2025-12-21 09:05:03,https://apps.apple.com/us/app/plushcare-online-doctor/id955183607,N/A,4.9,137317
2025-12-21 09:05:03,https://apps.apple.com/us/app/one-medical/id393507802,N/A,4.9,49680
2025-12-22 09:08:58,https://apps.apple.com/us/app/hims-telehealth-for-men/id1455690574,N/A,4.8,77145
2025-12-22 09:08:59,https://apps.apple.com/us/app/hers-womens-healthcare/id1623878709,N/A,4.6,8890
2025-12-22 09:08:59,https://apps.apple.com/us/app/ro/id1585858911,N/A,4.7,5572
2025-12-22 09:08:59,https://apps.apple.com/us/app/push-health-telehealth-app/id950510633,N/A,4.6,20201
2025-12-22 09:09:00,https://apps.apple.com/us/app/plushcare-online-doctor/id955183607,N/A,4.9,137433
2025-12-22 09:09:00,https://apps.apple.com/us/app/one-medical/id393507802,N/A,4.9,49777
2025-12-23 09:07:49,https://apps.apple.com/us/app/hims-telehealth-for-men/id1455690574,N/A,4.8,77204
2025-12-23 09:07:49,https://apps.apple.com/us/app/hers-womens-healthcare/id1623878709,N/A,4.6,8897
2025-12-23 09:07:50,https://apps.apple.com/us/app/ro/id1585858911,N/A,4.7,5573
2025-12-23 09:07:50,https://apps.apple.com/us/app/push-health-telehealth-app/id950510633,N/A,4.6,20207
2025-12-23 09:07:50,https://apps.apple.com/us/app/plushcare-online-doctor/id955183607,N/A,4.9,137455
2025-12-23 09:07:50,https://apps.apple.com/us/app/one-medical/id393507802,N/A,4.9,49800
2025-12-24 09:07:35,https://apps.apple.com/us/app/hims-telehealth-for-men/id1455690574,N/A,4.8,77234
2025-12-24 09:07:35,https://apps.apple.com/us/app/hers-womens-healthcare/id1623878709,N/A,4.6,8899
2025-12-24 09:07:36,https://apps.apple.com/us/app/ro/id1585858911,N/A,4.7,5573
2025-12-24 09:07:36,https://apps.apple.com/us/app/push-health-telehealth-app/id950510633,N/A,4.6,20211
2025-12-24 09:07:36,https://apps.apple.com/us/app/plushcare-online-doctor/id955183607,N/A,4.9,137457
2025-12-24 09:07:37,https://apps.apple.com/us/app/one-medical/id393507802,N/A,4.9,49808
2025-12-25 09:06:43,https://apps.apple.com/us/app/hims-telehealth-for-men/id1455690574,N/A,4.8,77319
2025-12-25 09:06:44,https://apps.apple.com/us/app/hers-womens-healthcare/id1623878709,N/A,4.6,8919
2025-12-25 09:06:44,https://apps.apple.com/us/app/ro/id1585858911,N/A,4.7,5573
2025-12-25 09:06:45,https://apps.apple.com/us/app/push-health-telehealth-app/id950510633,N/A,4.6,20221
2025-12-25 09:06:45,https://apps.apple.com/us/app/plushcare-online-doctor/id955183607,N/A,4.9,137552
2025-12-25 09:06:45,https://apps.apple.com/us/app/one-medical/id393507802,N/A,4.9,49840
2025-12-26 09:06:16,https://apps.apple.com/us/app/hims-telehealth-for-men/id1455690574,N/A,4.8,77363
2025-12-26 09:06:16,https://apps.apple.com/us/app/hers-womens-healthcare/id1623878709,N/A,4.6,8930
2025-12-26 09:06:16,https://apps.apple.com/us/app/ro/id1585858911,N/A,4.7,5573
2025-12-26 09:06:16,https://apps.apple.com/us/app/push-health-telehealth-app/id950510633,N/A,4.6,20231
2025-12-26 09:06:17,https://apps.apple.com/us/app/plushcare-online-doctor/id955183607,N/A,4.9,137569
2025-12-26 09:06:17,https://apps.apple.com/us/app/one-medical/id393507802,N/A,4.9,49852
2025-12-27 09:05:11,https://apps.apple.com/us/app/hims-telehealth-for-men/id1455690574,N/A,4.8,77406
2025-12-27 09:05:11,https://apps.apple.com/us/app/hers-womens-healthcare/id1623878709,N/A,4.6,8939
2025-12-27 09:05:12,https://apps.apple.com/us/app/ro/id1585858911,N/A,4.7,5574
2025-12-27 09:05:12,https://apps.apple.com/us/app/push-health-telehealth-app/id950510633,N/A,4.6,20235
2025-12-27 09:05:12,https://apps.apple.com/us/app/plushcare-online-doctor/id955183607,N/A,4.9,137588
2025-12-27 09:05:12,https://apps.apple.com/us/app/one-medical/id393507802,N/A,4.9,49868
2025-12-28 09:05:27,https://apps.apple.com/us/app/hims-telehealth-for-men/id1455690574,N/A,4.8,77454
2025-12-28 09:05:27,https://apps.apple.com/us/app/hers-womens-healthcare/id1623878709,N/A,4.6,8953
2025-12-28 09:05:27,https://apps.apple.com/us/app/ro/id1585858911,N/A,4.7,5574
2025-12-28 09:05:28,https://apps.apple.com/us/app/push-health-telehealth-app/id950510633,N/A,4.6,20246
2025-12-28 09:05:28,https://apps.apple.com/us/app/plushcare-online-doctor/id955183607,N/A,4.9,137615
2025-12-28 09:05:28,https://apps.apple.com/us/app/one-medical/id393507802,N/A,4.9,49895
2025-12-29 09:09:33,https://apps.apple.com/us/app/hims-telehealth-for-men/id1455690574,N/A,4.8,77520
2025-12-29 09:09:34,https://apps.apple.com/us/app/hers-womens-healthcare/id1623878709,N/A,4.6,8965
2025-12-29 09:09:34,https://apps.apple.com/us/app/ro/id1585858911,N/A,4.7,5576
2025-12-29 09:09:34,https://apps.apple.com/us/app/push-health-telehealth-app/id950510633,N/A,4.6,20257
2025-12-29 09:09:35,https://apps.apple.com/us/app/plushcare-online-doctor/id955183607,N/A,4.9,137649
2025-12-29 09:09:35,https://apps.apple.com/us/app/one-medical/id393507802,N/A,4.9,49919
2025-12-30 09:07:57,https://apps.apple.com/us/app/hims-telehealth-for-men/id1455690574,N/A,4.8,77565
2025-12-30 09:07:57,https://apps.apple.com/us/app/hers-womens-healthcare/id1623878709,N/A,4.6,8974
2025-12-30 09:07:58,https://apps.apple.com/us/app/ro/id1585858911,N/A,4.7,5577
2025-12-30 09:07:58,https://apps.apple.com/us/app/push-health-telehealth-app/id950510633,N/A,4.6,20264
2025-12-30 09:07:58,https://apps.apple.com/us/app/plushcare-online-doctor/id955183607,N/A,4.9,137672
2025-12-30 09:07:58,https://apps.apple.com/us/app/one-medical/id393507802,N/A,4.9,49939
2025-12-31 09:07:30,https://apps.apple.com/us/app/hims-telehealth-for-men/id1455690574,N/A,4.8,77642
2025-12-31 09:07:31,https://apps.apple.com/us/app/hers-womens-healthcare/id1623878709,N/A,4.6,8991
2025-12-31 09:07:31,https://apps.apple.com/us/app/ro/id1585858911,N/A,4.7,5577
2025-12-31 09:07:31,https://apps.apple.com/us/app/push-health-telehealth-app/id950510633,N/A,4.6,20270
2025-12-31 09:07:32,https://apps.apple.com/us/app/plushcare-online-doctor/id955183607,N/A,4.9,137706
2025-12-31 09:07:32,https://apps.apple.com/us/app/one-medical/id393507802,N/A,4.9,49955
2026-01-01 09:07:27,https://apps.apple.com/us/app/hims-telehealth-for-men/id1455690574,N/A,4.8,77663
2026-01-01 09:07:28,https://apps.apple.com/us/app/hers-womens-healthcare/id1623878709,N/A,4.6,8996
2026-01-01 09:07:28,https://apps.apple.com/us/app/ro/id1585858911,N/A,4.7,5577
2026-01-01 09:07:29,https://apps.apple.com/us/app/push-health-telehealth-app/id950510633,N/A,4.6,20271
2026-01-01 09:07:29,https://apps.apple.com/us/app/plushcare-online-doctor/id955183607,N/A,4.9,137711
2026-01-01 09:07:29,https://apps.apple.com/us/app/one-medical/id393507802,N/A,4.9,49963
2026-01-02 09:07:12,https://apps.apple.com/us/app/hims-telehealth-for-men/id1455690574,N/A,4.8,77767
2026-01-02 09:07:12,https://apps.apple.com/us/app/hers-womens-healthcare/id1623878709,N/A,4.6,9019
2026-01-02 09:07:12,https://apps.apple.com/us/app/ro/id1585858911,N/A,4.7,5577
2026-01-02 09:07:13,https://apps.apple.com/us/app/push-health-telehealth-app/id950510633,N/A,4.6,20287
2026-01-02 09:07:13,https://apps.apple.com/us/app/plushcare-online-doctor/id955183607,N/A,4.9,137791
2026-01-02 09:07:13,https://apps.apple.com/us/app/one-medical/id393507802,N/A,4.9,50000
2026-01-03 09:05:03,https://apps.apple.com/us/app/hims-telehealth-for-men/id1455690574,N/A,4.8,77780
2026-01-03 09:05:04,https://apps.apple.com/us/app/hers-womens-healthcare/id1623878709,N/A,4.6,9022
2026-01-03 09:05:04,https://apps.apple.com/us/app/ro/id1585858911,N/A,4.7,5578
2026-01-03 09:05:05,https://apps.apple.com/us/app/push-health-telehealth-app/id950510633,N/A,4.6,20290
2026-01-03 09:05:05,https://apps.apple.com/us/app/plushcare-online-doctor/id955183607,N/A,4.9,137792
2026-01-03 09:05:05,https://apps.apple.com/us/app/one-medical/id393507802,N/A,4.9,50010
2026-01-04 09:05:08,https://apps.apple.com/us/app/hims-telehealth-for-men/id1455690574,N/A,4.8,77896
2026-01-04 09:05:09,https://apps.apple.com/us/app/hers-womens-healthcare/id1623878709,N/A,4.6,9050
2026-01-04 09:05:09,https://apps.apple.com/us/app/ro/id1585858911,N/A,4.7,5579
2026-01-04 09:05:09,https://apps.apple.com/us/app/push-health-telehealth-app/id950510633,N/A,4.6,20307
2026-01-04 09:05:09,https://apps.apple.com/us/app/plushcare-online-doctor/id955183607,N/A,4.9,137856
2026-01-04 09:05:10,https://apps.apple.com/us/app/one-medical/id393507802,N/A,4.9,50069
2026-01-05 09:10:17,https://apps.apple.com/us/app/hims-telehealth-for-men/id1455690574,N/A,4.8,77962
2026-01-05 09:10:18,https://apps.apple.com/us/app/hers-womens-healthcare/id1623878709,N/A,4.6,9063
2026-01-05 09:10:18,https://apps.apple.com/us/app/ro/id1585858911,N/A,4.7,5580
2026-01-05 09:10:19,https://apps.apple.com/us/app/push-health-telehealth-app/id950510633,N/A,4.6,20315
2026-01-05 09:10:19,https://apps.apple.com/us/app/plushcare-online-doctor/id955183607,N/A,4.9,137884
2026-01-05 09:10:19,https://apps.apple.com/us/app/one-medical/id393507802,N/A,4.9,50096
2026-01-06 09:08:16,https://apps.apple.com/us/app/hims-telehealth-for-men/id1455690574,N/A,4.8,78001
2026-01-06 09:08:16,https://apps.apple.com/us/app/hers-womens-healthcare/id1623878709,N/A,4.6,9071
2026-01-06 09:08:17,https://apps.apple.com/us/app/ro/id1585858911,N/A,4.7,5580
2026-01-06 09:08:17,https://apps.apple.com/us/app/push-health-telehealth-app/id950510633,N/A,4.6,20318
2026-01-06 09:08:18,https://apps.apple.com/us/app/plushcare-online-doctor/id955183607,N/A,4.9,137921
2026-01-06 09:08:18,https://apps.apple.com/us/app/one-medical/id393507802,N/A,4.9,50108
2026-01-07 09:09:09,https://apps.apple.com/us/app/hims-telehealth-for-men/id1455690574,N/A,4.8,78076
2026-01-07 09:09:10,https://apps.apple.com/us/app/hers-womens-healthcare/id1623878709,N/A,4.6,9095
2026-01-07 09:09:10,https://apps.apple.com/us/app/ro/id1585858911,N/A,4.7,5582
2026-01-07 09:09:11,https://apps.apple.com/us/app/push-health-telehealth-app/id950510633,N/A,4.6,20326
2026-01-07 09:09:11,https://apps.apple.com/us/app/plushcare-online-doctor/id955183607,N/A,4.9,137957
2026-01-07 09:09:11,https://apps.apple.com/us/app/one-medical/id393507802,N/A,4.9,50133
2026-01-08 09:08:51,https://apps.apple.com/us/app/hims-telehealth-for-men/id1455690574,N/A,4.8,78161
2026-01-08 09:08:51,https://apps.apple.com/us/app/hers-womens-healthcare/id1623878709,N/A,4.6,9107
2026-01-08 09:08:52,https://apps.apple.com/us/app/ro/id1585858911,N/A,4.7,5583
2026-01-08 09:08:52,https://apps.apple.com/us/app/push-health-telehealth-app/id950510633,N/A,4.6,20338
2026-01-08 09:08:52,https://apps.apple.com/us/app/plushcare-online-doctor/id955183607,N/A,4.9,137987
2026-01-08 09:08:52,https://apps.apple.com/us/app/one-medical/id393507802,N/A,4.9,50161
2026-01-09 09:08:40,https://apps.apple.com/us/app/hims-telehealth-for-men/id1455690574,N/A,4.8,78225
2026-01-09 09:08:41,https://apps.apple.com/us/app/hers-womens-healthcare/id1623878709,N/A,4.6,9128
2026-01-09 09:08:41,https://apps.apple.com/us/app/ro/id1585858911,N/A,4.7,5583
2026-01-09 09:08:42,https://apps.apple.com/us/app/push-health-telehealth-app/id950510633,N/A,4.6,20343
2026-01-09 09:08:42,https://apps.apple.com/us/app/plushcare-online-doctor/id955183607,N/A,4.9,138008
2026-01-09 09:08:42,https://apps.apple.com/us/app/one-medical/id393507802,N/A,4.9,50193
2026-01-10 09:05:12,https://apps.apple.com/us/app/hims-telehealth-for-men/id1455690574,N/A,4.8,78231
2026-01-10 09:05:13,https://apps.apple.com/us/app/hers-womens-healthcare/id1623878709,N/A,4.6,9133
2026-01-10 09:05:13,https://apps.apple.com/us/app/ro/id1585858911,N/A,4.7,5583
2026-01-10 09:05:14,https://apps.apple.com/us/app/push-health-telehealth-app/id950510633,N/A,4.6,20345
2026-01-10 09:05:14,https://apps.apple.com/us/app/plushcare-online-doctor/id955183607,N/A,4.9,138015
2026-01-10 09:05:14,https://apps.apple.com/us/app/one-medical/id393507802,N/A,4.9,50200
2026-01-11 09:05:18,https://apps.apple.com/us/app/hims-telehealth-for-men/id1455690574,N/A,4.8,78354
2026-01-11 09:05:19,https://apps.apple.com/us/app/hers-womens-healthcare/id1623878709,N/A,4.6,9160
2026-01-11 09:05:19,https://apps.apple.com/us/app/ro/id1585858911,N/A,4.7,5586
2026-01-11 09:05:19,https://apps.apple.com/us/app/push-health-telehealth-app/id950510633,N/A,4.6,20355
2026-01-11 09:05:20,https://apps.apple.com/us/app/plushcare-online-doctor/id955183607,N/A,4.9,138054
2026-01-11 09:05:20,https://apps.apple.com/us/app/one-medical/id393507802,N/A,4.9,50245
2026-01-12 09:10:37,https://apps.apple.com/us/app/hims-telehealth-for-men/id1455690574,N/A,4.8,78451
2026-01-12 09:10:37,https://apps.apple.com/us/app/hers-womens-healthcare/id1623878709,N/A,4.6,9176
2026-01-12 09:10:37,https://apps.apple.com/us/app/ro/id1585858911,N/A,4.7,5589
2026-01-12 09:10:38,https://apps.apple.com/us/app/push-health-telehealth-app/id950510633,N/A,4.6,20367
2026-01-12 09:10:38,https://apps.apple.com/us/app/plushcare-online-doctor/id955183607,N/A,4.9,138086
2026-01-12 09:10:38,https://apps.apple.com/us/app/one-medical/id393507802,N/A,4.9,50280
2026-01-13 09:08:37,https://apps.apple.com/us/app/hims-telehealth-for-men/id1455690574,N/A,4.8,78473
2026-01-13 09:08:37,https://apps.apple.com/us/app/hers-womens-healthcare/id1623878709,N/A,4.6,9184
2026-01-13 09:08:38,https://apps.apple.com/us/app/ro/id1585858911,N/A,4.7,5589
2026-01-13 09:08:38,https://apps.apple.com/us/app/push-health-telehealth-app/id950510633,N/A,4.6,20370
2026-01-13 09:08:38,https://apps.apple.com/us/app/plushcare-online-doctor/id955183607,N/A,4.9,138097
2026-01-13 09:08:39,https://apps.apple.com/us/app/one-medical/id393507802,N/A,4.9,50283
2026-01-14 09:09:02,https://apps.apple.com/us/app/hims-telehealth-for-men/id1455690574,N/A,4.8,78591
2026-01-14 09:09:03,https://apps.apple.com/us/app/hers-womens-healthcare/id1623878709,N/A,4.6,9219
2026-01-14 09:09:03,https://apps.apple.com/us/app/ro/id1585858911,N/A,4.7,5592
2026-01-14 09:09:04,https://apps.apple.com/us/app/push-health-telehealth-app/id950510633,N/A,4.6,20376
2026-01-14 09:09:04,https://apps.apple.com/us/app/plushcare-online-doctor/id955183607,N/A,4.9,138148
2026-01-14 09:09:05,https://apps.apple.com/us/app/one-medical/id393507802,N/A,4.9,50310
2026-01-15 09:08:21,https://apps.apple.com/us/app/hims-telehealth-for-men/id1455690574,N/A,4.8,78613
2026-01-15 09:08:21,https://apps.apple.com/us/app/hers-womens-healthcare/id1623878709,N/A,4.6,9226
2026-01-15 09:08:22,https://apps.apple.com/us/app/ro/id1585858911,N/A,4.7,5592
2026-01-15 09:08:22,https://apps.apple.com/us/app/push-health-telehealth-app/id950510633,N/A,4.6,20379
2026-01-15 09:08:22,https://apps.apple.com/us/app/plushcare-online-doctor/id955183607,N/A,4.9,138159
2026-01-15 09:08:23,https://apps.apple.com/us/app/one-medical/id393507802,N/A,4.9,50321
2026-01-16 09:08:02,https://apps.apple.com/us/app/hims-telehealth-for-men/id1455690574,N/A,4.8,78613
2026-01-16 09:08:02,https://apps.apple.com/us/app/hers-womens-healthcare/id1623878709,N/A,4.6,9226
2026-01-16 09:08:02,https://apps.apple.com/us/app/ro/id1585858911,N/A,4.7,5592
2026-01-16 09:08:02,https://apps.apple.com/us/app/push-health-telehealth-app/id950510633,N/A,4.6,20379
2026-01-16 09:08:03,https://apps.apple.com/us/app/plushcare-online-doctor/id955183607,N/A,4.9,138159
2026-01-16 09:08:03,https://apps.apple.com/us/app/one-medical/id393507802,N/A,4.9,50321
2026-01-17 09:05:35,https://apps.apple.com/us/app/hims-telehealth-for-men/id1455690574,N/A,4.8,78772
2026-01-17 09:05:36,https://apps.apple.com/us/app/hers-womens-healthcare/id1623878709,N/A,4.6,9257
2026-01-17 09:05:36,https://apps.apple.com/us/app/ro/id1585858911,N/A,4.7,5597
2026-01-17 09:05:36,https://apps.apple.com/us/app/push-health-telehealth-app/id950510633,N/A,4.6,20402
2026-01-17 09:05:37,https://apps.apple.com/us/app/plushcare-online-doctor/id955183607,N/A,4.9,138244
2026-01-17 09:05:37,https://apps.apple.com/us/app/one-medical/id393507802,N/A,4.9,50373
2026-01-18 09:05:56,https://apps.apple.com/us/app/hims-telehealth-for-men/id1455690574,N/A,4.8,78801
2026-01-18 09:05:56,https://apps.apple.com/us/app/hers-womens-healthcare/id1623878709,N/A,4.6,9260
2026-01-18 09:05:56,https://apps.apple.com/us/app/ro/id1585858911,N/A,4.7,5598
2026-01-18 09:05:56,https://apps.apple.com/us/app/push-health-telehealth-app/id950510633,N/A,4.6,20406
2026-01-18 09:05:57,https://apps.apple.com/us/app/plushcare-online-doctor/id955183607,N/A,4.9,138242
2026-01-18 09:05:57,https://apps.apple.com/us/app/one-medical/id393507802,N/A,4.9,50384
2026-01-19 09:11:40,https://apps.apple.com/us/app/hims-telehealth-for-men/id1455690574,N/A,4.8,78942
2026-01-19 09:11:40,https://apps.apple.com/us/app/hers-womens-healthcare/id1623878709,N/A,4.6,9290
2026-01-19 09:11:40,https://apps.apple.com/us/app/ro/id1585858911,N/A,4.7,5597
2026-01-19 09:11:41,https://apps.apple.com/us/app/push-health-telehealth-app/id950510633,N/A,4.6,20414
2026-01-19 09:11:41,https://apps.apple.com/us/app/plushcare-online-doctor/id955183607,N/A,4.9,138307
2026-01-19 09:11:41,https://apps.apple.com/us/app/one-medical/id393507802,N/A,4.9,50422
2026-01-20 09:11:26,https://apps.apple.com/us/app/hims-telehealth-for-men/id1455690574,N/A,4.8,78979
2026-01-20 09:11:27,https://apps.apple.com/us/app/hers-womens-healthcare/id1623878709,N/A,4.6,9294
2026-01-20 09:11:27,https://apps.apple.com/us/app/ro/id1585858911,N/A,4.7,5596
2026-01-20 09:11:28,https://apps.apple.com/us/app/push-health-telehealth-app/id950510633,N/A,4.6,20420
2026-01-20 09:11:28,https://apps.apple.com/us/app/plushcare-online-doctor/id955183607,N/A,4.9,138316
2026-01-20 09:11:28,https://apps.apple.com/us/app/one-medical/id393507802,N/A,4.9,50434
2026-01-21 09:09:46,https://apps.apple.com/us/app/hims-telehealth-for-men/id1455690574,N/A,4.8,79017
2026-01-21 09:09:47,https://apps.apple.com/us/app/hers-womens-healthcare/id1623878709,N/A,4.6,9301
2026-01-21 09:09:47,https://apps.apple.com/us/app/ro/id1585858911,N/A,4.7,5596
2026-01-21 09:09:47,https://apps.apple.com/us/app/push-health-telehealth-app/id950510633,N/A,4.6,20423
2026-01-21 09:09:48,https://apps.apple.com/us/app/plushcare-online-doctor/id955183607,N/A,4.9,138326
2026-01-21 09:09:48,https://apps.apple.com/us/app/one-medical/id393507802,N/A,4.9,50443
2026-01-22 09:10:50,https://apps.apple.com/us/app/hims-telehealth-for-men/id1455690574,N/A,4.8,79092
2026-01-22 09:10:51,https://apps.apple.com/us/app/hers-womens-healthcare/id1623878709,N/A,4.6,9320
2026-01-22 09:10:51,https://apps.apple.com/us/app/ro/id1585858911,N/A,4.7,5597
2026-01-22 09:10:51,https://apps.apple.com/us/app/push-health-telehealth-app/id950510633,N/A,4.6,20433
2026-01-22 09:10:52,https://apps.apple.com/us/app/plushcare-online-doctor/id955183607,N/A,4.9,138378
2026-01-22 09:10:52,https://apps.apple.com/us/app/one-medical/id393507802,N/A,4.9,50475
2026-01-23 09:09:23,https://apps.apple.com/us/app/hims-telehealth-for-men/id1455690574,N/A,4.8,79194
2026-01-23 09:09:24,https://apps.apple.com/us/app/hers-womens-healthcare/id1623878709,N/A,4.6,9346
2026-01-23 09:09:24,https://apps.apple.com/us/app/ro/id1585858911,N/A,4.7,5597
2026-01-23 09:09:24,https://apps.apple.com/us/app/push-health-telehealth-app/id950510633,N/A,4.6,20447
2026-01-23 09:09:25,https://apps.apple.com/us/app/plushcare-online-doctor/id955183607,N/A,4.9,138453
2026-01-23 09:09:25,https://apps.apple.com/us/app/one-medical/id393507802,N/A,4.9,50506
2026-01-24 09:05:18,https://apps.apple.com/us/app/hims-telehealth-for-men/id1455690574,N/A,4.8,79213
2026-01-24 09:05:18,https://apps.apple.com/us/app/hers-womens-healthcare/id1623878709,N/A,4.6,9350
2026-01-24 09:05:19,https://apps.apple.com/us/app/ro/id1585858911,N/A,4.7,5596
2026-01-24 09:05:19,https://apps.apple.com/us/app/push-health-telehealth-app/id950510633,N/A,4.6,20448
2026-01-24 09:05:20,https://apps.apple.com/us/app/plushcare-online-doctor/id955183607,N/A,4.9,138453
2026-01-24 09:05:20,https://apps.apple.com/us/app/one-medical/id393507802,N/A,4.9,50516
2026-01-25 09:05:41,https://apps.apple.com/us/app/hims-telehealth-for-men/id1455690574,N/A,4.8,79361
2026-01-25 09:05:41,https://apps.apple.com/us/app/hers-womens-healthcare/id1623878709,N/A,4.6,9384
2026-01-25 09:05:41,https://apps.apple.com/us/app/ro/id1585858911,N/A,4.7,5596
2026-01-25 09:05:41,https://apps.apple.com/us/app/push-health-telehealth-app/id950510633,N/A,4.6,20457
2026-01-25 09:05:42,https://apps.apple.com/us/app/plushcare-online-doctor/id955183607,N/A,4.9,138526
2026-01-25 09:05:42,https://apps.apple.com/us/app/one-medical/id393507802,N/A,4.9,50573
2026-01-26 09:11:48,https://apps.apple.com/us/app/hims-telehealth-for-men/id1455690574,N/A,4.8,79361
2026-01-26 09:11:49,https://apps.apple.com/us/app/hers-womens-healthcare/id1623878709,N/A,4.6,9384
2026-01-26 09:11:49,https://apps.apple.com/us/app/ro/id1585858911,N/A,4.7,5596
2026-01-26 09:11:50,https://apps.apple.com/us/app/push-health-telehealth-app/id950510633,N/A,4.6,20457
2026-01-26 09:11:50,https://apps.apple.com/us/app/plushcare-online-doctor/id955183607,N/A,4.9,138526
2026-01-26 09:11:50,https://apps.apple.com/us/app/one-medical/id393507802,N/A,4.9,50573
2026-01-27 09:10:40,https://apps.apple.com/us/app/hims-telehealth-for-men/id1455690574,N/A,4.8,79478
2026-01-27 09:10:41,https://apps.apple.com/us/app/hers-womens-healthcare/id1623878709,N/A,4.6,9418
2026-01-27 09:10:41,https://apps.apple.com/us/app/ro/id1585858911,N/A,4.7,5594
2026-01-27 09:10:42,https://apps.apple.com/us/app/push-health-telehealth-app/id950510633,N/A,4.6,20468
2026-01-27 09:10:42,https://apps.apple.com/us/app/plushcare-online-doctor/id955183607,N/A,4.9,138571
2026-01-27 09:10:43,https://apps.apple.com/us/app/one-medical/id393507802,N/A,4.9,50620
2026-01-28 09:11:52,https://apps.apple.com/us/app/hims-telehealth-for-men/id1455690574,N/A,4.8,79478
2026-01-28 09:11:53,https://apps.apple.com/us/app/hers-womens-healthcare/id1623878709,N/A,4.6,9418
2026-01-28 09:11:54,https://apps.apple.com/us/app/ro/id1585858911,N/A,4.7,5594
2026-01-28 09:11:54,https://apps.apple.com/us/app/push-health-telehealth-app/id950510633,N/A,4.6,20468
2026-01-28 09:11:54,https://apps.apple.com/us/app/plushcare-online-doctor/id955183607,N/A,4.9,138571
2026-01-28 09:11:55,https://apps.apple.com/us/app/one-medical/id393507802,N/A,4.9,50620
2026-01-29 09:15:52,https://apps.apple.com/us/app/hims-telehealth-for-men/id1455690574,N/A,4.8,79478
2026-01-29 09:15:52,https://apps.apple.com/us/app/hers-womens-healthcare/id1623878709,N/A,4.6,9418
2026-01-29 09:15:53,https://apps.apple.com/us/app/ro/id1585858911,N/A,4.7,5594
2026-01-29 09:15:53,https://apps.apple.com/us/app/push-health-telehealth-app/id950510633,N/A,4.6,20468
2026-01-29 09:15:53,https://apps.apple.com/us/app/plushcare-online-doctor/id955183607,N/A,4.9,138571
2026-01-29 09:15:54,https://apps.apple.com/us/app/one-medical/id393507802,N/A,4.9,50620
2026-01-30 09:14:01,https://apps.apple.com/us/app/hims-telehealth-for-men/id1455690574,N/A,4.8,79675
2026-01-30 09:14:01,https://apps.apple.com/us/app/hers-womens-healthcare/id1623878709,N/A,4.6,9462
2026-01-30 09:14:02,https://apps.apple.com/us/app/ro/id1585858911,N/A,4.7,5599
2026-01-30 09:14:02,https://apps.apple.com/us/app/push-health-telehealth-app/id950510633,N/A,4.6,20489
2026-01-30 09:14:02,https://apps.apple.com/us/app/plushcare-online-doctor/id955183607,N/A,4.9,138634
2026-01-30 09:14:02,https://apps.apple.com/us/app/one-medical/id393507802,N/A,4.9,50712
2026-01-31 09:08:21,https://apps.apple.com/us/app/hims-telehealth-for-men/id1455690574,N/A,4.8,79750
2026-01-31 09:08:22,https://apps.apple.com/us/app/hers-womens-healthcare/id1623878709,N/A,4.6,9477
2026-01-31 09:08:22,https://apps.apple.com/us/app/ro/id1585858911,N/A,4.7,5604
2026-01-31 09:08:22,https://apps.apple.com/us/app/push-health-telehealth-app/id950510633,N/A,4.6,20493
2026-01-31 09:08:22,https://apps.apple.com/us/app/plushcare-online-doctor/id955183607,N/A,4.9,138646
2026-01-31 09:08:23,https://apps.apple.com/us/app/one-medical/id393507802,N/A,4.9,50738
2026-02-01 09:09:28,https://apps.apple.com/us/app/hims-telehealth-for-men/id1455690574,N/A,4.8,79790
2026-02-01 09:09:28,https://apps.apple.com/us/app/hers-womens-healthcare/id1623878709,N/A,4.6,9488
2026-02-01 09:09:29,https://apps.apple.com/us/app/ro/id1585858911,N/A,4.7,5604
2026-02-01 09:09:30,https://apps.apple.com/us/app/push-health-telehealth-app/id950510633,N/A,4.6,20496
2026-02-01 09:09:30,https://apps.apple.com/us/app/plushcare-online-doctor/id955183607,N/A,4.9,138646
2026-02-01 09:09:31,https://apps.apple.com/us/app/one-medical/id393507802,N/A,4.9,50750
2026-02-02 09:19:22,https://apps.apple.com/us/app/hims-telehealth-for-men/id1455690574,N/A,4.8,79911
2026-02-02 09:19:22,https://apps.apple.com/us/app/hers-womens-healthcare/id1623878709,N/A,4.6,9510
2026-02-02 09:19:23,https://apps.apple.com/us/app/ro/id1585858911,N/A,4.7,5606
2026-02-02 09:19:23,https://apps.apple.com/us/app/push-health-telehealth-app/id950510633,N/A,4.6,20509
2026-02-02 09:19:23,https://apps.apple.com/us/app/plushcare-online-doctor/id955183607,N/A,4.9,138679
2026-02-02 09:19:24,https://apps.apple.com/us/app/one-medical/id393507802,N/A,4.9,50781
2026-02-03 09:14:46,https://apps.apple.com/us/app/hims-telehealth-for-men/id1455690574,N/A,4.8,79911
2026-02-03 09:14:46,https://apps.apple.com/us/app/hers-womens-healthcare/id1623878709,N/A,4.6,9510
2026-02-03 09:14:46,https://apps.apple.com/us/app/ro/id1585858911,N/A,4.7,5606
2026-02-03 09:14:46,https://apps.apple.com/us/app/push-health-telehealth-app/id950510633,N/A,4.6,20509
2026-02-03 09:14:47,https://apps.apple.com/us/app/plushcare-online-doctor/id955183607,N/A,4.9,138679
2026-02-03 09:14:47,https://apps.apple.com/us/app/one-medical/id393507802,N/A,4.9,50781
2026-02-04 09:16:56,https://apps.apple.com/us/app/hims-telehealth-for-men/id1455690574,N/A,4.8,80054
2026-02-04 09:16:56,https://apps.apple.com/us/app/hers-womens-healthcare/id1623878709,N/A,4.6,9538
2026-02-04 09:16:56,https://apps.apple.com/us/app/ro/id1585858911,N/A,4.7,5609
2026-02-04 09:16:57,https://apps.apple.com/us/app/push-health-telehealth-app/id950510633,N/A,4.6,20517
2026-02-04 09:16:57,https://apps.apple.com/us/app/plushcare-online-doctor/id955183607,N/A,4.9,138714
2026-02-04 09:16:58,https://apps.apple.com/us/app/one-medical/id393507802,N/A,4.9,50835
2026-02-05 09:18:13,https://apps.apple.com/us/app/hims-telehealth-for-men/id1455690574,N/A,4.8,80090
2026-02-05 09:18:14,https://apps.apple.com/us/app/hers-womens-healthcare/id1623878709,N/A,4.6,9545
2026-02-05 09:18:14,https://apps.apple.com/us/app/ro/id1585858911,N/A,4.7,5608
2026-02-05 09:18:15,https://apps.apple.com/us/app/push-health-telehealth-app/id950510633,N/A,4.6,20518
2026-02-05 09:18:15,https://apps.apple.com/us/app/plushcare-online-doctor/id955183607,N/A,4.9,138733
2026-02-05 09:18:15,https://apps.apple.com/us/app/one-medical/id393507802,N/A,4.9,50847
2026-02-06 09:17:37,https://apps.apple.com/us/app/hims-telehealth-for-men/id1455690574,N/A,4.8,80157
2026-02-06 09:17:37,https://apps.apple.com/us/app/hers-womens-healthcare/id1623878709,N/A,4.6,9558
2026-02-06 09:17:38,https://apps.apple.com/us/app/ro/id1585858911,N/A,4.7,5609
2026-02-06 09:17:38,https://apps.apple.com/us/app/push-health-telehealth-app/id950510633,N/A,4.6,20525
2026-02-06 09:17:39,https://apps.apple.com/us/app/plushcare-online-doctor/id955183607,N/A,4.9,138774
2026-02-06 09:17:39,https://apps.apple.com/us/app/one-medical/id393507802,N/A,4.9,50881
2026-02-07 09:09:02,https://apps.apple.com/us/app/hims-telehealth-for-men/id1455690574,N/A,4.8,80157
2026-02-07 09:09:02,https://apps.apple.com/us/app/hers-womens-healthcare/id1623878709,N/A,4.6,9558
2026-02-07 09:09:02,https://apps.apple.com/us/app/ro/id1585858911,N/A,4.7,5609
2026-02-07 09:09:03,https://apps.apple.com/us/app/push-health-telehealth-app/id950510633,N/A,4.6,20525
2026-02-07 09:09:03,https://apps.apple.com/us/app/plushcare-online-doctor/id955183607,N/A,4.9,138774
2026-02-07 09:09:03,https://apps.apple.com/us/app/one-medical/id393507802,N/A,4.9,50881
2026-02-08 09:09:28,https://apps.apple.com/us/app/hims-telehealth-for-men/id1455690574,N/A,4.8,80327
2026-02-08 09:09:28,https://apps.apple.com/us/app/hers-womens-healthcare/id1623878709,N/A,4.6,9610
2026-02-08 09:09:29,https://apps.apple.com/us/app/ro/id1585858911,N/A,4.7,5612
2026-02-08 09:09:29,https://apps.apple.com/us/app/push-health-telehealth-app/id950510633,N/A,4.6,20544
2026-02-08 09:09:29,https://apps.apple.com/us/app/plushcare-online-doctor/id955183607,N/A,4.9,138847
2026-02-08 09:09:30,https://apps.apple.com/us/app/one-medical/id393507802,N/A,4.9,50950
2026-02-09 09:23:42,https://apps.apple.com/us/app/hims-telehealth-for-men/id1455690574,N/A,4.8,80352
2026-02-09 09:23:42,https://apps.apple.com/us/app/hers-womens-healthcare/id1623878709,N/A,4.6,9616
2026-02-09 09:23:43,https://apps.apple.com/us/app/ro/id1585858911,N/A,4.7,5612
2026-02-09 09:23:43,https://apps.apple.com/us/app/push-health-telehealth-app/id950510633,N/A,4.6,20546
2026-02-09 09:23:44,https://apps.apple.com/us/app/plushcare-online-doctor/id955183607,N/A,4.9,138857
2026-02-09 09:23:44,https://apps.apple.com/us/app/one-medical/id393507802,N/A,4.9,50960
2026-02-10 09:22:30,https://apps.apple.com/us/app/hims-telehealth-for-men/id1455690574,N/A,4.8,80479
2026-02-10 09:22:31,https://apps.apple.com/us/app/hers-womens-healthcare/id1623878709,N/A,4.6,9645
2026-02-10 09:22:31,https://apps.apple.com/us/app/ro/id1585858911,N/A,4.7,5612
2026-02-10 09:22:31,https://apps.apple.com/us/app/push-health-telehealth-app/id950510633,N/A,4.6,20554
2026-02-10 09:22:32,https://apps.apple.com/us/app/plushcare-online-doctor/id955183607,N/A,4.9,138910
2026-02-10 09:22:32,https://apps.apple.com/us/app/one-medical/id393507802,N/A,4.9,50999
2026-02-11 09:20:21,https://apps.apple.com/us/app/hims-telehealth-for-men/id1455690574,N/A,4.8,80489
2026-02-11 09:20:21,https://apps.apple.com/us/app/hers-womens-healthcare/id1623878709,N/A,4.6,9648
2026-02-11 09:20:22,https://apps.apple.com/us/app/ro/id1585858911,N/A,4.7,5611
2026-02-11 09:20:22,https://apps.apple.com/us/app/push-health-telehealth-app/id950510633,N/A,4.6,20556
2026-02-11 09:20:22,https://apps.apple.com/us/app/plushcare-online-doctor/id955183607,N/A,4.9,138911
2026-02-11 09:20:23,https://apps.apple.com/us/app/one-medical/id393507802,N/A,4.9,51000
2026-02-12 09:19:14,https://apps.apple.com/us/app/hims-telehealth-for-men/id1455690574,N/A,4.8,80648
2026-02-12 09:19:14,https://apps.apple.com/us/app/hers-womens-healthcare/id1623878709,N/A,4.6,9679
2026-02-12 09:19:15,https://apps.apple.com/us/app/ro/id1585858911,N/A,4.7,5614
2026-02-12 09:19:15,https://apps.apple.com/us/app/push-health-telehealth-app/id950510633,N/A,4.6,20572
2026-02-12 09:19:15,https://apps.apple.com/us/app/plushcare-online-doctor/id955183607,N/A,4.9,139008
2026-02-12 09:19:16,https://apps.apple.com/us/app/one-medical/id393507802,N/A,4.9,51048
2026-02-13 09:17:54,https://apps.apple.com/us/app/hims-telehealth-for-men/id1455690574,N/A,4.8,80648
2026-02-13 09:17:54,https://apps.apple.com/us/app/hers-womens-healthcare/id1623878709,N/A,4.6,9679
2026-02-13 09:17:55,https://apps.apple.com/us/app/ro/id1585858911,N/A,4.7,5614
2026-02-13 09:17:55,https://apps.apple.com/us/app/push-health-telehealth-app/id950510633,N/A,4.6,20572
2026-02-13 09:17:55,https://apps.apple.com/us/app/plushcare-online-doctor/id955183607,N/A,4.9,139008
2026-02-13 09:17:56,https://apps.apple.com/us/app/one-medical/id393507802,N/A,4.9,51048
2026-02-14 09:09:24,https://apps.apple.com/us/app/hims-telehealth-for-men/id1455690574,N/A,4.8,80648
2026-02-14 09:09:24,https://apps.apple.com/us/app/hers-womens-healthcare/id1623878709,N/A,4.6,9679
2026-02-14 09:09:25,https://apps.apple.com/us/app/ro/id1585858911,N/A,4.7,5614
2026-02-14 09:09:25,https://apps.apple.com/us/app/push-health-telehealth-app/id950510633,N/A,4.6,20572
2026-02-14 09:09:26,https://apps.apple.com/us/app/plushcare-online-doctor/id955183607,N/A,4.9,139008
2026-02-14 09:09:26,https://apps.apple.com/us/app/one-medical/id393507802,N/A,4.9,51048
2026-02-15 09:09:42,https://apps.apple.com/us/app/hims-telehealth-for-men/id1455690574,N/A,4.8,80907
2026-02-15 09:09:42,https://apps.apple.com/us/app/hers-womens-healthcare/id1623878709,N/A,4.6,9731
2026-02-15 09:09:43,https://apps.apple.com/us/app/ro/id1585858911,N/A,4.7,5616
2026-02-15 09:09:43,https://apps.apple.com/us/app/push-health-telehealth-app/id950510633,N/A,4.6,20590
2026-02-15 09:09:44,https://apps.apple.com/us/app/plushcare-online-doctor/id955183607,N/A,4.9,139133
2026-02-15 09:09:44,https://apps.apple.com/us/app/one-medical/id393507802,N/A,4.9,51135
2026-02-16 09:21:03,https://apps.apple.com/us/app/hims-telehealth-for-men/id1455690574,N/A,4.8,80984
2026-02-16 09:21:03,https://apps.apple.com/us/app/hers-womens-healthcare/id1623878709,N/A,4.6,9741
2026-02-16 09:21:04,https://apps.apple.com/us/app/ro/id1585858911,N/A,4.7,5617
2026-02-16 09:21:04,https://apps.apple.com/us/app/push-health-telehealth-app/id950510633,N/A,4.6,20593
2026-02-16 09:21:04,https://apps.apple.com/us/app/plushcare-online-doctor/id955183607,N/A,4.9,139153
2026-02-16 09:21:05,https://apps.apple.com/us/app/one-medical/id393507802,N/A,4.9,51153
2026-02-17 09:19:28,https://apps.apple.com/us/app/hims-telehealth-for-men/id1455690574,N/A,4.8,81013
2026-02-17 09:19:28,https://apps.apple.com/us/app/hers-womens-healthcare/id1623878709,N/A,4.6,9749
2026-02-17 09:19:28,https://apps.apple.com/us/app/ro/id1585858911,N/A,4.7,5618
2026-02-17 09:19:28,https://apps.apple.com/us/app/push-health-telehealth-app/id950510633,N/A,4.6,20596
2026-02-17 09:19:28,https://apps.apple.com/us/app/plushcare-online-doctor/id955183607,N/A,4.9,139159
2026-02-17 09:19:29,https://apps.apple.com/us/app/one-medical/id393507802,N/A,4.9,51158
2026-02-18 09:18:43,https://apps.apple.com/us/app/hims-telehealth-for-men/id1455690574,N/A,4.8,81145
2026-02-18 09:18:43,https://apps.apple.com/us/app/hers-womens-healthcare/id1623878709,N/A,4.6,9770
2026-02-18 09:18:44,https://apps.apple.com/us/app/ro/id1585858911,N/A,4.7,5623
2026-02-18 09:18:44,https://apps.apple.com/us/app/push-health-telehealth-app/id950510633,N/A,4.6,20610
2026-02-18 09:18:44,https://apps.apple.com/us/app/plushcare-online-doctor/id955183607,N/A,4.9,139232
2026-02-18 09:18:45,https://apps.apple.com/us/app/one-medical/id393507802,N/A,4.9,51186
2026-02-19 09:18:06,https://apps.apple.com/us/app/hims-telehealth-for-men/id1455690574,N/A,4.8,81169
2026-02-19 09:18:07,https://apps.apple.com/us/app/hers-womens-healthcare/id1623878709,N/A,4.6,9782
2026-02-19 09:18:07,https://apps.apple.com/us/app/ro/id1585858911,N/A,4.7,5624
2026-02-19 09:18:07,https://apps.apple.com/us/app/push-health-telehealth-app/id950510633,N/A,4.6,20613
2026-02-19 09:18:08,https://apps.apple.com/us/app/plushcare-online-doctor/id955183607,N/A,4.9,139245
2026-02-19 09:18:08,https://apps.apple.com/us/app/one-medical/id393507802,N/A,4.9,51194
2026-02-20 09:15:49,https://apps.apple.com/us/app/hims-telehealth-for-men/id1455690574,N/A,4.8,81240
2026-02-20 09:15:49,https://apps.apple.com/us/app/hers-womens-healthcare/id1623878709,N/A,4.6,9799
2026-02-20 09:15:50,https://apps.apple.com/us/app/ro/id1585858911,N/A,4.7,5624
2026-02-20 09:15:50,https://apps.apple.com/us/app/push-health-telehealth-app/id950510633,N/A,4.6,20620
2026-02-20 09:15:50,https://apps.apple.com/us/app/plushcare-online-doctor/id955183607,N/A,4.9,139286
2026-02-20 09:15:51,https://apps.apple.com/us/app/one-medical/id393507802,N/A,4.9,51224
2026-02-21 09:09:19,https://apps.apple.com/us/app/hims-telehealth-for-men/id1455690574,N/A,4.8,81366
2026-02-21 09:09:20,https://apps.apple.com/us/app/hers-womens-healthcare/id1623878709,N/A,4.6,9832
2026-02-21 09:09:20,https://apps.apple.com/us/app/ro/id1585858911,N/A,4.7,5627
2026-02-21 09:09:20,https://apps.apple.com/us/app/push-health-telehealth-app/id950510633,N/A,4.6,20629
2026-02-21 09:09:21,https://apps.apple.com/us/app/plushcare-online-doctor/id955183607,N/A,4.9,139340
2026-02-21 09:09:21,https://apps.apple.com/us/app/one-medical/id393507802,N/A,4.9,51268
2026-02-22 09:09:19,https://apps.apple.com/us/app/hims-telehealth-for-men/id1455690574,N/A,4.8,81425
2026-02-22 09:09:20,https://apps.apple.com/us/app/hers-womens-healthcare/id1623878709,N/A,4.6,9843
2026-02-22 09:09:20,https://apps.apple.com/us/app/ro/id1585858911,N/A,4.7,5627
2026-02-22 09:09:20,https://apps.apple.com/us/app/push-health-telehealth-app/id950510633,N/A,4.6,20635
2026-02-22 09:09:20,https://apps.apple.com/us/app/plushcare-online-doctor/id955183607,N/A,4.9,139357
2026-02-22 09:09:21,https://apps.apple.com/us/app/one-medical/id393507802,N/A,4.9,51291
2026-02-23 09:21:29,https://apps.apple.com/us/app/hims-telehealth-for-men/id1455690574,N/A,4.8,81425
2026-02-23 09:21:30,https://apps.apple.com/us/app/hers-womens-healthcare/id1623878709,N/A,4.6,9843
2026-02-23 09:21:30,https://apps.apple.com/us/app/ro/id1585858911,N/A,4.7,5627
2026-02-23 09:21:31,https://apps.apple.com/us/app/push-health-telehealth-app/id950510633,N/A,4.6,20635
2026-02-23 09:21:31,https://apps.apple.com/us/app/plushcare-online-doctor/id955183607,N/A,4.9,139357
2026-02-23 09:21:31,https://apps.apple.com/us/app/one-medical/id393507802,N/A,4.9,51291
2026-02-24 09:20:47,https://apps.apple.com/us/app/hims-telehealth-for-men/id1455690574,N/A,4.8,81563
2026-02-24 09:20:47,https://apps.apple.com/us/app/hers-womens-healthcare/id1623878709,N/A,4.6,9872
2026-02-24 09:20:48,https://apps.apple.com/us/app/ro/id1585858911,N/A,4.7,5628
2026-02-24 09:20:48,https://apps.apple.com/us/app/push-health-telehealth-app/id950510633,N/A,4.6,20644
2026-02-24 09:20:48,https://apps.apple.com/us/app/plushcare-online-doctor/id955183607,N/A,4.9,139420
2026-02-24 09:20:49,https://apps.apple.com/us/app/one-medical/id393507802,N/A,4.9,51339
2026-02-25 09:20:20,https://apps.apple.com/us/app/hims-telehealth-for-men/id1455690574,N/A,4.8,81563
2026-02-25 09:20:20,https://apps.apple.com/us/app/hers-womens-healthcare/id1623878709,N/A,4.6,9872
2026-02-25 09:20:21,https://apps.apple.com/us/app/ro/id1585858911,N/A,4.7,5628
2026-02-25 09:20:21,https://apps.apple.com/us/app/push-health-telehealth-app/id950510633,N/A,4.6,20644
2026-02-25 09:20:21,https://apps.apple.com/us/app/plushcare-online-doctor/id955183607,N/A,4.9,139420
2026-02-25 09:20:22,https://apps.apple.com/us/app/one-medical/id393507802,N/A,4.9,51339
2026-02-26 09:19:31,https://apps.apple.com/us/app/hims-telehealth-for-men/id1455690574,N/A,4.8,81656
2026-02-26 09:19:32,https://apps.apple.com/us/app/hers-womens-healthcare/id1623878709,N/A,4.6,9896
2026-02-26 09:19:32,https://apps.apple.com/us/app/ro/id1585858911,N/A,4.7,5629
2026-02-26 09:19:33,https://apps.apple.com/us/app/push-health-telehealth-app/id950510633,N/A,4.6,20641
2026-02-26 09:19:33,https://apps.apple.com/us/app/plushcare-online-doctor/id955183607,N/A,4.9,139464
2026-02-26 09:19:33,https://apps.apple.com/us/app/one-medical/id393507802,N/A,4.9,51380
2026-02-27 09:16:22,https://apps.apple.com/us/app/hims-telehealth-for-men/id1455690574,N/A,4.8,81699
2026-02-27 09:16:23,https://apps.apple.com/us/app/hers-womens-healthcare/id1623878709,N/A,4.6,9906
2026-02-27 09:16:23,https://apps.apple.com/us/app/ro/id1585858911,N/A,4.7,5630
2026-02-27 09:16:24,https://apps.apple.com/us/app/push-health-telehealth-app/id950510633,N/A,4.6,20646
2026-02-27 09:16:24,https://apps.apple.com/us/app/plushcare-online-doctor/id955183607,N/A,4.9,139503
2026-02-27 09:16:25,https://apps.apple.com/us/app/one-medical/id393507802,N/A,4.9,51397
2026-02-28 09:07:46,https://apps.apple.com/us/app/hims-telehealth-for-men/id1455690574,N/A,4.8,81853
2026-02-28 09:07:46,https://apps.apple.com/us/app/hers-womens-healthcare/id1623878709,N/A,4.6,9941
2026-02-28 09:07:47,https://apps.apple.com/us/app/ro/id1585858911,N/A,4.7,5630
2026-02-28 09:07:47,https://apps.apple.com/us/app/push-health-telehealth-app/id950510633,N/A,4.6,20663
2026-02-28 09:07:47,https://apps.apple.com/us/app/plushcare-online-doctor/id955183607,N/A,4.9,139576
2026-02-28 09:07:48,https://apps.apple.com/us/app/one-medical/id393507802,N/A,4.9,51452
2026-03-01 09:09:14,https://apps.apple.com/us/app/hims-telehealth-for-men/id1455690574,N/A,4.8,81929
2026-03-01 09:09:15,https://apps.apple.com/us/app/hers-womens-healthcare/id1623878709,N/A,4.6,9956
2026-03-01 09:09:15,https://apps.apple.com/us/app/ro/id1585858911,N/A,4.7,5633
2026-03-01 09:09:15,https://apps.apple.com/us/app/push-health-telehealth-app/id950510633,N/A,4.6,20670
2026-03-01 09:09:16,https://apps.apple.com/us/app/plushcare-online-doctor/id955183607,N/A,4.9,139596
2026-03-01 09:09:16,https://apps.apple.com/us/app/one-medical/id393507802,N/A,4.9,51478
2026-03-02 09:19:43,https://apps.apple.com/us/app/hims-telehealth-for-men/id1455690574,N/A,4.8,82042
2026-03-02 09:19:44,https://apps.apple.com/us/app/hers-womens-healthcare/id1623878709,N/A,4.6,9978
2026-03-02 09:19:44,https://apps.apple.com/us/app/ro/id1585858911,N/A,4.7,5635
2026-03-02 09:19:45,https://apps.apple.com/us/app/push-health-telehealth-app/id950510633,N/A,4.6,20675
2026-03-02 09:19:45,https://apps.apple.com/us/app/plushcare-online-doctor/id955183607,N/A,4.9,139619
2026-03-02 09:19:45,https://apps.apple.com/us/app/one-medical/id393507802,N/A,4.9,51522
2026-03-03 09:16:27,https://apps.apple.com/us/app/hims-telehealth-for-men/id1455690574,N/A,4.8,82042
2026-03-03 09:16:28,https://apps.apple.com/us/app/hers-womens-healthcare/id1623878709,N/A,4.6,9978
2026-03-03 09:16:28,https://apps.apple.com/us/app/ro/id1585858911,N/A,4.7,5635
2026-03-03 09:16:29,https://apps.apple.com/us/app/push-health-telehealth-app/id950510633,N/A,4.6,20675
2026-03-03 09:16:29,https://apps.apple.com/us/app/plushcare-online-doctor/id955183607,N/A,4.9,139619
2026-03-03 09:16:29,https://apps.apple.com/us/app/one-medical/id393507802,N/A,4.9,51522
2026-03-04 09:15:36,https://apps.apple.com/us/app/hims-telehealth-for-men/id1455690574,N/A,4.8,82195
2026-03-04 09:15:36,https://apps.apple.com/us/app/hers-womens-healthcare/id1623878709,N/A,4.6,10004
2026-03-04 09:15:36,https://apps.apple.com/us/app/ro/id1585858911,N/A,4.7,5636
2026-03-04 09:15:36,https://apps.apple.com/us/app/push-health-telehealth-app/id950510633,N/A,4.6,20690
2026-03-04 09:15:37,https://apps.apple.com/us/app/plushcare-online-doctor/id955183607,N/A,4.9,139672
2026-03-04 09:15:37,https://apps.apple.com/us/app/one-medical/id393507802,N/A,4.9,51566
2026-03-05 09:17:02,https://apps.apple.com/us/app/hims-telehealth-for-men/id1455690574,N/A,4.8,82276
2026-03-05 09:17:02,https://apps.apple.com/us/app/hers-womens-healthcare/id1623878709,N/A,4.6,10024
2026-03-05 09:17:03,https://apps.apple.com/us/app/ro/id1585858911,N/A,4.7,5639
2026-03-05 09:17:03,https://apps.apple.com/us/app/push-health-telehealth-app/id950510633,N/A,4.6,20695
2026-03-05 09:17:03,https://apps.apple.com/us/app/plushcare-online-doctor/id955183607,N/A,4.9,139701
2026-03-05 09:17:03,https://apps.apple.com/us/app/one-medical/id393507802,N/A,4.9,51587
2026-03-06 09:13:56,https://apps.apple.com/us/app/hims-telehealth-for-men/id1455690574,N/A,N/A,N/A
2026-03-06 09:13:57,https://apps.apple.com/us/app/hers-womens-healthcare/id1623878709,N/A,N/A,N/A
2026-03-06 09:13:57,https://apps.apple.com/us/app/ro/id1585858911,N/A,N/A,N/A
2026-03-06 09:13:57,https://apps.apple.com/us/app/push-health-telehealth-app/id950510633,N/A,N/A,N/A
2026-03-06 09:13:57,https://apps.apple.com/us/app/plushcare-online-doctor/id955183607,N/A,N/A,N/A
2026-03-06 09:13:57,https://apps.apple.com/us/app/one-medical/id393507802,N/A,N/A,N/A
2026-03-07 09:08:20,https://apps.apple.com/us/app/hims-telehealth-for-men/id1455690574,N/A,4.8,82458
2026-03-07 09:08:20,https://apps.apple.com/us/app/hers-womens-healthcare/id1623878709,N/A,4.6,10060
2026-03-07 09:08:21,https://apps.apple.com/us/app/ro/id1585858911,N/A,4.7,5642
2026-03-07 09:08:21,https://apps.apple.com/us/app/push-health-telehealth-app/id950510633,N/A,4.6,20709
2026-03-07 09:08:21,https://apps.apple.com/us/app/plushcare-online-doctor/id955183607,N/A,4.9,139752
2026-03-07 09:08:22,https://apps.apple.com/us/app/one-medical/id393507802,N/A,4.9,51650
2026-03-08 09:08:26,https://apps.apple.com/us/app/hims-telehealth-for-men/id1455690574,N/A,4.8,82481
2026-03-08 09:08:26,https://apps.apple.com/us/app/hers-womens-healthcare/id1623878709,N/A,4.6,10065
2026-03-08 09:08:27,https://apps.apple.com/us/app/ro/id1585858911,N/A,4.7,5641
2026-03-08 09:08:27,https://apps.apple.com/us/app/push-health-telehealth-app/id950510633,N/A,4.6,20717
2026-03-08 09:08:27,https://apps.apple.com/us/app/plushcare-online-doctor/id955183607,N/A,4.9,139762
2026-03-08 09:08:27,https://apps.apple.com/us/app/one-medical/id393507802,N/A,4.9,51669
2026-03-09 09:19:28,https://apps.apple.com/us/app/hims-telehealth-for-men/id1455690574,N/A,4.8,82571
2026-03-09 09:19:29,https://apps.apple.com/us/app/hers-womens-healthcare/id1623878709,N/A,4.6,10086
2026-03-09 09:19:29,https://apps.apple.com/us/app/ro/id1585858911,N/A,4.7,5644
2026-03-09 09:19:30,https://apps.apple.com/us/app/push-health-telehealth-app/id950510633,N/A,4.6,20729
2026-03-09 09:19:30,https://apps.apple.com/us/app/plushcare-online-doctor/id955183607,N/A,4.9,139791
2026-03-09 09:19:30,https://apps.apple.com/us/app/one-medical/id393507802,N/A,4.9,51704
2026-03-10 09:17:12,https://apps.apple.com/us/app/hims-telehealth-for-men/id1455690574,N/A,4.8,82632
2026-03-10 09:17:12,https://apps.apple.com/us/app/hers-womens-healthcare/id1623878709,N/A,4.6,10096
2026-03-10 09:17:13,https://apps.apple.com/us/app/ro/id1585858911,N/A,4.7,5645
2026-03-10 09:17:13,https://apps.apple.com/us/app/push-health-telehealth-app/id950510633,N/A,4.6,20732
2026-03-10 09:17:14,https://apps.apple.com/us/app/plushcare-online-doctor/id955183607,N/A,4.9,139803
2026-03-10 09:17:14,https://apps.apple.com/us/app/one-medical/id393507802,N/A,4.9,51713
2026-03-11 09:16:52,https://apps.apple.com/us/app/hims-telehealth-for-men/id1455690574,N/A,4.8,82673
2026-03-11 09:16:52,https://apps.apple.com/us/app/hers-womens-healthcare/id1623878709,N/A,4.6,10107
2026-03-11 09:16:52,https://apps.apple.com/us/app/ro/id1585858911,N/A,4.7,5645
2026-03-11 09:16:53,https://apps.apple.com/us/app/push-health-telehealth-app/id950510633,N/A,4.6,20733
2026-03-11 09:16:54,https://apps.apple.com/us/app/plushcare-online-doctor/id955183607,N/A,4.9,139814
2026-03-11 09:16:54,https://apps.apple.com/us/app/one-medical/id393507802,N/A,4.9,51731
2026-03-12 09:17:27,https://apps.apple.com/us/app/hims-telehealth-for-men/id1455690574,N/A,4.8,82788
2026-03-12 09:17:27,https://apps.apple.com/us/app/hers-womens-healthcare/id1623878709,N/A,4.6,10128
2026-03-12 09:17:28,https://apps.apple.com/us/app/ro/id1585858911,N/A,4.7,5646
2026-03-12 09:17:28,https://apps.apple.com/us/app/push-health-telehealth-app/id950510633,N/A,4.6,20744
2026-03-12 09:17:28,https://apps.apple.com/us/app/plushcare-online-doctor/id955183607,N/A,4.9,139874
2026-03-12 09:17:29,https://apps.apple.com/us/app/one-medical/id393507802,N/A,4.9,51778
2026-03-13 09:15:04,https://apps.apple.com/us/app/hims-telehealth-for-men/id1455690574,N/A,4.8,82849
2026-03-13 09:15:04,https://apps.apple.com/us/app/hers-womens-healthcare/id1623878709,N/A,4.6,10142
2026-03-13 09:15:05,https://apps.apple.com/us/app/ro/id1585858911,N/A,4.7,5647
2026-03-13 09:15:05,https://apps.apple.com/us/app/push-health-telehealth-app/id950510633,N/A,4.6,20750
2026-03-13 09:15:06,https://apps.apple.com/us/app/plushcare-online-doctor/id955183607,N/A,4.9,139916
2026-03-13 09:15:06,https://apps.apple.com/us/app/one-medical/id393507802,N/A,4.9,51806
2026-03-14 09:11:23,https://apps.apple.com/us/app/hims-telehealth-for-men/id1455690574,N/A,4.8,82880
2026-03-14 09:11:24,https://apps.apple.com/us/app/hers-womens-healthcare/id1623878709,N/A,4.6,10152
2026-03-14 09:11:24,https://apps.apple.com/us/app/ro/id1585858911,N/A,4.7,5647
2026-03-14 09:11:24,https://apps.apple.com/us/app/push-health-telehealth-app/id950510633,N/A,4.6,20753
2026-03-14 09:11:25,https://apps.apple.com/us/app/plushcare-online-doctor/id955183607,N/A,4.9,139915
2026-03-14 09:11:25,https://apps.apple.com/us/app/one-medical/id393507802,N/A,4.9,51817
2026-03-15 09:11:48,https://apps.apple.com/us/app/hims-telehealth-for-men/id1455690574,N/A,4.8,82997
2026-03-15 09:11:48,https://apps.apple.com/us/app/hers-womens-healthcare/id1623878709,N/A,4.6,10177
2026-03-15 09:11:48,https://apps.apple.com/us/app/ro/id1585858911,N/A,4.7,5652
2026-03-15 09:11:49,https://apps.apple.com/us/app/push-health-telehealth-app/id950510633,N/A,4.6,20765
2026-03-15 09:11:49,https://apps.apple.com/us/app/plushcare-online-doctor/id955183607,N/A,4.9,139998
2026-03-15 09:11:49,https://apps.apple.com/us/app/one-medical/id393507802,N/A,4.9,51864
2026-03-16 09:26:51,https://apps.apple.com/us/app/hims-telehealth-for-men/id1455690574,N/A,4.8,83018
2026-03-16 09:26:51,https://apps.apple.com/us/app/hers-womens-healthcare/id1623878709,N/A,4.6,10183
2026-03-16 09:26:52,https://apps.apple.com/us/app/ro/id1585858911,N/A,4.7,5653
2026-03-16 09:26:52,https://apps.apple.com/us/app/push-health-telehealth-app/id950510633,N/A,4.6,20766
2026-03-16 09:26:52,https://apps.apple.com/us/app/plushcare-online-doctor/id955183607,N/A,4.9,140004
2026-03-16 09:26:53,https://apps.apple.com/us/app/one-medical/id393507802,N/A,4.9,51871
2026-03-17 09:21:05,https://apps.apple.com/us/app/hims-telehealth-for-men/id1455690574,N/A,4.8,83110
2026-03-17 09:21:05,https://apps.apple.com/us/app/hers-womens-healthcare/id1623878709,N/A,4.6,10204
2026-03-17 09:21:06,https://apps.apple.com/us/app/ro/id1585858911,N/A,4.7,5655
2026-03-17 09:21:06,https://apps.apple.com/us/app/push-health-telehealth-app/id950510633,N/A,4.6,20777
2026-03-17 09:21:06,https://apps.apple.com/us/app/plushcare-online-doctor/id955183607,N/A,4.9,140036
2026-03-17 09:21:07,https://apps.apple.com/us/app/one-medical/id393507802,N/A,4.9,51917
2026-03-18 09:21:05,https://apps.apple.com/us/app/hims-telehealth-for-men/id1455690574,N/A,4.8,83213
2026-03-18 09:21:05,https://apps.apple.com/us/app/hers-womens-healthcare/id1623878709,N/A,4.6,10223
2026-03-18 09:21:05,https://apps.apple.com/us/app/ro/id1585858911,N/A,4.7,5655
2026-03-18 09:21:06,https://apps.apple.com/us/app/push-health-telehealth-app/id950510633,N/A,4.6,20785
2026-03-18 09:21:06,https://apps.apple.com/us/app/plushcare-online-doctor/id955183607,N/A,4.9,140070
2026-03-18 09:21:06,https://apps.apple.com/us/app/one-medical/id393507802,N/A,4.9,51961
2026-03-19 09:17:43,https://apps.apple.com/us/app/hims-telehealth-for-men/id1455690574,N/A,4.8,83253
2026-03-19 09:17:44,https://apps.apple.com/us/app/hers-womens-healthcare/id1623878709,N/A,4.6,10228
2026-03-19 09:17:44,https://apps.apple.com/us/app/ro/id1585858911,N/A,4.7,5655
2026-03-19 09:17:45,https://apps.apple.com/us/app/push-health-telehealth-app/id950510633,N/A,4.6,20799
2026-03-19 09:17:45,https://apps.apple.com/us/app/plushcare-online-doctor/id955183607,N/A,4.9,140104
2026-03-19 09:17:45,https://apps.apple.com/us/app/one-medical/id393507802,N/A,4.9,51985
2026-03-20 09:15:33,https://apps.apple.com/us/app/hims-telehealth-for-men/id1455690574,N/A,4.8,83311
2026-03-20 09:15:34,https://apps.apple.com/us/app/hers-womens-healthcare/id1623878709,N/A,4.6,10243
2026-03-20 09:15:34,https://apps.apple.com/us/app/ro/id1585858911,N/A,4.7,5657
2026-03-20 09:15:35,https://apps.apple.com/us/app/push-health-telehealth-app/id950510633,N/A,4.6,20801
2026-03-20 09:15:35,https://apps.apple.com/us/app/plushcare-online-doctor/id955183607,N/A,4.9,140138
2026-03-20 09:15:36,https://apps.apple.com/us/app/one-medical/id393507802,N/A,4.9,52015
2026-03-21 09:10:19,https://apps.apple.com/us/app/hims-telehealth-for-men/id1455690574,N/A,4.8,83330
2026-03-21 09:10:20,https://apps.apple.com/us/app/hers-womens-healthcare/id1623878709,N/A,4.6,10250
2026-03-21 09:10:20,https://apps.apple.com/us/app/ro/id1585858911,N/A,4.7,5660
2026-03-21 09:10:20,https://apps.apple.com/us/app/push-health-telehealth-app/id950510633,N/A,4.6,20803
2026-03-21 09:10:21,https://apps.apple.com/us/app/plushcare-online-doctor/id955183607,N/A,4.9,140139
2026-03-21 09:10:21,https://apps.apple.com/us/app/one-medical/id393507802,N/A,4.9,52029
2026-03-22 09:10:25,https://apps.apple.com/us/app/hims-telehealth-for-men/id1455690574,N/A,4.8,83454
2026-03-22 09:10:26,https://apps.apple.com/us/app/hers-womens-healthcare/id1623878709,N/A,4.6,10276
2026-03-22 09:10:26,https://apps.apple.com/us/app/ro/id1585858911,N/A,4.7,5671
2026-03-22 09:10:26,https://apps.apple.com/us/app/push-health-telehealth-app/id950510633,N/A,4.6,20812
2026-03-22 09:10:27,https://apps.apple.com/us/app/plushcare-online-doctor/id955183607,N/A,4.9,140209
2026-03-22 09:10:27,https://apps.apple.com/us/app/one-medical/id393507802,N/A,4.9,52090
2026-03-23 09:24:56,https://apps.apple.com/us/app/hims-telehealth-for-men/id1455690574,N/A,4.8,83512
2026-03-23 09:24:56,https://apps.apple.com/us/app/hers-womens-healthcare/id1623878709,N/A,4.6,10289
2026-03-23 09:24:57,https://apps.apple.com/us/app/ro/id1585858911,N/A,4.7,5679
2026-03-23 09:24:57,https://apps.apple.com/us/app/push-health-telehealth-app/id950510633,N/A,4.6,20816
2026-03-23 09:24:57,https://apps.apple.com/us/app/plushcare-online-doctor/id955183607,N/A,4.9,140241
2026-03-23 09:24:58,https://apps.apple.com/us/app/one-medical/id393507802,N/A,4.9,52116
2026-03-24 09:20:58,https://apps.apple.com/us/app/hims-telehealth-for-men/id1455690574,N/A,4.8,83570
2026-03-24 09:20:58,https://apps.apple.com/us/app/hers-womens-healthcare/id1623878709,N/A,4.6,10303
2026-03-24 09:20:59,https://apps.apple.com/us/app/ro/id1585858911,N/A,4.7,5690
2026-03-24 09:20:59,https://apps.apple.com/us/app/push-health-telehealth-app/id950510633,N/A,4.6,20825
2026-03-24 09:20:59,https://apps.apple.com/us/app/plushcare-online-doctor/id955183607,N/A,4.9,140262
2026-03-24 09:20:59,https://apps.apple.com/us/app/one-medical/id393507802,N/A,4.9,52148
2026-03-25 09:20:23,https://apps.apple.com/us/app/hims-telehealth-for-men/id1455690574,N/A,4.8,83594
2026-03-25 09:20:23,https://apps.apple.com/us/app/hers-womens-healthcare/id1623878709,N/A,4.6,10307
2026-03-25 09:20:24,https://apps.apple.com/us/app/ro/id1585858911,N/A,4.7,5697
2026-03-25 09:20:24,https://apps.apple.com/us/app/push-health-telehealth-app/id950510633,N/A,4.6,20824
2026-03-25 09:20:24,https://apps.apple.com/us/app/plushcare-online-doctor/id955183607,N/A,4.9,140273
2026-03-25 09:20:25,https://apps.apple.com/us/app/one-medical/id393507802,N/A,4.9,52153
2026-03-26 09:23:50,https://apps.apple.com/us/app/hims-telehealth-for-men/id1455690574,N/A,4.8,83594
2026-03-26 09:23:50,https://apps.apple.com/us/app/hers-womens-healthcare/id1623878709,N/A,4.6,10307
2026-03-26 09:23:51,https://apps.apple.com/us/app/ro/id1585858911,N/A,4.7,5697
2026-03-26 09:23:51,https://apps.apple.com/us/app/push-health-telehealth-app/id950510633,N/A,4.6,20824
2026-03-26 09:23:51,https://apps.apple.com/us/app/plushcare-online-doctor/id955183607,N/A,4.9,140273
2026-03-26 09:23:52,https://apps.apple.com/us/app/one-medical/id393507802,N/A,4.9,52153
2026-03-27 09:20:34,https://apps.apple.com/us/app/hims-telehealth-for-men/id1455690574,N/A,4.8,83808
2026-03-27 09:20:35,https://apps.apple.com/us/app/hers-womens-healthcare/id1623878709,N/A,4.6,10340
2026-03-27 09:20:35,https://apps.apple.com/us/app/ro/id1585858911,N/A,4.7,5822
2026-03-27 09:20:35,https://apps.apple.com/us/app/push-health-telehealth-app/id950510633,N/A,4.6,20845
2026-03-27 09:20:36,https://apps.apple.com/us/app/plushcare-online-doctor/id955183607,N/A,4.9,140383
2026-03-27 09:20:36,https://apps.apple.com/us/app/one-medical/id393507802,N/A,4.9,52231
2026-03-28 09:14:01,https://apps.apple.com/us/app/hims-telehealth-for-men/id1455690574,N/A,4.8,83863
2026-03-28 09:14:01,https://apps.apple.com/us/app/hers-womens-healthcare/id1623878709,N/A,4.6,10355
2026-03-28 09:14:02,https://apps.apple.com/us/app/ro/id1585858911,N/A,4.7,5908
2026-03-28 09:14:02,https://apps.apple.com/us/app/push-health-telehealth-app/id950510633,N/A,4.6,20850
2026-03-28 09:14:02,https://apps.apple.com/us/app/plushcare-online-doctor/id955183607,N/A,4.9,140424
2026-03-28 09:14:03,https://apps.apple.com/us/app/one-medical/id393507802,N/A,4.9,52246
2026-03-29 09:14:20,https://apps.apple.com/us/app/hims-telehealth-for-men/id1455690574,N/A,4.8,83888
2026-03-29 09:14:21,https://apps.apple.com/us/app/hers-womens-healthcare/id1623878709,N/A,4.6,10359
2026-03-29 09:14:21,https://apps.apple.com/us/app/ro/id1585858911,N/A,4.7,5924
2026-03-29 09:14:21,https://apps.apple.com/us/app/push-health-telehealth-app/id950510633,N/A,4.6,20850
2026-03-29 09:14:22,https://apps.apple.com/us/app/plushcare-online-doctor/id955183607,N/A,4.9,140431
2026-03-29 09:14:22,https://apps.apple.com/us/app/one-medical/id393507802,N/A,4.9,52255
2026-03-30 09:34:44,https://apps.apple.com/us/app/hims-telehealth-for-men/id1455690574,N/A,4.8,83976
2026-03-30 09:34:44,https://apps.apple.com/us/app/hers-womens-healthcare/id1623878709,N/A,4.6,10383
2026-03-30 09:34:45,https://apps.apple.com/us/app/ro/id1585858911,N/A,4.7,6036
2026-03-30 09:34:45,https://apps.apple.com/us/app/push-health-telehealth-app/id950510633,N/A,4.6,20859
2026-03-30 09:34:45,https://apps.apple.com/us/app/plushcare-online-doctor/id955183607,N/A,4.9,140482
2026-03-30 09:34:46,https://apps.apple.com/us/app/one-medical/id393507802,N/A,4.9,52284
2026-03-31 09:26:48,https://apps.apple.com/us/app/hims-telehealth-for-men/id1455690574,N/A,4.8,83999
2026-03-31 09:26:49,https://apps.apple.com/us/app/hers-womens-healthcare/id1623878709,N/A,4.6,10390
2026-03-31 09:26:49,https://apps.apple.com/us/app/ro/id1585858911,N/A,4.7,6056
2026-03-31 09:26:50,https://apps.apple.com/us/app/push-health-telehealth-app/id950510633,N/A,4.6,20859
2026-03-31 09:26:50,https://apps.apple.com/us/app/plushcare-online-doctor/id955183607,N/A,4.9,140484
2026-03-31 09:26:50,https://apps.apple.com/us/app/one-medical/id393507802,N/A,4.9,52291
2026-04-01 09:29:06,https://apps.apple.com/us/app/hims-telehealth-for-men/id1455690574,N/A,4.8,84123
2026-04-01 09:29:06,https://apps.apple.com/us/app/hers-womens-healthcare/id1623878709,N/A,4.6,10414
2026-04-01 09:29:07,https://apps.apple.com/us/app/ro/id1585858911,N/A,4.7,6184
2026-04-01 09:29:07,https://apps.apple.com/us/app/push-health-telehealth-app/id950510633,N/A,4.6,20873
2026-04-01 09:29:07,https://apps.apple.com/us/app/plushcare-online-doctor/id955183607,N/A,4.9,140532
2026-04-01 09:29:08,https://apps.apple.com/us/app/one-medical/id393507802,N/A,4.9,52330
2026-04-02 09:24:16,https://apps.apple.com/us/app/hims-telehealth-for-men/id1455690574,N/A,4.8,84191
2026-04-02 09:24:16,https://apps.apple.com/us/app/hers-womens-healthcare/id1623878709,N/A,4.6,10432
2026-04-02 09:24:16,https://apps.apple.com/us/app/ro/id1585858911,N/A,4.7,6265
2026-04-02 09:24:16,https://apps.apple.com/us/app/push-health-telehealth-app/id950510633,N/A,4.6,20885
2026-04-02 09:24:17,https://apps.apple.com/us/app/plushcare-online-doctor/id955183607,N/A,4.9,140568
2026-04-02 09:24:17,https://apps.apple.com/us/app/one-medical/id393507802,N/A,4.9,52355
2026-04-03 09:21:29,https://apps.apple.com/us/app/hims-telehealth-for-men/id1455690574,N/A,4.8,84245
2026-04-03 09:21:29,https://apps.apple.com/us/app/hers-womens-healthcare/id1623878709,N/A,4.6,10438
2026-04-03 09:21:29,https://apps.apple.com/us/app/ro/id1585858911,N/A,4.7,6325
2026-04-03 09:21:29,https://apps.apple.com/us/app/push-health-telehealth-app/id950510633,N/A,4.6,20890
2026-04-03 09:21:30,https://apps.apple.com/us/app/plushcare-online-doctor/id955183607,N/A,4.9,140598
2026-04-03 09:21:30,https://apps.apple.com/us/app/one-medical/id393507802,N/A,4.9,52381
2026-04-04 09:15:18,https://apps.apple.com/us/app/hims-telehealth-for-men/id1455690574,N/A,4.8,84350
2026-04-04 09:15:19,https://apps.apple.com/us/app/hers-womens-healthcare/id1623878709,N/A,4.6,10455
2026-04-04 09:15:19,https://apps.apple.com/us/app/ro/id1585858911,N/A,4.7,6399
2026-04-04 09:15:19,https://apps.apple.com/us/app/push-health-telehealth-app/id950510633,N/A,4.6,20895
2026-04-04 09:15:19,https://apps.apple.com/us/app/plushcare-online-doctor/id955183607,N/A,4.9,140629
2026-04-04 09:15:20,https://apps.apple.com/us/app/one-medical/id393507802,N/A,4.9,52411
2026-04-05 09:16:42,https://apps.apple.com/us/app/hims-telehealth-for-men/id1455690574,N/A,4.8,84411
2026-04-05 09:16:42,https://apps.apple.com/us/app/hers-womens-healthcare/id1623878709,N/A,4.6,10465
2026-04-05 09:16:42,https://apps.apple.com/us/app/ro/id1585858911,N/A,4.7,6450
2026-04-05 09:16:43,https://apps.apple.com/us/app/push-health-telehealth-app/id950510633,N/A,4.6,20904
2026-04-05 09:16:43,https://apps.apple.com/us/app/plushcare-online-doctor/id955183607,N/A,4.9,140663
2026-04-05 09:16:44,https://apps.apple.com/us/app/one-medical/id393507802,N/A,4.9,52431
2026-04-06 09:31:59,https://apps.apple.com/us/app/hims-telehealth-for-men/id1455690574,N/A,4.8,84463
2026-04-06 09:31:59,https://apps.apple.com/us/app/hers-womens-healthcare/id1623878709,N/A,4.6,10478
2026-04-06 09:32:00,https://apps.apple.com/us/app/ro/id1585858911,N/A,4.7,6496
2026-04-06 09:32:00,https://apps.apple.com/us/app/push-health-telehealth-app/id950510633,N/A,4.6,20905
2026-04-06 09:32:00,https://apps.apple.com/us/app/plushcare-online-doctor/id955183607,N/A,4.9,140693
2026-04-06 09:32:01,https://apps.apple.com/us/app/one-medical/id393507802,N/A,4.9,52461
2026-04-07 09:27:51,https://apps.apple.com/us/app/hims-telehealth-for-men/id1455690574,N/A,4.8,84518
2026-04-07 09:27:51,https://apps.apple.com/us/app/hers-womens-healthcare/id1623878709,N/A,4.6,10483
2026-04-07 09:27:52,https://apps.apple.com/us/app/ro/id1585858911,N/A,4.7,6554
2026-04-07 09:27:52,https://apps.apple.com/us/app/push-health-telehealth-app/id950510633,N/A,4.6,20910
2026-04-07 09:27:52,https://apps.apple.com/us/app/plushcare-online-doctor/id955183607,N/A,4.9,140711
2026-04-07 09:27:53,https://apps.apple.com/us/app/one-medical/id393507802,N/A,4.9,52479
2026-04-08 09:27:37,https://apps.apple.com/us/app/hims-telehealth-for-men/id1455690574,N/A,4.8,84568
2026-04-08 09:27:37,https://apps.apple.com/us/app/hers-womens-healthcare/id1623878709,N/A,4.6,10496
2026-04-08 09:27:38,https://apps.apple.com/us/app/ro/id1585858911,N/A,4.7,6588
2026-04-08 09:27:39,https://apps.apple.com/us/app/push-health-telehealth-app/id950510633,N/A,4.6,20915
2026-04-08 09:27:39,https://apps.apple.com/us/app/plushcare-online-doctor/id955183607,N/A,4.9,140743
2026-04-08 09:27:40,https://apps.apple.com/us/app/one-medical/id393507802,N/A,4.9,52496
2026-04-09 09:31:38,https://apps.apple.com/us/app/hims-telehealth-for-men/id1455690574,N/A,4.8,84668
2026-04-09 09:31:38,https://apps.apple.com/us/app/hers-womens-healthcare/id1623878709,N/A,4.6,10517
2026-04-09 09:31:38,https://apps.apple.com/us/app/ro/id1585858911,N/A,4.7,6654
2026-04-09 09:31:39,https://apps.apple.com/us/app/push-health-telehealth-app/id950510633,N/A,4.6,20921
2026-04-09 09:31:39,https://apps.apple.com/us/app/plushcare-online-doctor/id955183607,N/A,4.9,140787
2026-04-09 09:31:39,https://apps.apple.com/us/app/one-medical/id393507802,N/A,4.9,52535
2026-04-10 09:30:38,https://apps.apple.com/us/app/hims-telehealth-for-men/id1455690574,N/A,4.8,84733
2026-04-10 09:30:39,https://apps.apple.com/us/app/hers-womens-healthcare/id1623878709,N/A,4.6,10532
2026-04-10 09:30:39,https://apps.apple.com/us/app/ro/id1585858911,N/A,4.7,6698
2026-04-10 09:30:40,https://apps.apple.com/us/app/push-health-telehealth-app/id950510633,N/A,4.6,20921
2026-04-10 09:30:40,https://apps.apple.com/us/app/plushcare-online-doctor/id955183607,N/A,4.9,140826
2026-04-10 09:30:41,https://apps.apple.com/us/app/one-medical/id393507802,N/A,4.9,52571
2026-04-11 09:17:06,https://apps.apple.com/us/app/hims-telehealth-for-men/id1455690574,N/A,4.8,84795
2026-04-11 09:17:07,https://apps.apple.com/us/app/hers-womens-healthcare/id1623878709,N/A,4.6,10541
2026-04-11 09:17:07,https://apps.apple.com/us/app/ro/id1585858911,N/A,4.7,6734
2026-04-11 09:17:08,https://apps.apple.com/us/app/push-health-telehealth-app/id950510633,N/A,4.6,20930
2026-04-11 09:17:08,https://apps.apple.com/us/app/plushcare-online-doctor/id955183607,N/A,4.9,140841
2026-04-11 09:17:08,https://apps.apple.com/us/app/one-medical/id393507802,N/A,4.9,52593
2026-04-12 09:18:52,https://apps.apple.com/us/app/hims-telehealth-for-men/id1455690574,N/A,4.8,84856
2026-04-12 09:18:52,https://apps.apple.com/us/app/hers-womens-healthcare/id1623878709,N/A,4.6,10551
2026-04-12 09:18:53,https://apps.apple.com/us/app/ro/id1585858911,N/A,4.7,6777
2026-04-12 09:18:53,https://apps.apple.com/us/app/push-health-telehealth-app/id950510633,N/A,4.6,20938
2026-04-12 09:18:53,https://apps.apple.com/us/app/plushcare-online-doctor/id955183607,N/A,4.9,140869
2026-04-12 09:18:53,https://apps.apple.com/us/app/one-medical/id393507802,N/A,4.9,52608
2026-04-13 09:39:11,https://apps.apple.com/us/app/hims-telehealth-for-men/id1455690574,N/A,4.8,84906
2026-04-13 09:39:12,https://apps.apple.com/us/app/hers-womens-healthcare/id1623878709,N/A,4.6,10564
2026-04-13 09:39:12,https://apps.apple.com/us/app/ro/id1585858911,N/A,4.7,6825
2026-04-13 09:39:13,https://apps.apple.com/us/app/push-health-telehealth-app/id950510633,N/A,4.6,20943
2026-04-13 09:39:13,https://apps.apple.com/us/app/plushcare-online-doctor/id955183607,N/A,4.9,140885
2026-04-13 09:39:14,https://apps.apple.com/us/app/one-medical/id393507802,N/A,4.9,52627
2026-04-14 09:35:21,https://apps.apple.com/us/app/hims-telehealth-for-men/id1455690574,N/A,4.8,84964
2026-04-14 09:35:21,https://apps.apple.com/us/app/hers-womens-healthcare/id1623878709,N/A,4.6,10576
2026-04-14 09:35:21,https://apps.apple.com/us/app/ro/id1585858911,N/A,4.7,6857
2026-04-14 09:35:22,https://apps.apple.com/us/app/push-health-telehealth-app/id950510633,N/A,4.6,20950
2026-04-14 09:35:22,https://apps.apple.com/us/app/plushcare-online-doctor/id955183607,N/A,4.9,140910
2026-04-14 09:35:22,https://apps.apple.com/us/app/one-medical/id393507802,N/A,4.9,52642
2026-04-15 09:34:59,https://apps.apple.com/us/app/hims-telehealth-for-men/id1455690574,N/A,4.8,85022
2026-04-15 09:34:59,https://apps.apple.com/us/app/hers-womens-healthcare/id1623878709,N/A,N/A,N/A
2026-04-15 09:34:59,https://apps.apple.com/us/app/ro/id1585858911,N/A,4.7,6902
2026-04-15 09:34:59,https://apps.apple.com/us/app/push-health-telehealth-app/id950510633,N/A,N/A,N/A
2026-04-15 09:34:59,https://apps.apple.com/us/app/plushcare-online-doctor/id955183607,N/A,N/A,N/A
2026-04-15 09:35:00,https://apps.apple.com/us/app/one-medical/id393507802,N/A,4.9,52667
2026-04-16 09:34:32,https://apps.apple.com/us/app/hims-telehealth-for-men/id1455690574,N/A,4.8,85071
2026-04-16 09:34:33,https://apps.apple.com/us/app/hers-womens-healthcare/id1623878709,N/A,4.6,10596
2026-04-16 09:34:33,https://apps.apple.com/us/app/ro/id1585858911,N/A,4.7,6933
2026-04-16 09:34:33,https://apps.apple.com/us/app/push-health-telehealth-app/id950510633,N/A,4.6,20960
2026-04-16 09:34:34,https://apps.apple.com/us/app/plushcare-online-doctor/id955183607,N/A,4.9,140959
2026-04-16 09:34:34,https://apps.apple.com/us/app/one-medical/id393507802,N/A,4.9,52682
2026-04-17 09:34:19,https://apps.apple.com/us/app/hims-telehealth-for-men/id1455690574,N/A,4.8,85130
2026-04-17 09:34:19,https://apps.apple.com/us/app/hers-womens-healthcare/id1623878709,N/A,4.6,10606
2026-04-17 09:34:20,https://apps.apple.com/us/app/ro/id1585858911,N/A,4.7,6978
2026-04-17 09:34:20,https://apps.apple.com/us/app/push-health-telehealth-app/id950510633,N/A,4.6,20962
2026-04-17 09:34:20,https://apps.apple.com/us/app/plushcare-online-doctor/id955183607,N/A,4.9,140989
2026-04-17 09:34:21,https://apps.apple.com/us/app/one-medical/id393507802,N/A,4.9,52708
2026-04-18 09:19:00,https://apps.apple.com/us/app/hims-telehealth-for-men/id1455690574,N/A,4.8,85157
2026-04-18 09:19:00,https://apps.apple.com/us/app/hers-womens-healthcare/id1623878709,N/A,4.6,10614
2026-04-18 09:19:01,https://apps.apple.com/us/app/ro/id1585858911,N/A,4.7,7009
2026-04-18 09:19:01,https://apps.apple.com/us/app/push-health-telehealth-app/id950510633,N/A,4.6,20967
2026-04-18 09:19:01,https://apps.apple.com/us/app/plushcare-online-doctor/id955183607,N/A,4.9,141014
2026-04-18 09:19:02,https://apps.apple.com/us/app/one-medical/id393507802,N/A,4.9,52712
2026-04-19 09:18:59,https://apps.apple.com/us/app/hims-telehealth-for-men/id1455690574,N/A,N/A,N/A
2026-04-19 09:18:59,https://apps.apple.com/us/app/hers-womens-healthcare/id1623878709,N/A,N/A,N/A
2026-04-19 09:18:59,https://apps.apple.com/us/app/ro/id1585858911,N/A,N/A,N/A
2026-04-19 09:18:59,https://apps.apple.com/us/app/push-health-telehealth-app/id950510633,N/A,N/A,N/A
2026-04-19 09:18:59,https://apps.apple.com/us/app/plushcare-online-doctor/id955183607,N/A,N/A,N/A
2026-04-19 09:19:00,https://apps.apple.com/us/app/one-medical/id393507802,N/A,4.9,52745
2026-04-20 09:38:34,https://apps.apple.com/us/app/hims-telehealth-for-men/id1455690574,N/A,4.8,85270
2026-04-20 09:38:34,https://apps.apple.com/us/app/hers-womens-healthcare/id1623878709,N/A,4.6,10645
2026-04-20 09:38:35,https://apps.apple.com/us/app/ro/id1585858911,N/A,4.7,7096
2026-04-20 09:38:35,https://apps.apple.com/us/app/push-health-telehealth-app/id950510633,N/A,4.6,20973
2026-04-20 09:38:36,https://apps.apple.com/us/app/plushcare-online-doctor/id955183607,N/A,4.9,141062
2026-04-20 09:38:36,https://apps.apple.com/us/app/one-medical/id393507802,N/A,4.9,52771
2026-04-21 09:35:02,https://apps.apple.com/us/app/hims-telehealth-for-men/id1455690574,N/A,4.8,85329
2026-04-21 09:35:02,https://apps.apple.com/us/app/hers-womens-healthcare/id1623878709,N/A,4.6,10659
2026-04-21 09:35:02,https://apps.apple.com/us/app/ro/id1585858911,N/A,4.7,7122
2026-04-21 09:35:03,https://apps.apple.com/us/app/push-health-telehealth-app/id950510633,N/A,4.6,20983
2026-04-21 09:35:03,https://apps.apple.com/us/app/plushcare-online-doctor/id955183607,N/A,4.9,141074
2026-04-21 09:35:03,https://apps.apple.com/us/app/one-medical/id393507802,N/A,4.9,52791
2026-04-22 09:35:11,https://apps.apple.com/us/app/hims-telehealth-for-men/id1455690574,N/A,4.8,85384
2026-04-22 09:35:11,https://apps.apple.com/us/app/hers-womens-healthcare/id1623878709,N/A,4.6,10669
2026-04-22 09:35:11,https://apps.apple.com/us/app/ro/id1585858911,N/A,4.7,7152
2026-04-22 09:35:11,https://apps.apple.com/us/app/push-health-telehealth-app/id950510633,N/A,4.6,20987
2026-04-22 09:35:12,https://apps.apple.com/us/app/plushcare-online-doctor/id955183607,N/A,4.9,141105
2026-04-22 09:35:12,https://apps.apple.com/us/app/one-medical/id393507802,N/A,4.9,52813
2026-04-23 09:36:17,https://apps.apple.com/us/app/hims-telehealth-for-men/id1455690574,N/A,4.8,85446
2026-04-23 09:36:17,https://apps.apple.com/us/app/hers-womens-healthcare/id1623878709,N/A,4.6,10688
2026-04-23 09:36:18,https://apps.apple.com/us/app/ro/id1585858911,N/A,4.7,7187
2026-04-23 09:36:18,https://apps.apple.com/us/app/push-health-telehealth-app/id950510633,N/A,4.6,20990
2026-04-23 09:36:19,https://apps.apple.com/us/app/plushcare-online-doctor/id955183607,N/A,4.9,141141
2026-04-23 09:36:19,https://apps.apple.com/us/app/one-medical/id393507802,N/A,4.9,52832
2026-04-24 09:36:29,https://apps.apple.com/us/app/hims-telehealth-for-men/id1455690574,N/A,4.8,85515
2026-04-24 09:36:29,https://apps.apple.com/us/app/hers-womens-healthcare/id1623878709,N/A,4.6,10703
2026-04-24 09:36:30,https://apps.apple.com/us/app/ro/id1585858911,N/A,4.7,7229
2026-04-24 09:36:30,https://apps.apple.com/us/app/push-health-telehealth-app/id950510633,N/A,4.6,20994
2026-04-24 09:36:30,https://apps.apple.com/us/app/plushcare-online-doctor/id955183607,N/A,4.9,141170
2026-04-24 09:36:31,https://apps.apple.com/us/app/one-medical/id393507802,N/A,4.9,52868
2026-04-25 09:20:50,https://apps.apple.com/us/app/hims-telehealth-for-men/id1455690574,N/A,4.8,85570
2026-04-25 09:20:51,https://apps.apple.com/us/app/hers-womens-healthcare/id1623878709,N/A,4.6,10725
2026-04-25 09:20:51,https://apps.apple.com/us/app/ro/id1585858911,N/A,4.7,7266
2026-04-25 09:20:52,https://apps.apple.com/us/app/push-health-telehealth-app/id950510633,N/A,4.6,21004
2026-04-25 09:20:52,https://apps.apple.com/us/app/plushcare-online-doctor/id955183607,N/A,4.9,141190
2026-04-25 09:20:53,https://apps.apple.com/us/app/one-medical/id393507802,N/A,4.9,52885
2026-04-26 09:22:37,https://apps.apple.com/us/app/hims-telehealth-for-men/id1455690574,N/A,4.8,85623
2026-04-26 09:22:38,https://apps.apple.com/us/app/hers-womens-healthcare/id1623878709,N/A,4.6,10732
2026-04-26 09:22:38,https://apps.apple.com/us/app/ro/id1585858911,N/A,4.7,7298
2026-04-26 09:22:39,https://apps.apple.com/us/app/push-health-telehealth-app/id950510633,N/A,4.6,21009
2026-04-26 09:22:39,https://apps.apple.com/us/app/plushcare-online-doctor/id955183607,N/A,4.9,141223
2026-04-26 09:22:40,https://apps.apple.com/us/app/one-medical/id393507802,N/A,4.9,52900
2026-04-27 09:49:26,https://apps.apple.com/us/app/hims-telehealth-for-men/id1455690574,N/A,4.8,85676
2026-04-27 09:49:26,https://apps.apple.com/us/app/hers-womens-healthcare/id1623878709,N/A,4.6,10746
2026-04-27 09:49:27,https://apps.apple.com/us/app/ro/id1585858911,N/A,4.7,7320
2026-04-27 09:49:27,https://apps.apple.com/us/app/push-health-telehealth-app/id950510633,N/A,4.6,21014
2026-04-27 09:49:27,https://apps.apple.com/us/app/plushcare-online-doctor/id955183607,N/A,4.9,141239
2026-04-27 09:49:28,https://apps.apple.com/us/app/one-medical/id393507802,N/A,4.9,52924
2026-04-28 09:49:55,https://apps.apple.com/us/app/hims-telehealth-for-men/id1455690574,N/A,4.8,85733
2026-04-28 09:49:56,https://apps.apple.com/us/app/hers-womens-healthcare/id1623878709,N/A,4.6,10757
2026-04-28 09:49:56,https://apps.apple.com/us/app/ro/id1585858911,N/A,4.7,7351
2026-04-28 09:49:56,https://apps.apple.com/us/app/push-health-telehealth-app/id950510633,N/A,4.6,21019
2026-04-28 09:49:56,https://apps.apple.com/us/app/plushcare-online-doctor/id955183607,N/A,4.9,141245
2026-04-28 09:49:57,https://apps.apple.com/us/app/one-medical/id393507802,N/A,4.9,52951
2026-04-29 09:44:46,https://apps.apple.com/us/app/hims-telehealth-for-men/id1455690574,N/A,4.8,85748
2026-04-29 09:44:46,https://apps.apple.com/us/app/hers-womens-healthcare/id1623878709,N/A,4.6,10764
2026-04-29 09:44:46,https://apps.apple.com/us/app/ro/id1585858911,N/A,4.7,7359
2026-04-29 09:44:46,https://apps.apple.com/us/app/push-health-telehealth-app/id950510633,N/A,4.6,21019
2026-04-29 09:44:47,https://apps.apple.com/us/app/plushcare-online-doctor/id955183607,N/A,4.9,141251
2026-04-29 09:44:47,https://apps.apple.com/us/app/one-medical/id393507802,N/A,4.9,52954
2026-04-30 09:44:14,https://apps.apple.com/us/app/hims-telehealth-for-men/id1455690574,N/A,4.8,85854
2026-04-30 09:44:14,https://apps.apple.com/us/app/hers-womens-healthcare/id1623878709,N/A,4.6,10786
2026-04-30 09:44:15,https://apps.apple.com/us/app/ro/id1585858911,N/A,4.7,7416
2026-04-30 09:44:15,https://apps.apple.com/us/app/push-health-telehealth-app/id950510633,N/A,4.6,21031
2026-04-30 09:44:15,https://apps.apple.com/us/app/plushcare-online-doctor/id955183607,N/A,4.9,141299
2026-04-30 09:44:15,https://apps.apple.com/us/app/one-medical/id393507802,N/A,4.9,52997
2026-05-01 09:36:01,https://apps.apple.com/us/app/hims-telehealth-for-men/id1455690574,N/A,N/A,N/A
2026-05-01 09:36:02,https://apps.apple.com/us/app/hers-womens-healthcare/id1623878709,N/A,4.6,10798
2026-05-01 09:36:02,https://apps.apple.com/us/app/ro/id1585858911,N/A,4.7,7446
2026-05-01 09:36:02,https://apps.apple.com/us/app/push-health-telehealth-app/id950510633,N/A,4.6,21036
2026-05-01 09:36:03,https://apps.apple.com/us/app/plushcare-online-doctor/id955183607,N/A,4.9,141320
2026-05-01 09:36:03,https://apps.apple.com/us/app/one-medical/id393507802,N/A,4.9,53021
2026-05-02 09:27:25,https://apps.apple.com/us/app/hims-telehealth-for-men/id1455690574,N/A,4.8,85966
2026-05-02 09:27:25,https://apps.apple.com/us/app/hers-womens-healthcare/id1623878709,N/A,4.6,10810
2026-05-02 09:27:26,https://apps.apple.com/us/app/ro/id1585858911,N/A,4.8,7471
2026-05-02 09:27:26,https://apps.apple.com/us/app/push-health-telehealth-app/id950510633,N/A,4.6,21043
2026-05-02 09:27:27,https://apps.apple.com/us/app/plushcare-online-doctor/id955183607,N/A,4.9,141346
2026-05-02 09:27:27,https://apps.apple.com/us/app/one-medical/id393507802,N/A,4.9,53035
2026-05-03 09:32:32,https://apps.apple.com/us/app/hims-telehealth-for-men/id1455690574,N/A,4.8,86026
2026-05-03 09:32:32,https://apps.apple.com/us/app/hers-womens-healthcare/id1623878709,N/A,4.6,10827
2026-05-03 09:32:32,https://apps.apple.com/us/app/ro/id1585858911,N/A,4.8,7495
2026-05-03 09:32:33,https://apps.apple.com/us/app/push-health-telehealth-app/id950510633,N/A,4.6,21048
2026-05-03 09:32:33,https://apps.apple.com/us/app/plushcare-online-doctor/id955183607,N/A,4.9,141379
2026-05-03 09:32:33,https://apps.apple.com/us/app/one-medical/id393507802,N/A,4.9,53053
2026-05-04 09:49:39,https://apps.apple.com/us/app/hims-telehealth-for-men/id1455690574,N/A,4.8,86075
2026-05-04 09:49:39,https://apps.apple.com/us/app/hers-womens-healthcare/id1623878709,N/A,4.6,10841
2026-05-04 09:49:40,https://apps.apple.com/us/app/ro/id1585858911,N/A,4.8,7522
2026-05-04 09:49:40,https://apps.apple.com/us/app/push-health-telehealth-app/id950510633,N/A,4.6,21050
2026-05-04 09:49:41,https://apps.apple.com/us/app/plushcare-online-doctor/id955183607,N/A,4.9,141403
2026-05-04 09:49:41,https://apps.apple.com/us/app/one-medical/id393507802,N/A,4.9,53069
2026-05-05 09:40:00,https://apps.apple.com/us/app/hims-telehealth-for-men/id1455690574,N/A,4.8,86125
2026-05-05 09:40:01,https://apps.apple.com/us/app/hers-womens-healthcare/id1623878709,N/A,4.6,10849
2026-05-05 09:40:01,https://apps.apple.com/us/app/ro/id1585858911,N/A,4.8,7544
2026-05-05 09:40:02,https://apps.apple.com/us/app/push-health-telehealth-app/id950510633,N/A,4.6,21056
2026-05-05 09:40:02,https://apps.apple.com/us/app/plushcare-online-doctor/id955183607,N/A,4.9,141424
2026-05-05 09:40:02,https://apps.apple.com/us/app/one-medical/id393507802,N/A,4.9,53091
2026-05-06 09:50:19,https://apps.apple.com/us/app/hims-telehealth-for-men/id1455690574,N/A,4.8,86186
2026-05-06 09:50:19,https://apps.apple.com/us/app/hers-womens-healthcare/id1623878709,N/A,4.6,10865
2026-05-06 09:50:20,https://apps.apple.com/us/app/ro/id1585858911,N/A,4.8,7573
2026-05-06 09:50:20,https://apps.apple.com/us/app/push-health-telehealth-app/id950510633,N/A,4.6,21065
2026-05-06 09:50:20,https://apps.apple.com/us/app/plushcare-online-doctor/id955183607,N/A,4.9,141454
2026-05-06 09:50:20,https://apps.apple.com/us/app/one-medical/id393507802,N/A,4.9,53109
2026-05-07 09:53:17,https://apps.apple.com/us/app/hims-telehealth-for-men/id1455690574,N/A,4.8,86241
2026-05-07 09:53:17,https://apps.apple.com/us/app/hers-womens-healthcare/id1623878709,N/A,4.6,10880
2026-05-07 09:53:18,https://apps.apple.com/us/app/ro/id1585858911,N/A,4.8,7596
2026-05-07 09:53:18,https://apps.apple.com/us/app/push-health-telehealth-app/id950510633,N/A,4.6,21070
2026-05-07 09:53:19,https://apps.apple.com/us/app/plushcare-online-doctor/id955183607,N/A,4.9,141467
2026-05-07 09:53:19,https://apps.apple.com/us/app/one-medical/id393507802,N/A,4.9,53140
2026-05-08 09:36:18,https://apps.apple.com/us/app/hims-telehealth-for-men/id1455690574,N/A,4.8,86292
2026-05-08 09:36:18,https://apps.apple.com/us/app/hers-womens-healthcare/id1623878709,N/A,4.6,10898
2026-05-08 09:36:19,https://apps.apple.com/us/app/ro/id1585858911,N/A,4.8,7625
2026-05-08 09:36:19,https://apps.apple.com/us/app/push-health-telehealth-app/id950510633,N/A,4.6,21075
2026-05-08 09:36:19,https://apps.apple.com/us/app/plushcare-online-doctor/id955183607,N/A,4.9,141478
2026-05-08 09:36:19,https://apps.apple.com/us/app/one-medical/id393507802,N/A,4.9,53170
2026-05-09 09:33:39,https://apps.apple.com/us/app/hims-telehealth-for-men/id1455690574,N/A,4.8,86639
2026-05-09 09:33:39,https://apps.apple.com/us/app/hers-womens-healthcare/id1623878709,N/A,4.6,10978
2026-05-09 09:33:40,https://apps.apple.com/us/app/ro/id1585858911,N/A,4.8,7827
2026-05-09 09:33:40,https://apps.apple.com/us/app/push-health-telehealth-app/id950510633,N/A,4.6,21108
2026-05-09 09:33:41,https://apps.apple.com/us/app/plushcare-online-doctor/id955183607,N/A,4.9,141644
2026-05-09 09:33:41,https://apps.apple.com/us/app/one-medical/id393507802,N/A,4.9,53276
2026-05-10 09:33:29,https://apps.apple.com/us/app/hims-telehealth-for-men/id1455690574,N/A,4.8,86710
2026-05-10 09:33:30,https://apps.apple.com/us/app/hers-womens-healthcare/id1623878709,N/A,4.6,11005
2026-05-10 09:33:30,https://apps.apple.com/us/app/ro/id1585858911,N/A,4.8,7856
2026-05-10 09:33:31,https://apps.apple.com/us/app/push-health-telehealth-app/id950510633,N/A,4.6,21111
2026-05-10 09:33:31,https://apps.apple.com/us/app/plushcare-online-doctor/id955183607,N/A,4.9,141671
2026-05-10 09:33:31,https://apps.apple.com/us/app/one-medical/id393507802,N/A,4.9,53303
2026-05-11 10:17:19,https://apps.apple.com/us/app/hims-telehealth-for-men/id1455690574,N/A,4.8,86786
2026-05-11 10:17:19,https://apps.apple.com/us/app/hers-womens-healthcare/id1623878709,N/A,4.6,11026
2026-05-11 10:17:20,https://apps.apple.com/us/app/ro/id1585858911,N/A,4.8,7887
2026-05-11 10:17:20,https://apps.apple.com/us/app/push-health-telehealth-app/id950510633,N/A,4.6,21113
2026-05-11 10:17:21,https://apps.apple.com/us/app/plushcare-online-doctor/id955183607,N/A,4.9,141708
2026-05-11 10:17:21,https://apps.apple.com/us/app/one-medical/id393507802,N/A,4.9,53327
